country,stateprovince,county,collectioncode,catalognumber,locality,scientificname,decimallatitude,decimallongitude,daycollected,monthcollected,yearcollected
Brasil,Estado de Sao Paulo,Luis Antonio,LIRP,5105,"Rio Mogi-Guaçú, próximo à Estação ecológica de Jataí",Characidium sp.,-21.6122222,-47.8191667,08,10,2004
Brasil,Estado de Goias,Catalao,LIRP,3378,"Córrego da Anta Gorda, junto à ponte na estrada de terra",Characidium sp.,-17.8819444,-47.6169444,25,04,2002
Brasil,Estado de Rondonia,Machadinho D'Oeste,LIRP,13163,Lagoa marginal localizada a jusante da balsa,Characidium cf. pteroides,-9.0474444,-61.5674361,13,07,2013
Brasil,Estado de Mato Grosso,Paranatinga,LIRP,3994,"Riacho na estrada da fazenda JB, saindo à esquerda na MT- 130",Characidium sp.,-14.5958333,-54.0311111,19,01,2002
Brasil,Estado de Mato Grosso,Pocone,LIRP,9481,"Rio Cuiabá, Parque Nacional do Pantanal",Characidium laterale,-17.827158,-57.381494000000004,29,10,2011
Brasil,Estado de Sao Paulo,Olimpia,LIRP,2509,"Córrego das Laranjeiras, Faz. Três Corações, sub-bacia do Turvo-Grande TUG054",Characidium gomesi,-20.7363889,-49.0472222,15,07,2001
Brasil,Estado de Mato Grosso do Sul,Bodoquena,LIRP,5549,"Rio Salobra, Faz. Rancho Branco, sob ponte de madeira.",Characidium cf. zebra,-20.5386009216309,-56.7150001525879,22,08,2004
Brasil,Estado de Sao Paulo,Cajuru,LIRP,10,"Rio Cubatão, fazenda Santa Carlota, Rio Pardo",Characidium fasciatum,-21.3666667,-47.2833333,13,04,1986
Brasil,Estado de Sao Paulo,Luis Antonio,LIRP,1974,"Estação Ecológica de Jataí, Córrego do Cafundó, afl. do Mogi-Guaçú",Characidium sp.,-21.5499992370605,-47.7000007629395,15,06,2000
Brasil,Estado de Sao Paulo,Lins,LIRP,2525,"Córrego do Desfiladeiro, Faz. Santa Marina, sub-bacia do Rio Aguapeí - AGP014",Characidium zebra,-21.7325,-49.8363889,01,04,2000
Brasil,Estado de Sao Paulo,Gaviao Peixoto,LIRP,7604,Rio Jacaré-Guaçu,Characidium gomesi,-21.8461111,-48.5244444,04,01,2010
Brasil,Estado de Mato Grosso do Sul,Bela Vista,LIRP,5529,"Rio Caracol, na ponte da BR-267",Characidium cf. zebra,-21.6813889,-56.7630556,31,08,2004
Brasil,Estado de Mato Grosso,Alto Araguaia,LIRP,4493,"Córrego do Sapo, acima da cachoeira de Couto Magalhães",Characidium sp.,-17.3146991729736,-53.2153015136719,07,08,2002
Brasil,Estado de Sao Paulo,Monte Aprazivel,LIRP,2529,"Córrego Gabiroba, sub-bacia do Rio São José dos Dourados SJD001",Characidium zebra,-20.6252778,-49.765,25,07,1999
Brasil,Estado de Goias,Catalao,LIRP,3624,"Córrego da Prata, afluente do Rio São Marcos",Characidium sp.,-17.7905556,-47.5966667,26,07,2002
Brasil,Estado de Sao Paulo,Pompeia,LIRP,6215,Ribeirão Guavira-Rio do Peixe,Characidium sp.,-20.1669444,-50.2361111,13,10,2003
Brasil,Estado de Sao Paulo,Cassia Dos Coqueiros,LIRP,824,Ribeirão da Boiada (afl. da margem direita do Rio Pardo),Characidium gomesi,-21.2944444,-47.1469444,15,02,2001
Brasil,Estado de Mato Grosso,Sapezal,LIRP,15080,"PCH Parecis, Rio Juruena",Characidium sp.,-13.0788889,-58.9641667,01,11,2007
Brasil,Estado de Mato Grosso,Alto Araguaia,LIRP,4473,"Córrego Carneiro, bacia do Rio Araguaia",Characidium sp.,-17.3146991729736,-53.2153015136719,09,08,2002
Brasil,Estado de Sao Paulo,Ubatuba,LIRP,17566,"Rio Iriri, afluente s/ nome; Ubatumirim, ponto Impactado 01",Characidium vidali,-23.292556,-44.869833,26,03,2019
Brasil,Estado de Mato Grosso do Sul,Bela Vista,LIRP,5548,"Rio Azul, Fazenda Margarida",Characidium cf. zebra,-21.6372222,-56.7363889,30,08,2004
Brasil,Estado de Sao Paulo,Sao Pedro,LIRP,2533,"Ribeirão da Ponta do Meio, Faz. Sta. M. da Ponta do Meio, sub-bacia PCJ043",Characidium zebra,-22.5575,-47.9522222,29,05,2001
Brasil,Estado de Mato Grosso do Sul,Bonito,LIRP,5532,"Córrego Olaria, afluente do Rio do Peixe, sob a ponte da vicinal MS-178",Characidium cf. zebra,-21.1210994720459,-56.4818992614746,22,08,2004
Brasil,Estado de Sao Paulo,Ubatuba,LIRP,17674,"Rio Iriri, afluente s/ nome; Ubatumirim, ponto Preservado 03",Characidium vidali,-23.301944,-44.900278,31,03,2019
Brasil,Estado de Mato Grosso,Sapezal,LIRP,18407,"Rio Juruena, PCH Telegráfica",Characidium sp.,-12.8497222,-58.9266667,01,04,2014
Brasil,Estado de Sao Paulo,Sao Simao,LIRP,324,Ribeirão Tamanduá,Characidium sp.,-21.4699993133545,-47.5499992370605,01,05,1998
Brasil,Estado de Mato Grosso do Sul,Chapadao Do Sul,LIRP,5923,"Rio Sucuriu, início da corredeira, na PCH de Paraíso",Characidium cf. zebra,-19.2469444,-52.8927778,26,08,2006
Brasil,Estado de Sao Paulo,Guaira,LIRP,2506,"Córrego de Guaíra, Faz. Santo Inácio, sub-bacia do baixo Pardo-Grande - PAG059",Characidium aff. lagosantensis,-20.1972222,-48.5533333,13,10,2001
Brasil,Estado de Sao Paulo,Osvaldo Cruz,LIRP,2519,"Córrego XXX, Faz. São Manoel. Sub-bacia do Rio Aguapeí - AGP016",Characidium zebra,-21.7313889,-50.8411111,03,04,2000
Brasil,Estado de Sao Paulo,Santa Rita Do Passa Quatro,LIRP,3155,"Aire Pé de Gigante, Córrego Paulicéia, Afluente do Rio Mogi-Guaçú",Characidium gomesi,-21.6827778,-47.6572222,30,10,2001
Brasil,Estado de Sao Paulo,Cajuru,LIRP,160,"Rio Cubatão, fazenda Santa Carlota, Rio Pardo",Characidium fasciatum,-21.3666667,-47.2833333,07,11,1989
Brasil,Estado de Mato Grosso,Campos De Julio,LIRP,12307,"Rio Formiga, PCH Divisa",Characidium zebra,-13.3672222222,-59.1433333333,01,08,2011
Brasil,Estado de Sao Paulo,Guaira,LIRP,2535,"Córrego do Jacareí, Faz. Bom Sucesso, sub-bacia do baixo Pardo-Grande - PAG060",Characidium zebra,-20.3963889,-48.4155556,14,10,2001
Brasil,Estado de Minas Gerais,Iguatama,LIRP,18252,Ribeirão São Miguel,Characidium sp.,-20.1999444444,-45.6525,21,03,2004
Brasil,Estado de Sao Paulo,Divinolandia,LIRP,5754,"Rio do Peixe (montante), chácara Santa Edwiges",Characidium gomesi,-21.6599998474121,-46.7299995422363,11,09,2005
Brasil,Estado de Minas Gerais,Bom Repouso,LIRP,17356,"Cabeceira do Rio Mogi-Guaçu, CAB16",Characidium gomesi,-22.4138888889,-46.1044444444,16,08,2014
Brasil,Estado do Espirito Santo,Iuna,LIRP,17558,"Bacia do Rio Itapemirim,Córrego dos Pilões, afluente do Rio Santa Clara, zona rural de Pedra Roxa",Characidium sp.,-20.3653611111,-41.7458333333,14,03,2020
NA,NA,NA,LIRP,13819,Approximately 22 km S + E of Nanuque At Santa Clara On Rio Mucuri. Side Branch of Main River Channel In Vic. of Numerous Rapids. (Coordinates Are For Nanuque.),Characidium sp.,-17.85,-40.37,23,07,1991
Brasil,Estado de Mato Grosso,Primavera Do Leste,LIRP,3984,"Córrego Xavante, sob a ponte na MT- 130, próximo a Paranatinga.",Characidium sp.,-14.7180556,-54.0769444,18,01,2002
Brasil,Estado de Mato Grosso,Sapezal,LIRP,15076,"Rio Juruena, PCH Telegráfica",Characidium sp.,-12.8497222,-58.9266667,01,06,2007
Brasil,Estado de Rondonia,Machadinho D'Oeste,LIRP,10424,"Cachoeira das Andorinhas, Rio Machadinho, afluente do Rio Machado",Characidium cf. zebra,-9.4461111111,-61.9836111111,16,09,2013
Brasil,Estado de Mato Grosso,Campos De Julio,LIRP,15067,"Rio Formiga, PCH Divisa - a jusante do reservatório",Characidium sp.,-13.3497222222,-55.1533333333,01,08,2013
Brasil,Estado de Mato Grosso,Campo Verde,LIRP,3863,"Rio Água Azul, na estrada de terra",Characidium mirim,-15.2716667,-54.9672222,17,01,2002
Brasil,Estado de Mato Grosso do Sul,Bela Vista,LIRP,5520,"Fazenda Margarida, lagoa à beira da estrada interna",Characidium cf. zebra,-21.625,-56.7427778,30,08,2004
Brasil,Estado de Sao Paulo,Ilha do Cardoso,LIRP,3166,Rio Santa Cruz,Characidium sp.,0,0,31,07,2001
Brasil,Estado de Mato Grosso do Sul,Santa Gabriela,LIRP,4644,Rio Paraná,Characidium sp.,0,0,04,02,2003
Brasil,Estado de Mato Grosso do Sul,Bonito,LIRP,5542,"Córrego Mutum, Fazenda Fortaleza (atrás da sede)",Characidium borellii,-21.3008333,-56.4358333,19,08,2004
Brasil,Estado de Mato Grosso do Sul,Bonito,LIRP,5547,"Nascente do Rio Formoso, Fazenda Formoso. Obs. Localidade tipo de Ancistrus formoso",Characidium cf. zebra,-21.1210994720459,-56.4818992614746,20,08,2004
Brasil,Estado de Goias,Mambai,LIRP,12511,"Rio Vermelho à jusante, antes do encontro com o Rio das Pedras",Characidium cf. xanthopterum,-14.6105277778,-46.7532777778,13,12,2014
Brasil,Estado de Mato Grosso,Pocone,LIRP,9488,"Corixo do Morro do Caracará, Parque Nacional do Pantanal",Characidium laterale,-17.847903,-57.439897,18,10,2011
Brasil,Estado de Sao Paulo,Luiz Antonio,LIRP,8251,"Lagoa do Diogo, Estação Ecológica de Jataí",Characidium zebra,-21.6241667,-47.8066667,13,09,2011
Brasil,Estado de Goias,Catalao,LIRP,3375,"Córrego Taquari, a jus. da ponte na estr. de terra",Characidium sp.,-17.7186111,-47.5738889,24,04,2002
Brasil,Estado de Mato Grosso do Sul,Bonito,LIRP,5540,"Rio da Prata, Fazenda Sta. Maria,1,5km a montante da ponte na MS-178, 12 km de BDQ001 (entre os municípios de Bonito e Jardim)",Characidium cf. zebra,-21.4383333,-56.4666667,19,08,2004
Brasil,Estado de Goias,Mambai,LIRP,12501,Ponte sobre o Córrego Jataí,Characidium cf. xanthopterum,-14.5855555556,-46.1251944444,13,12,2014
Brasil,Estado de Sao Paulo,Marapoama,LIRP,5742,"Rio Cubatão, ponte entre Elisiário e Marapoama",Characidium zebra,-21.1930556,-49.1227778,14,07,2004
Brasil,Estado de Mato Grosso,Sapezal,LIRP,15068,"PCH Parecis, Rio Juruena",Characidium sp.,-13.0786111,-58.9683333,01,08,2008
Brasil,Estado de Sao Paulo,Orindiúva/Palestina,LIRP,2522,"Córrego dos Bois, sub-bacia do Turvo-Grande - TUG052",Characidium zebra,-20.2466667,-49.4122222,13,07,2001
Brasil,Estado de Mato Grosso,Campos De Julio,LIRP,15066,"Rio Formiga, PCH Divisa - a jusante do reservatório",Characidium sp.,-13.3497222222,-55.1533333333,01,04,2013
Brasil,Estado de Mato Grosso,Pocone,LIRP,9482,"Baía do Burro, Parque Nacional do Pantanal",Characidium laterale,-17.831025,-57.395228,29,10,2011
Brasil,Estado de Sao Paulo,Iporanga,LIRP,3454,"Rio das Mortes, parque estadual de Intervales",Characidium sp.,-24.5799999237061,-48.5900001525879,20,08,2001
Brasil,Estado de Mato Grosso do Sul,Bodoquena,LIRP,5543,"Rio Salobra, Faz. Rancho Branco, sob ponte de madeira.",Characidium cf. zebra,-20.5386009216309,-56.7150001525879,22,08,2004
Brasil,Estado de Sao Paulo,Franca,LIRP,6239,"Rio Canoas, Estrada do Paiolzinho",Characidium sp.,-20.5300006866455,-47.4000015258789,23,08,2003
Brasil,Estado de Goias,Catalao,LIRP,3626,"Córrego da Prata, afluente do Rio São Marcos",Characidium sp.,-17.7905556,-47.5966667,26,07,2002
Brasil,Estado de Mato Grosso do Sul,Bela Vista,LIRP,5636,"Córrego timbó, Fazenda Margarida",Characidium borellii,-21.6069444,-56.7911111,31,08,2004
Brasil,Estado do Espirito Santo,Ibitirama,LIRP,17775,"Rio Sta. Clara, Córrego Caldeirão; Distrito Santa Marta, ponto Preservado 02",Characidium sp.,-20.48525,-41.717056,16,03,2020
Brasil,Estado de Minas Gerais,Presidente Olegario,LIRP,3221,"Fazenda Devaneio, Córrego São João, afluente do Rio da Prata",Characidium sp.,-18.3666667,-46.0833333,24,12,2001
Brasil,Estado de Sao Paulo,Piquerobi,LIRP,2521,"Córrego do Arco, Faz. Boa Vista, sub-bacia do Rio do Peixe - PEX024",Characidium zebra,-21.7630556,-51.5905556,30,05,2000
Brasil,Estado de Sao Paulo,Sao Simao,LIRP,1997,"Cabeceira do Ribeirão Tamanduá (Assombração), afluente direto do Rio Pardo",Characidium sp.,-21.5,-47.5666667,01,03,1989
Brasil,Estado de Minas Gerais,Carlos Chagas,LIRP,13790,Rio Mucuri approximately 9 km W of Town of Presidente Pena Along a Dirt Road On Fazenda Gaviao. Shallow Side Pool Off Main River Channel. (Coordinates Are For Presidente Pena.),Characidium sp.,-17.68,-40.92,19,07,1991
Brasil,Estado de Sao Paulo,Peruibe,LIRP,1000,Estação Ecológica da Juréia - Itatins,Characidium sp.,-24.3847222,-47.0188889,16,08,2000
Brasil,Estado de Minas Gerais,Salitre de Minas,LIRP,8134,"Córrego Bebedouro (afl. Ribeirão Salitre, bac. Rio Quebra-Anzol, sist. Rio Paranaíba), na região do Domo do Salitre I",Characidium gomesi,-19.0680556,-46.7872222,23,10,2006
Brasil,Estado de Pernambuco,NA,LIRP,3741,Açude do Porco no riacho Gravatá,Characidium sp.,-7.8727778,-39.9383333,18,07,2002
Brasil,Estado de Minas Gerais,Tocos Do Moji,LIRP,14842,Cabeceira do Rio Mogi-Guaçu - CAB01,Characidium gomesi,-22.3369444444,-46.1602777778,14,07,2015
Brasil,Estado de Sao Paulo,Cajuru,LIRP,76,"Rio Cubatão, fazenda Santa Carlota, Rio Pardo",Characidium gomesi,-21.3666667,-47.2833333,13,04,1986
Brasil,Estado de Mato Grosso,Barra Do Garcas,LIRP,6837,Rio das Garças,Characidium sp.,-16.0258333,-53.4313889,04,12,2007
Brasil,Estado de Mato Grosso do Sul,Bonito,LIRP,5550,"Rio Formoso, sob ponte estrada Bonito-Nascente do Formoso",Characidium cf. zebra,-21.2536111,-56.56,27,08,2004
Brasil,Estado de Minas Gerais,Paracatu,LIRP,9922,"Córrego da Cachoeirinha, junto à ponte de concreto e maderia em estrada de terra, próximo à Fazenda Beirute",Characidium sp.,-17.3377778,-47.3636111,01,11,2012
Brasil,Estado de Sao Paulo,Marapoama,LIRP,4622,"Usina Destil, Ribeirão Cubatão, Estrada Marapoama-ElisiaRio",Characidium zebra,-21.1930556,-49.1227778,10,02,2003
Brasil,Estado de Sao Paulo,Buritizal,LIRP,8211,"Bacia do Rio Parana, Córrego dos Buritis, Estância Véu das Noivas",Characidium zebra,-20.22,-47.7405556,29,05,2010
Brasil,Estado de Sao Paulo,Auriflama,LIRP,2510,"Córrego do Limoeiro, Fazenda Itapuã, sub-bacia Rio São José dosDourados SJD004",Characidium zebra,-20.5591667,-50.5916667,28,07,1999
Brasil,Estado de Sao Paulo,Cajuru,LIRP,65,"Córrego das Pedras, Rio Pardo",Characidium fasciatum,-21.4166667,-47.2666667,04,12,1986
Brasil,Estado de Mato Grosso do Sul,Bonito,LIRP,5612,"Córrego da Fazenda, na ponte da MS-345. Afl.doTaquaruçu-Jenipapo-Bacuri-Miranda",Characidium cf. zebra,-20.8944444,-56.3713889,04,09,2004
Brasil,Estado do Parana,Paranavai,LIRP,2518,"Cór. Sta Clara, Faz. Rancho Zinco e Cristo Rei, subbacia P. Paranapanema PPA030",Characidium zebra,-22.765,-52.4219444,08,08,2000
Brasil,Estado de Mato Grosso,Alto Garcas,LIRP,14001,"Rio das Mortes, Ribeirão Tesouro, Área alaga em comunicação com o rio.",Characidium sp.,-15.1727777778,-53.1775,10,02,2008
Brasil,Estado de Mato Grosso,Pocone,LIRP,9484,"Baía das Três Bocas, Parque Nacional do Pantanal",Characidium laterale,-17.858222,-57.476139,27,10,2011
Brasil,Estado de Mato Grosso do Sul,Costa Rica,LIRP,5922,Rio Sucuriu na fazenda Potreiro do Sucuriu (Ponte de pedra),Characidium cf. zebra,-18.9861111,-53.1694444,27,08,2006
Brasil,Estado de Mato Grosso,Sapezal,LIRP,15082,"PCH Parecis, Rio Juruena",Characidium sp.,-13.0786111,-58.9683333,06,11,2008
Brasil,Estado de Mato Grosso do Sul,Chapadao Do Sul,LIRP,4939,Córrego Pedra Azul,Characidium sp.,-18.7942008972168,-52.6227989196777,10,10,2003
Brasil,Estado de Tocantins,Bom Jesus Do Tocantins,LIRP,14359,"Córrego Boa Esperança, tributário do alto Rio Tocantins",Characidium sp.,-9.0941666667,-48.1836111111,29,09,2008
Brasil,Estado de Mato Grosso,Barra Do Garcas,LIRP,14361,"Rio das Mortes, Córrego da Forma, poço raso formado em laje de rocha",Characidium sp.,-15.4391666667,-53.1783333333,10,02,2008
Brasil,Estado de Mato Grosso do Sul,Bela Vista,LIRP,5551,"Córrego timbó, Fazenda Margarida",Characidium cf. zebra,-21.6069444,-56.7911111,31,08,2004
Brasil,Estado de Sao Paulo,Luis Antonio,LIRP,7376,"Lagoa do Diogo, lagoa marginal do Rio Mogi-Guaçú, Estação Ecologica de Jatai.",Characidium zebra,-21.6238889,-47.8061111,29,09,2009
Brasil,Estado de Mato Grosso do Sul,Bonito,LIRP,5535,"Rio Formoso, na chácara Morada do Rio (Angela e Liglauber), a aproximadamente 15 km da foz",Characidium cf. zebra,-21.0791667,-56.3391667,29,08,2004
Brasil,Estado de Sao Paulo,Luis Antonio,LIRP,347,"Lagoa do Diogo, Reserva de Jataí",Characidium sp.,-21.5499992370605,-47.7000007629395,23,08,1997
Brasil,Estado de Goias,Catalao,LIRP,3444,"Rio São Bento na fazenda Vitória, Chapadão da Anta Gorda",Characidium sp.,-17.7816667,-47.5327778,26,04,2002
Brasil,Estado do Rio de Janeiro,Itatiaia,LIRP,17690,"Riacho sem nome, afluente do Rio Campo Belo; Entorno Parque Nacional de Itatiaia, ponto Impactado 03",Characidium vidali,-23.301944,-44.900278,07,11,2019
Brasil,Estado de Mato Grosso do Sul,Bonito,LIRP,5552,"Córrego Chocolate, ponte na MS-345, a 22,8 km de Bonito",Characidium borellii,-20.9291667,-56.4327778,21,08,2004
Brasil,Estado da Bahia,Itaete,LIRP,758,"Olho d'água do Almerindo, af. Rio Una (af. Paraguassu), apx. 18Km SE de Andaraí",Characidium sp.,-12.9863996505737,-40.9724998474121,02,09,1991
Brasil,Estado de Sao Paulo,Guaira,LIRP,2515,"Córrego de Guaíra, Faz. Santo Inácio, sub-bacia do baixo Pardo-Grande - PAG059",Characidium zebra,-20.1972222,-48.5533333,13,10,2001
Brasil,Estado de Mato Grosso,Campo Verde,LIRP,3891,"Rio das Mortes, sob primeira ponte na estrad Campo Verde à Chapada dos Guimarães",Characidium sp.,-15.5052778,-55.2269444,17,01,2002
Brasil,Estado de Minas Gerais,Felixlandia,LIRP,4172,Cachoeira do Choro,Characidium fasciatum,-18.7581005096436,-44.8988990783691,27,06,2002
Brasil,Estado de Minas Gerais,Sacramento,LIRP,6228,"Corrego da Joana, Rio das Velhas (próximo à Desemboque)",Characidium sp.,-20.0577778,-46.9280556,10,07,2004
Brasil,Estado de Minas Gerais,Paracatu,LIRP,3593,"Ribeirão da Batalha, na Fazenda Batalha (Pedro Quaresma)",Characidium sp.,-17.4236111,-47.4530556,25,07,2002
Brasil,Estado de Minas Gerais,Presidente Olegario,LIRP,2057,"Ribeirão Quiricó, prox. a Galena",Characidium sp.,-18.4178009033203,-46.418098449707,13,10,2000
Brasil,Estado de Rondonia,Machadinho D'Oeste,LIRP,13589,Cachoeira Rio Juruá (Vila Tabajara),Characidium aff. zebra,-8.6969194,-62.3666,22,11,2013
Brasil,Estado de Sao Paulo,Guapiara,LIRP,1001,"Rio do Carmo, Parque Estadual Intervales",Characidium laurdi,-24.3066667,-48.4144444,13,09,2000
Brasil,Estado de Sao Paulo,Cajuru,LIRP,179,"Córrego Barro Branco, próximo a desembocadura no Rio Pardo, Fazenda Santa Carlota",Characidium fasciatum,-21.2666667,-47.35,24,03,1989
Brasil,Estado de Sao Paulo,Sao Simao,LIRP,323,Ribeirão Tamanduá,Characidium sp.,-21.4699993133545,-47.5499992370605,01,05,1998
Brasil,Estado de Sao Paulo,Ilha do Cardoso,LIRP,3168,Rio Santa Cruz,Characidium sp.,0,0,31,07,2001
Brasil,Estado de Goias,Campo Alegre De Goias,LIRP,3393,"Ribeirão Pirapitinga, próx. ao alambique da Faz. Pirapitinga",Characidium zebra,-17.8033333,-47.6986111,21,04,2002
Brasil,Estado de Mato Grosso,Tangara Da Serra,LIRP,8915,Córrego Estaca,Characidium zebra,-14.6547222,-57.4552778,11,04,2007
Brasil,Estado de Sao Paulo,Itanhaem,LIRP,15569,"Rio Preto, borda do charco de água preta, riacho de restinga proximo ao recanto Jeová Shalom",Characidium lanei,-24.21836,-46.93001,17,12,2017
Brasil,Estado de Sao Paulo,Ubatuba,LIRP,15314,"Rio Puruba, abaixo da ponte no km 24 da rodovia BR-101, ca. de 1,5km da desembocadura no Oceano Atlântico (Excursão da disciplina Biologia de Campo, Universidade de São Paulo, campus de Ribeirão Preto)",Characidium lanei,-23.3494444444,-44.9447222222,03,10,2017
Brasil,Estado de Tocantins,Pedro Afonso,LIRP,14360,"Córrego Curí, tributário do alto Rio Tocantins",Characidium sp.,-9.1338888889,-48.1911111111,29,09,2008
Brasil,Estado de Mato Grosso,Itiquira,LIRP,4954,"Ribeirão Ponta do Resolvido, próximo à Fazenda Santa Paula, afluente da margem direita do Rio Correntes, B. Piquiri",Characidium sp.,-17.2089004516602,-54.1502990722656,05,10,2003
Brasil,Estado de Sao Paulo,Olimpia,LIRP,2536,"Córrego das Laranjeiras, Faz. Três Corações, sub-bacia do Turvo-Grande TUG054",Characidium zebra,-20.7363889,-49.0472222,15,07,2001
Brasil,Estado do Parana,Morretes,LIRP,415,"Rio Sagrado, Rio Paranaguá",Characidium sp.,-25.45,-48.8666667,08,02,1988
Brasil,Estado de Minas Gerais,Bom Repouso,LIRP,14760,"Cabeceira do Rio Mogi-Guaçu, CAB16",Characidium gomesi,-22.4138888889,-46.1044444444,12,07,2015
Brasil,Estado de Mato Grosso,Sapezal,LIRP,15069,"Rio Juruena, PCH Sapezal",Characidium sp.,-13.2694444,-59.0238889,01,11,2007
Brasil,Estado de Sao Paulo,Ocaucu,LIRP,2524,"Córrego Santo Antonio, Faz. Ret. Santo Antonio, sub-bacia do Rio do Peixe PEX020",Characidium zebra,-22.3683333,-49.9141667,25,05,2000
Brasil,Estado da Bahia,Nova Lídice,LIRP,13773,"Rio Itanhem (Also Known As Rio Alcobaca), approximately 15 km W of Nova Lidice Off Ba-290. Side Part of Main River Channel, Just Below 2nd Set of Rapids Down River From Campsite.",Characidium sp.,-17.42,-40.07,16,07,1991
Brasil,Estado de Sao Paulo,Santo Andre,LIRP,5697,"Rio Grande, vila de Campo Grande",Characidium sp.,-23.7583333,-46.3408333,07,10,2005
Brasil,Estado de Mato Grosso,Tangara Da Serra,LIRP,8871,Córrego Formiga,Characidium cf. zebra,-14.5161111,-57.5897222,15,04,2007
Brasil,Estado de Sao Paulo,Salesopolis,LIRP,797,"Córrego atrás da casa de hóspedes, Estação Ecológica de Boracéia",Characidium sp.,-23.5300006866455,-45.8400001525879,21,04,2000
Brasil,Estado de Minas Gerais,Iguatama,LIRP,18249,Córrego desterro,Characidium sp.,-20.189196,-45.751655,20,03,2004
Brasil,Estado de Mato Grosso do Sul,Bonito,LIRP,5545,Alagado às margens do Córrego Anhumas e poção do sumidouro do Anhumas,Characidium cf. zebra,-21.0802778,-56.5969444,26,08,2004
Brasil,Estado de Mato Grosso do Sul,Bodoquena,LIRP,5637,"Córrego Seco, na ponte da linha do Salobra, assentamento Canaã",Characidium cf. zebra,-20.6786111,-56.7536111,02,09,2004
Brasil,Estado de Mato Grosso,Campos De Julio,LIRP,12330,"Rio Formiga, PCH Divisa",Characidium zebra,-13.3672222222,-59.1433333333,01,04,2014
Brasil,Estado de Sao Paulo,Gaviao Peixoto,LIRP,7603,Rio Jacaré-Guaçu,Characidium zebra,-21.8666667,-48.5244444,18,12,2009
Brasil,Estado de Sao Paulo,Buritizal,LIRP,8195,"Bacia do Rio Sapucai, Rio Ponte nova",Characidium zebra,-20.2488889,-47.755,29,05,2010
Brasil,Estado de Mato Grosso,Campo Verde,LIRP,3858,"Rio Água Azul, na estrada de terra",Characidium sp.,-15.2716667,-54.9672222,17,01,2002
Brasil,Estado de Mato Grosso do Sul,Bonito,LIRP,5527,"Córrego Mutum, sob a ponte na estrada Bonito-Guia Lopes, afluente do Rio Miranda",Characidium cf. zebra,-21.2633333,-56.2777778,25,08,2004
Brasil,Estado de Rondonia,Machadinho D'Oeste,LIRP,11179,Igarapé da Cruz (Vila Tabajara),Characidium cf. pteroides,-9.0275,-61.8132222,12,07,2013
Brasil,Estado de Minas Gerais,Sao Roque De Minas,LIRP,656,"Rio São Francisco, Fazenda Casca D'Anta",Characidium fasciatum,-20.5,-46.8333333,31,12,1995
Brasil,Minas Gerais,Ponto Chique,LIRP,12441,"Lagoa da Manteiga, cerca de 3 km a montante da área urbana de Ponto Chique, margem Leste do Rio São Francisco",Characidium lagosantense,-16.663889,-45.068333,21,10,2014
Brasil,Estado de Mato Grosso do Sul,Bonito,LIRP,5546,"Córrego Chocolate, ponte na MS-345, a 22,8 km de Bonito",Characidium cf. zebra,-20.9291667,-56.4327778,21,08,2004
Brasil,Estado de Mato Grosso,Tesouro,LIRP,6155,"Rio das Garças, a montante da futura AHE Foz do Bandeira. Lagoa marginal com comunicação na margem direita",Characidium sp.,-16.0792007446289,-53.5525016784668,26,06,2007
Brasil,Estado de Mato Grosso,Campos De Julio,LIRP,12298,"Rio Formiga, PCH Divisa - a jusante do reservatório",Characidium zebra,-13.3497222222,-55.1533333333,01,08,2013
Brasil,Estado de Minas Gerais,Jordania,LIRP,13881,"Tributary of Rio Jequitinhonha, approximately 15-20 km S of Jordania. Small Fast Flowing Stream Over Rocks and Forming Pools, Deriving From Grass Marsh Area. (Coordinates Are For Jordania.)",Characidium sp.,-15.9,-40.17,12,07,1991
Brasil,Estado de Goias,Catalao,LIRP,3559,"Rio São Bento na fazenda Vitória, Chapadão da Anta Gorda",Characidium sp.,-17.7816667,-47.5327778,26,07,2002
Brasil,Estado de Sao Paulo,Panorama,LIRP,8572,Córrego do Macaco,Characidium zebra,-21.47,-51.9163889,13,01,2009
Brasil,Estado de Sao Paulo,Ribeirao Corrente,LIRP,8239,"Córrego do Japão, na Fazenda Solapão",Characidium gomesi,-20.4086111,-47.625,10,07,2010
Brasil,Estado de Sao Paulo,Bertioga,LIRP,10947,Rio Perequê-mirim,Characidium schubarti,-23.729961,-45.934293,01,09,2013
Brasil,Estado de Sao Paulo,Barretos,LIRP,2517,"Córrego da Guanabara, Faz. Três Irmãos, sub-bacia do baixo Pardo-Grande PAG057",Characidium zebra,-20.4558333,-48.6183333,07,10,2001
Brasil,Estado de Sao Paulo,Ubatuba,LIRP,17609,"Rio Iriri, afluente s/ nome; Ubatumirim, ponto Preservado 03",Characidium vidali,-23.301944,-44.900278,31,03,2019
Brasil,Estado de Minas Gerais,Paracatu,LIRP,9985,Córrego da Cachoeirinha (afluente da margem esquerda do Rio São Marcos) junto a ponte em estrada de terra próximo a fazenda Beirute,Characidium sp.,-17.3377778,-47.3636111,20,05,2004
Brasil,Estado de Sao Paulo,Cajuru,LIRP,192,"Córrego das Pedras, Rio Pardo",Characidium gomesi,-21.4166667,-47.2666667,02,11,1991
Brasil,Estado de Mato Grosso,Sapezal,LIRP,15074,"Rio Juruena, PCH Telegráfica",Characidium sp.,-12.8497222,-58.9266667,01,06,2007
Brasil,Estado de Mato Grosso,Sapezal,LIRP,18476,"Rio Juruena, PCH Telegráfica",Characidium sp.,-12.8497222,-58.9266667,01,04,2014
Brasil,Estado de Minas Gerais,Paracatu,LIRP,3235,"Ribeirão da Batalha, na Fazenda Batalha (Pedro Quaresma)",Characidium sp.,-17.4236111,-47.4530556,27,04,2002
Brasil,Estado de Mato Grosso do Sul,Bodoquena,LIRP,5528,"Córrego Seco, na ponte da linha do Salobra, assentamento Canaã",Characidium borellii,-20.6786111,-56.7536111,02,09,2004
Brasil,Estado de Goias,Santa Rita Do Araguaia,LIRP,4475,"Areeiro do Rio Araguaia, acima da Cachoeira de Couto Magalhães",Characidium zebra,-17.3255996704102,-53.2052993774414,05,08,2002
Brasil,Estado de Sao Paulo,Ilha do Cardoso,LIRP,3172,Poço das Antas,Characidium sp.,0,0,02,08,2001
Brasil,Estado de Santa Catarina,Ibirama,LIRP,17540,"Bacia do Rio Itapemirim,Córrego Danta, afluente do Rio Santa Clara, Distrito Santa Marta",Characidium sp.,-20.4684722222,-41.7077222222,20,03,2020
Brasil,Estado de Goias,Campo Alegre De Goias,LIRP,3640,"Ribeirão Pirapitinga, próx. ao alambique da Faz. Pirapitinga",Characidium sp.,-17.8033333,-47.6986111,24,07,2002
Brasil,Estado de Sao Paulo,Cajuru,LIRP,153,Córrego das Pedras: Rio Pardo,Characidium fasciatum,-21.4166667,-47.2666667,31,12,1983
Brasil,Estado de Mato Grosso,Canarana,LIRP,3936,Confluência do Rib. do Cervo e do Córrego do Gato,Characidium sp.,-13.1538889,-51.9219444,21,01,2002
Brasil,Estado de Mato Grosso,Primavera Do Leste,LIRP,5285,"Córrego Xavante, na estrada que vai para a usina Culuene, saindo da MT- 130",Characidium xavante,-14.64,-53.9272222,18,01,2002
Brasil,Estado de Sao Paulo,Luis Antonio,LIRP,2013,"Rio Mogi-Guaçú, próximo à Estação ecológica de Jataí",Characidium sp.,-21.6122222,-47.8191667,07,11,2000
Brasil,Estado de Sao Paulo,Sao Simao,LIRP,10960,Rio Mogi Mirim,Characidium zebra,-21.5902778,-47.9536111,12,09,2013
Brasil,Estado de Sao Paulo,Caraguatatuba,LIRP,12192,Rio Cumburu; afluente do Rio Juqueriquere,Characidium pterostictum,-23.6413888889,-45.4969444444,27,04,2015
Brasil,Estado de Mato Grosso,Campos De Julio,LIRP,15083,"Rio Formiga, PCH Divisa",Characidium sp.,-13.3672222222,-59.1433333333,01,08,2012
Brasil,Estado de Sao Paulo,Ubatuba,LIRP,17582,"Rio Iriri, afluente s/ nome; Ubatumirim, ponto Impactado 03",Characidium vidali,-23.304444,-44.865556,29,03,2019
Brasil,Estado de Mato Grosso,Alto Araguaia,LIRP,4448,Cabeceiras do córrego Rico,Characidium sp.,-17.3146991729736,-53.2153015136719,08,08,2002
Brasil,Estado de Mato Grosso,Sapezal,LIRP,18810,"Rio Juruena, PCH Rondon",Characidium sp.,-12.9105556,-58.9180556,01,04,2014
Brasil,Estado de Sao Paulo,Cajuru,LIRP,42,"Fazenda Santa Carlota, Ribeirão sem nome ou Barra Branca, Rio Pardo",Characidium gomesi,-21.4833333,-47.2833333,14,11,1993
Brasil,Estado de Mato Grosso,Sapezal,LIRP,12387,"Rio Juruena, PCH Telegráfica",Characidium zebra,-12.8497222,-58.9266667,01,09,2015
Brasil,Estado de Sao Paulo,Luis Antonio,LIRP,8057,Lagoa do Diogo,Characidium zebra,-21.615,-47.8144444,21,09,2010
Brasil,Estado de Santa Catarina,Ibirama,LIRP,17544,"Bacia do Rio Itapemirim,Córrego Danta, afluente do Rio Santa Clara, Distrito Santa Marta",Characidium sp.,-20.4684722222,-41.7077222222,20,03,2020
Brasil,Estado de Mato Grosso do Sul,Bela Vista,LIRP,5539,"Rio Caracol, na ponte da BR-267",Characidium borellii,-21.6813889,-56.7630556,31,08,2004
Brasil,Estado de Sao Paulo,Teodoro Sampaio,LIRP,2513,Não especificada,Characidium zebra,-22.5080556,-52.4352778,06,08,2000
Brasil,Estado de Sao Paulo,Guara,LIRP,3516,"Córrego São José ou Bocaina, sub-bacia do Sapucaí-Grande - SPG064",Characidium zebra,-20.4888889,-47.7630556,24,03,2002
Brasil,Estado do Espirito Santo,Iuna,LIRP,17527,"Bacia do Rio Itapemirim, Rio Pedregulho, afluente do Rio Santa Clara, Santa Cruz Urupí.",Characidium sp.,-20.3481111111,-41.7287777778,19,03,2020
Brasil,Estado do Rio Grande do Sul,Osorio,LIRP,446,Rio Sanga Funda,Characidium sp.,-29.45,-50.1,12,02,1988
Brasil,Estado de Sao Paulo,Pariquera-Acu,LIRP,999,"Rio Pariquera-Mirim, Parque Estadual Campina do Encantado",Characidium sp.,-24.5505556,-47.7369444,16,08,2000
Brasil,Estado da Bahia,Nova Lídice,LIRP,13827,Rio Itanhem (Also Known As Alcobaca) approximately 15 km W of Nova Lidice Off Ba-290. Side Branch of Main River Channel W/ Large Deep and Shallow Pools and Rocky/Boulder Area; a Little Down River From 3.2. (Coordinates Are For Nova Lidice.),Characidium sp.,-17.42,-40.07,16,07,1991
Brasil,Estado de Mato Grosso,Tesouro,LIRP,6152,"Rio das Garças, a montante da futura AHE Foz do Bandeira. Lagoa marginal com comunicação na margem direita",Characidium sp.,-16.0792007446289,-53.5525016784668,26,06,2007
Brasil,Estado de Mato Grosso,Sapezal,LIRP,18809,"Rio Juruena, PCH Rondon",Characidium sp.,-12.9105556,-58.9180556,01,04,2014
Brasil,Estado de Sao Paulo,Luis Antonio,LIRP,9729,"Rio Mogi-Guaçú, próximo à Estação ecológica de Jataí",Characidium zebra,-21.6122222,-47.8247222,29,09,2012
Brasil,Estado de Sao Paulo,Cajuru,LIRP,7754,"Rio Tamanduá, Chácara Sonho Encantado",Characidium sp.,-21.2700004577637,-47.2999992370605,13,04,2008
Brasil,Estado de Goias,Catalao,LIRP,3258,"Córrego da Prata, afluente do Rio São Marcos",Characidium sp.,-17.7905556,-47.5966667,25,04,2002
Brasil,Estado de Sao Paulo,Leme,LIRP,5680,"Córrego do Sapezal, afluente da margem direita do ribeirão do Meio, afluente da margem esquerda do Rio Mogi-Guaçú",Characidium zebra,-22.0966667,-47.3108333,04,10,2005
Brasil,Estado de Sao Paulo,Ubatuba,LIRP,17615,"Rio Iriri, afluente s/ nome; Ubatumirim, ponto Impactado 01",Characidium lauroi,-23.292556,-44.869833,26,03,2019
Brasil,Estado de Mato Grosso do Sul,Bonito,LIRP,5526,"Córrego Seputá (carta) ou Três Morros (placa), afluente do Rio Perdido, na ponte da MS-382",Characidium cf. zebra,-21.0644444,-56.7408333,28,08,2004
Brasil,Estado de Sao Paulo,Ubatuba,LIRP,17616,"Rio Iriri, afluente s/ nome; Ubatumirim, ponto Impactado 01",Characidium lauroi,-23.292556,-44.869833,26,03,2019
Brasil,Estado de Tocantins,Porto Nacional,LIRP,11084,"Córrego dos Vidros, próximo da rodovia TO #?# 070, afluente da represa de Lageado, entre os distritos de Pinheirópolis e Brejinho de Nazaré",Characidium zebra,10.9558333,-48.5319444,01,05,2014
Brasil,Estado de Sao Paulo,Guapiacu,LIRP,2532,"Córretgo do Modesto, Estância Santa Rita. Sub-bacia do Turvo-Grande TUG053",Characidium zebra,-20.7311111,-49.2430556,14,07,2001
Brasil,Estado de Mato Grosso,Sapezal,LIRP,18403,"Rio Juruena, PCH Telegráfica",Characidium sp.,-12.8497222,-58.9266667,01,04,2014
Brasil,Estado do Rio de Janeiro,Itatiaia,LIRP,17713,"Rio Bonito, afluente do rio Campo Belo; Entorno Parque Nacional de Itatiaia, ponto Impactado 01",Characidium lauroi,-22.468611,-44.583306,02,11,2019
Brasil,Estado de Mato Grosso,Sapezal,LIRP,18786,"Rio Juruena, PCH Rondon",Characidium sp.,-12.9105556,-58.9180556,01,04,2014
Brasil,Estado de Mato Grosso do Sul,Bonito,LIRP,5530,"Rio Formoso, na chácara Morada do Rio (Angela e Liglauber), a aproximadamente 15 km da foz",Characidium cf. zebra,-21.0791667,-56.3391667,29,08,2004
Brasil,Mato Grosso,Paranaíta,CPUFMT,2629,"Rio Paranaíta, montante da Rodovia MT-206",Characidium aff. declivirostre,-9.61,-56.64,18,06,2012
Brasil,Pará,Itaituba,CPUFMT,2055,Rio das Arraias (Ponto05),Characidium aff. pteroides,-6.3898863834,-55.570788588,02,12,2013
Brasil,Mato Grosso,Santo Antônio do Leverger,CPUFMT,138,Área alagada as margens da estrada entre Santo Antonio do Levejer e Barão de Melgaço,Characidium aff zebra,-16.012222222,-55.9,10,05,2006
Brasil,Mato Grosso,Rondonópolis,CPUFMT,1592,Córrego Lourencinho (area urbano),Characidium aff. zebra,-16.302549,-54.371886,16,06,2011
Brasil,Mato Grosso,Rondonópolis,CPUFMT,1643,Corrego Escondidinho (area rural),Characidium aff. zebra,-16.262886,-54.405857,25,08,2010
Brasil,Mato Grosso,Rondonópolis,CPUFMT,1680,Córrego Queixada (area rural),Characidium aff. zebra,-16.251312,-54.392219,30,10,2010
Brasil,Mato Grosso,Rondonópolis,CPUFMT,1766,Corrego Macaco (area rural),Characidium aff. zebra,-16.244279,-54.371324,22,08,2010
Brasil,Mato Grosso,Rondonópolis,CPUFMT,1810,Córrego Queixada (area urbana),Characidium aff. zebra,-16.252268,-54.381328,25,09,2010
Brasil,Mato Grosso,Rondonópolis,CPUFMT,1816,Córrego Escondidinho (area urbano),Characidium aff. zebra,-16.283349,-54.405553,09,06,2011
Brasil,Mato Grosso,Rondonópolis,CPUFMT,1831,Córrego Lajeadinho (area rural),Characidium aff. zebra,-16.250322,-54.375566,02,06,2011
Brasil,Mato Grosso,Rondonópolis,CPUFMT,1847,Corrego Macaco (area urbano),Characidium aff. zebra,-16.252102,-54.370619,01,06,2011
Brasil,Mato Grosso,Rondonópolis,CPUFMT,1852,Córrego Macaco (area rural),Characidium aff. zebra,-16.244279,-54.371324,31,05,2011
Brasil,Mato Grosso,Rondonópolis,CPUFMT,1883,Corrego Escondidinho (area urbano),Characidium aff. zebra,-16.283349,-54.405553,25,08,2010
Brasil,Mato Grosso,Paranaíta,CPUFMT,2677,Rio São Benedito,Characidium aff. zebra,-9.105,-57.03286111,18,06,2012
Brasil,Mato Grosso,Barra do Garças,CPUFMT,2950,Córrego Cova,Characidium aff. zebra,-15.593472207,-52.252548966,18,11,2009
Brasil,Mato Grosso,Itiquira,CPUFMT,3160,Rio Itiquira,Characidium aff. zebra,-17.085277778,-54.928333333,11,08,2011
Brasil,Mato Grosso,Juara,CPUFMT,4143,Baixo Rio São João da Barra (jusante da junção),Characidium aff. zebra,-10.339147222,-57.680966667,07,08,2007
Brasil,Mato Grosso,N. S. do Livramento,CPUFMT,533,Baia dos Coqueiros,Characidium aff. zebra,-16.371805556,-56.29725,02,10,2008
Brasil,Mato Grosso,Juara,CPUFMT,799,Afluente do Rio Matrinxã,Characidium aff. zebra,-10.345811111,-57.676669444,06,08,2007
Brasil,Mato Grosso,Juara,CPUFMT,805,Alto Rio São João da Barra (Reservatório),Characidium aff. zebra,-10.350175,-57.717263889,08,08,2007
Brasil,Mato Grosso,Araguaiana,CPUFMT,894,"Fazenda São Carlos, BR158, Km39, Rio Capão Bonito, afluente do rio Correntes",Characidium cf. diclivirostre,-15.667222222,-52.138055556,26,08,2009
Brasil,Minas Gerais,Bonfinópolis de Minas,CPUFMT,60,"Ribeirão das Almas, afluente do Ribeirão Santa Cruz",Characidium cf. lagosantense,-16.406777778,-46.322833333,12,02,2009
Brasil,Minas Gerais,Bonfinópolis de Minas,CPUFMT,64,Ribeirão Santo André na fazenda Imbé,Characidium cf. lagosantense,-16.374361111,-46.30375,12,02,2009
Brasil,Mato Grosso,Rosário Oeste,CPUFMT,165,"Córrego Pedregulho, Trecho 2",Characidium cf. nupelia,-14.52563889,-55.43163889,26,08,2008
Brasil,Mato Grosso,Comodoro,CPUFMT,2930,Ribeirão 44,Characidium cf. zebra,-14.020005,-59.682763,12,02,2015
Brasil,Rondônia,Pimenta Bueno,CPUFMT,351,"Rio Roosevelt, Sítio do Sr. Pedro Machado",Characidium cf. zebra,-11.67917,-60.44901,29,11,2009
Brasil,Rondônia,Pimenta Bueno,CPUFMT,357,"Rio Roosevelt, imediatamente acima da ponte da aldeia Cinta Larga (Aldeira do João Bravo)",Characidium cf. zebra,-11.64251,-60.45312,30,11,2009
Brasil,Mato Grosso,Nova Brasilandia,CPUFMT,404,Ribeirão Jaime Campos na Fazenda Jaime Campos,Characidium cf. zebra,-14.63683,-55.37896,14,03,2010
Brasil,Mato Grosso,Campinápolis,CPUFMT,635,"Rio Culuene, na escada de peixes da PCH Paranatinga 2",Characidium cf. zebra,-13.849166667,-53.256388889,14,07,2010
Brasil,Mato Grosso,Juara,CPUFMT,822,Afluente do Rio São Jõao da Barra,Characidium cf. zebra,-10.355772222,-57.689588889,11,08,2007
Brasil,Mato Grosso,Vila Bela da Sta Trindade,CPUFMT,877,"Serra da Borda, Rio Areias",Characidium cf. zebra,-14.879,-59.879,02,03,2007
Brasil,Mato Grosso,Juara,CPUFMT,774,Rio Matrinxã (Alto),Characidium diclivirostre,-10.428222222,-57.634361111,09,08,2007
Brasil,Mato Grosso,Alto Araguaia,CPUFMT,701,Córrego Pinguelinha,Characidium gomesi,-17.32129,-53.58147,18,11,2010
Brasil,Mato Grosso,Juara,CPUFMT,833,Baixo Rio São João da Barra (jusante da junção),Characidium hasemani,-10.339147222,-57.680966667,07,08,2007
Brasil,Mato Grosso,Poconé,CPUFMT,1344,"Corixão, Canal (corixo) marginal do Rio Cuiabá",Characidium laterale,-16.31334,-56.23235,04,11,2010
Brasil,Pará,Primavera,CPUFMT,1110,Rio das Pedras,Characidium sp,-0.95220778203,-47.116679116,18,10,2011
Brasil,Pará,Primavera,CPUFMT,1124,Rio Tabocal,Characidium sp,-0.96043525458,-47.087331255,18,10,2011
Brasil,Pará,Primavera,CPUFMT,1173,Rio das Pedras,Characidium sp,-0.95220778203,-47.116679116,18,10,2011
Brasil,Pará,Primavera,CPUFMT,1209,Rio das Pedras,Characidium sp,-0.95220778203,-47.116679116,18,10,2011
Brasil,Pará,Primavera,CPUFMT,1299,Rio Tabocal,Characidium sp,-0.96043525458,-47.087331255,18,10,2011
Brasil,Mato Grosso,Nobres,CPUFMT,1514,Rio Serragem 1,Characidium sp,-14.682777778,-56.301305556,20,11,2012
Brasil,Minas Gerais,Bonfinópolis de Minas,CPUFMT,69,Represa artificial as margens da estada de terra,Characidium sp,-16.439805556,-46.001138889,12,02,2009
Brasil,Mato Grosso,Vila Bela da Sta Trindade,CPUFMT,883,"Serra da Borda, Córrego Longa Vida",Characidium sp,-14.879,-59.879,02,03,2007
Brasil,Mato Grosso,Nobres,CPUFMT,1540,Rio Nobres,Characidium sp.,-14.728277778,-56.318944444,21,11,2012
Brasil,Mato Grosso,Nobres,CPUFMT,1552,Rio Serragem 2,Characidium sp.,-14.632388889,-56.27225,20,11,2012
Brasil,Mato Grosso,Nobres,CPUFMT,1561,Rio Serragem 2,Characidium sp.,-14.632388889,-56.27225,20,11,2012
Brasil,Mato Grosso,Jaciara,CPUFMT,1894,PCH Mangaba,Characidium sp.,-15.992194444,-55.013611111,17,03,2010
Brasil,Mato Grosso,Lucas do Rio Verde,CPUFMT,207,Rio Verde em Lucas do Rio Verde,Characidium sp.,-12.995273699,-55.914165305,13,10,2007
Brasil,Mato Grosso,Santo Antônio do Leverger,CPUFMT,2463,Rio Itiquira na Área de influência da PCH Itiquira III,Characidium sp.,-17.090041,-54.915532,24,03,2011
Brasil,Mato Grosso,Santo Antônio do Leverger,CPUFMT,2469,Rio Itiquira na Área de influência da PCH Itiquira III,Characidium sp.,-17.090041,-54.915532,24,03,2011
Brasil,Mato Grosso,Vila Bela da Santíssima Trindade,CPUFMT,3109,Vila Bela - #?#Longa Vida#?#,Characidium sp.,-14.812371,-59.660231,17,04,2010
Brasil,Mato Grosso,Poconé,CPUFMT,3223,Rio Bento Gomes na MT-060 (rod. Transpantaneira),Characidium sp.,-16.43,-56.66,15,06,1986
Brasil,Mato Grosso,Santo Antônio do Leverger,CPUFMT,3877,Alagados de Campo de Fora,Characidium sp.,-16,-55.85,02,06,1994
Brasil,Mato Grosso,Poconé,CPUFMT,3998,Rio Bento Gomes na MT-060 (rod. Transpantaneira),Characidium sp.,-16.43,-56.66,29,09,1994
Brasil,Mato Grosso,Lucas do Rio Verde,CPUFMT,4252,"Rio Verde, Ponto Obra Sadia",Characidium sp.,-12.995228932,-55.914169419,18,04,2008
Brasil,Mato Grosso,Lucas do Rio Verde,CPUFMT,4279,"Rio Verde, Ponto 2 Montante",Characidium sp.,-13.043596112,-55.906677413,17,04,2008
Brasil,Mato Grosso,Alto Araguaia,CPUFMT,716,Afluente do Rio Ariranha,Characidium sp.,-17.35653,-53.63389,19,11,2010
Brasil,Mato Grosso,Juara,CPUFMT,797,Afluente do Rio Matrinxã,Characidium sp.,-10.345811111,-57.676669444,06,08,2007
Brasil,Mato Grosso,Vila Bela da Sta Trindade,CPUFMT,861,"Serra da Borda, Córrego Longa Vida",Characidium sp.,-14.879,-59.879,09,11,2005
Brasil,Mato Grosso,Araguaiana,CPUFMT,927,"Fazenda São Carlos, BR158, Km39, Rio Capão Bonito, afluente do rio Correntes",Characidium sp.,-15.667222222,-52.138055556,26,08,2009
Brasil,Pará,Santarém,CPUFMT,2242,Igarapé onça (Ponto18),Characidium sp. 1,-3.5598922287,-54.86869148,03,11,2014
Brasil,Pará,Santarém,CPUFMT,2243,Igarapé Preto (Ponto17),Characidium sp. 2,-3.7971203488,-54.816219033,03,11,2014
Brasil,Mato Grosso,Poconé,CPUFMT,1354,"Praia rio Cuiabá, PVI",Characidium zebra,-16.38564,-56.28155,04,11,2010
Brasil,Mato Grosso,Santo Antônio do Leverger,CPUFMT,1445,Rio Itiquira na Área de influência da PCH Itiquira III,Characidium zebra,-17.090041197,-54.915532497,24,03,2011
Brasil,Mato Grosso,Cuiabá,CPUFMT,1459,Córrego próximo ao lago do Manso,Characidium zebra,-15.24406667,-56.03473333,01,08,2012
Brasil,Mato Grosso,Jaciara,CPUFMT,1893,PCH Mangaba,Characidium zebra,-15.992194444,-55.013611111,17,03,2010
Brasil,Mato Grosso,Cuiabá,CPUFMT,2287,Córrego Aricazinho,Characidium zebra,-15.53916667,-55.91849722,25,10,2013
Brasil,São Paulo,Dourado,DZSJRP-PISCES,3966,"Rio Alambari, afl. rio Tietê, Br273 ou SP300 sentido Conchas",Characidium zebra,-22.09,-48.32194,01,01,1900
Brasil,Mato Grosso do Sul,Inocencia,DZSJRP-PISCES,10708,"Riacho afluente do Rio Formiga, Bacia do Paraná, ponto 1b",Characidium zebra,-19.54639,-52.19861,21,07,2007
Brasil,São Paulo,Macaubal,DZSJRP-PISCES,3933,"Ribeirão Santa Bárbara (espraiado), afluente do rio Tiête",Characidium fasciatum,-20.96722,-50.01861,24,05,2000
Brasil,Mato Grosso do Sul,Dois Irmaos Do Buriti,DZSJRP-PISCES,18130,"Rio Dois Irmãos do Buriti, fazenda Vô Fiorindo, drenagem rio Aquidauana, alto rio Paraguai.",Characidium zebra,-20.59333,-55.44167,01,09,2008
Brasil,São Paulo,Mirassolandia,DZSJRP-PISCES,2840,"Rio Preto - Macaúbas (lagoas e entrada das lagoas marginais), rio Grande",Characidium fasciatum,-20.61667,-49.46389,29,04,1985
Brasil,São Paulo,Piedade,DZSJRP-PISCES,13678,"Ribeirão das Furnas, rio tietê",Characidium oiticicai,-23.80417,-47.3575,22,10,2010
Brasil,São Paulo,Queiroz,DZSJRP-PISCES,14064,"Riacho em canavial, afl rio Tibiriçá, rio Aguapei",Characidium zebra,-21.77111,-50.12,28,08,2011
Brasil,Mato Grosso,Aripuana,DZSJRP-PISCES,21950,"Riacho A29, bacia do Rio Aripuanã",Characidium zebra,-11.5166666667,-59.2036111111,09,08,2017
Brasil,São Paulo,Valparaiso,DZSJRP-PISCES,10362,"Córrego dos Exploradores, afluente do Córrego Dr. Leite, drenagem do Baixo Tietê",Characidium zebra,-21.15639,-50.79944,21,04,2007
Brasil,São Paulo,Sao Carlos,DZSJRP-PISCES,19256,"Córrego São José, bacia do Jacaré-Guaçu, drenagem do rio Tietê, alto rio Paraná. Ponto II",Characidium zebra,-22.0775,-47.80556,21,05,2013
Brasil,Minas Gerais,Sao Roque De Minas,DZSJRP-PISCES,13832,"Córrego Luciano, entorno PARNA S. da Canastra, entrada do pq sob ponte",Characidium fasciatum,-20.31278,-46.5375,06,02,2009
Brasil,São Paulo,Ipigua,DZSJRP-PISCES,2189,"Córrego da Barra Funda, curso médio, afluente rio Preto, rio Grande",Characidium fasciatum,-20.64528,-49.40306,27,03,1987
Brasil,São Paulo,NA,DZSJRP-PISCES,7676,"Rio Turvo; drenagem Turvo-grande, km 45",Characidium zebra,0,0,18,05,2005
Brasil,Rondônia,Primavera De Rondonia,DZSJRP-PISCES,17330,"Bacia do rio Machado, drenagem do rio Madeira, ponto 69.",Characidium zebra,-11.73444,-61.38861,19,07,2012
Brazil,Mato Grosso do Sul,Dois Irmãos do Buriti,DZSJRP-PISCES,12855,"Afluente do rio Cachoeirão, Fazenda Taruana",Characidium laterale,-20.50306,-55.25806,01,02,2008
Brasil,Mato Grosso,Juina,DZSJRP-PISCES,22001,"Riacho J01, bacia do Rio Juruena, Rio Tapajós",Characidium zebra,-11.5302777778,-58.8258333333,30,05,2018
Brasil,São Paulo,Sao Carlos,DZSJRP-PISCES,19255,"Córrego São José, bacia do Jacaré-Guaçu, drenagem do rio Tietê, alto rio Paraná. Ponto II",Characidium gomesi,-22.0775,-47.80556,21,05,2013
Brasil,Minas Gerais,Araxa,DZSJRP-PISCES,8729,"Riacho pantanoso em vicinal (terra) BR262, Faz Boa Vista",Characidium zebra,-19.58417,-47.17417,07,09,2006
Brasil,Distrito Federal,Brasilia,DZSJRP-PISCES,14210,"Córrego Três Barras, afluente do Lago Paranoá, drenagem do Alto rio Paraná.",Characidium gomesi,-15.66694,-47.9525,08,10,2010
Brasil,Minas Gerais,Prata,DZSJRP-PISCES,8653,"Riacho afl rio das Pedras, acesso em terra para Patrimônio",Characidium zebra,-19.45389,-48.82333,04,09,2006
Brasil,Mato Grosso,Cotriguacu,DZSJRP-PISCES,22476,"Riacho J24, bacia do Rio Juruena",Characidium zebra,-9.8891666667,-58.565,09,06,2018
Brasil,São Paulo,Mongagua,DZSJRP-PISCES,13929,"Riacho na estrada para Quatinga, afl rio Aguapeú",Characidium sp.,-24.07861,-46.71444,03,06,2011
Brasil,Mato Grosso do Sul,Dois Irmaos Do Buriti,DZSJRP-PISCES,18092,"Represa, fazenda Vô Fiorindo, drenagem rio Aquidauana, alto rio Paraguai.",Characidium zebra,-20.59472,-55.42278,01,02,2008
Brasil,São Paulo,Itarare,DZSJRP-PISCES,20637,"Rio Afluente Verde, sub-bacia do rio Verde.",Characidium schubarti,-24.08444,-49.20194,12,09,2014
Brasil,Mato Grosso do Sul,Bonito,DZSJRP-PISCES,13769,"Córrego Mutum, propriedade do Sr Jorge",Characidium fasciatum,-21.30028,-56.43556,16,11,2008
Brasil,Minas Gerais,Uberaba,DZSJRP-PISCES,10538,"Riacho Grotão, vicinal (terra) BR262, Faz N Sra Abadia",Characidium sp.,-19.69194,-47.71583,12,05,2007
Brasil,Minas Gerais,Sao Roque De Minas,DZSJRP-PISCES,13812,"Córrego Grande, entorno Parna S. Canastra, propriedade Sr Elmo",Characidium fasciatum,-20.34028,-46.46556,06,08,2008
Brasil,São Paulo,Palmares Paulista,DZSJRP-PISCES,717,"Riacho afluente do ribeirão da Onça, rio Turvo, rio Grande",Characidium fasciatum,-21.09,-48.80778,03,06,1984
Brasil,São Paulo,Itatinga,DZSJRP-PISCES,20473,"Córrego Itaúna, área aberta, drenagem do rio Paranapanema",Characidium zebra,-23.16639,-48.62556,25,09,2014
Brasil,São Paulo,Nova Granada,DZSJRP-PISCES,9501,"Lagoa do Braço Morto, rio Turvo",Characidium zebra,-20.35306,-49.2775,23,03,2006
Brasil,Minas Gerais,Delfim Moreira,DZSJRP-PISCES,14873,"Rio Santo Antonio, afluente do Rio Sapucai, Bacia do Rio Grande, a juzante da cachoeira Ninho da Águia",Characidium zebra,-22.46806,-45.34972,01,11,2011
Brasil,Rondônia,Ji-Parana,DZSJRP-PISCES,14461,"Bacia do rio Machado, drenagem do rio Madeira, ponto 4.",Characidium zebra,-10.89556,-62.08306,26,08,2011
Brasil,São Paulo,Ipigua,DZSJRP-PISCES,694,"Córrego da Barra Funda, curso médio, afluente rio Preto, rio Grande",Characidium fasciatum,-20.64528,-49.40306,04,04,1981
Brasil,Goias,Bela Vista De Goias,DZSJRP-PISCES,7060,"Córrego sem nome, rio Corumbá, dren. do Paranaíba, GO-020, Km 82",Characidium xanthopterum,-17.06667,-48.73333,07,02,2005
Brasil,São Paulo,Araraquara,DZSJRP-PISCES,13313,Riacho afl rio Grande,Characidium sp.,-21.61528,-48.24,26,11,2010
Brasil,Minas Gerais,Oliveira,DZSJRP-PISCES,8351,"Córrego do Açude, BR494 (Oliveira- SJDelRei), entrada à direita",Characidium zebra,-20.77889,-44.68167,10,12,2005
Brasil,Mato Grosso,Campos De Julio,DZSJRP-PISCES,13197,"Rio Formiga, afl rio Juruena, rio Tapajós, PCH Divisa, salvamento",Characidium sp.,-13.9,-59.14778,18,09,2010
Brasil,São Paulo,Pauliceia,DZSJRP-PISCES,15501,"Riacho Ponte Queimada, braço lêntico, foz do rio Aguapeí, drenagem do alto Paraná.",Characidium zebra,-21.12861,-51.8,07,02,2012
Brasil,Mato Grosso do Sul,Aparecida Do Taboado,DZSJRP-PISCES,12629,"Córrego Aroeira, rio Quitéria, Alto Paraná",Characidium zebra,-20.06194,-51.28389,29,05,2010
Brasil,São Paulo,Guarei,DZSJRP-PISCES,22772,"Ribeirão da Cachoeira, afl Rio Guareí",Characidium gomesi,-23.4261111111,-48.4202777778,08,08,2017
Brasil,São Paulo,Potirendaba,DZSJRP-PISCES,15192,"Córrego Fundo, fazenda Rancho do Ipê, bacia do rio Tietê-Batalha, drenagem do Paraná, ponto 4.",Characidium zebra,-21.02528,-49.4075,05,10,2011
Brasil,São Paulo,Embu Guaçu,DZSJRP-PISCES,12354,"Cabeceira do rio Embu Guaçu, PESM Núcleo Curucutu",Characidium oiticicai,-23.98833,-46.74917,01,11,2007
Brasil,Minas Gerais,Sao Roque De Minas,DZSJRP-PISCES,13835,"Córrego Lavra, entorno PARNA S. da Canastra, propr. Sr. Vítor, à montante ponte",Characidium fasciatum,-20.31,-46.43306,09,12,2008
Brasil,São Paulo,Franca,DZSJRP-PISCES,11307,Lagoa marginal do Rio Sapucaí,Characidium zebra,-20.53056,-47.40028,01,01,1900
Brasil,Mato Grosso,Itiquira,DZSJRP-PISCES,12248,"Rio Itiquira, próximo ao Sítio do Tonico Boa Pessoa",Characidium fasciatum,-17.20111,-54.13833,12,08,2009
Brasil,São Paulo,Ipigua,DZSJRP-PISCES,3749,"Córrego da Barra Funda, curso médio, afluente rio Preto, rio Grande",Characidium sp.,-20.64528,-49.40306,23,02,1985
Brasil,Distrito Federal,Brasilia,DZSJRP-PISCES,14174,"Rio da Palma (PARNA BsB), afluente do rio Maranhão, drenagem do Tocantins-Araguaia.",Characidium zebra,-15.52778,-48.06583,29,09,2010
Brasil,Minas Gerais,Sao Roque De Minas,DZSJRP-PISCES,20181,"Rio São Francisco, na estrada Vargem Bonita a São José do Barreiro, drenagem do rio São Francisco.",Characidium sp.,-20.33333,-46.46833,18,11,2014
Brasil,São Paulo,Irapua,DZSJRP-PISCES,12951,"Córrego Figueira, afluente do rio Cubatão ou Barra Mansa, rio Tietê",Characidium zebra,-21.19111,-49.39333,27,11,2010
Brasil,Rondônia,Cacoal,DZSJRP-PISCES,17212,"Bacia do rio Machado, drenagem do rio Madeira, ponto 58.",Characidium zebra,-11.51917,-61.67806,12,07,2012
Brasil,São Paulo,Irapua,DZSJRP-PISCES,728,"2° córrego afluente do rib. Barra Mansa, afl. rio Tietê, estrada Irapuã-Mendonça",Characidium fasciatum,-21.27056,-49.40028,12,04,1988
Brasil,São Paulo,NA,DZSJRP-PISCES,709,"Córrego da Barra Funda, desembocadura, afluente rio Preto, rio Grande",Characidium fasciatum,-20.60889,-49.42028,22,11,1982
Brasil,Rondônia,Machadinho D'Oeste,DZSJRP-PISCES,16777,"Bacia do rio machado, drenagem do rio Madeira, ponto 36.",Characidium zebra,-9.51444,-61.96528,25,06,2012
Brasil,São Paulo,Nova Granada,DZSJRP-PISCES,9447,"Lagoa do Ganzella, rio Turvo",Characidium zebra,-20.41972,-49.26667,23,03,2006
Brasil,Rondônia,Rolim De Moura,DZSJRP-PISCES,14667,"Bacia do rio Machado, drenagem do rio Madeira, ponto 10.",Characidium sp.,-11.72417,-62.03972,29,08,2011
Brasil,Minas Gerais,Carandai,DZSJRP-PISCES,16160,"Afluente do rio Carandaí, à jusante da cidade, vicinal à direita na BR - 040, sentido RJ, drenagem do rio Grande.",Characidium gomesi,-20.97389,-43.78722,05,09,2012
Brasil,Mato Grosso,Alto Taquari,DZSJRP-PISCES,19990,Afluente do rio Taquari.,Characidium sp.,-17.82667,-53.2825,01,04,2011
Brasil,Mato Grosso do Sul,Dois Irmaos Do Buriti,DZSJRP-PISCES,18103,"Represa, fazenda Vô Fiorindo, drenagem rio Aquidauana, alto rio Paraguai.",Characidium zebra,-20.60028,-55.42556,01,09,2008
Brasil,São Paulo,Palestina,DZSJRP-PISCES,9683,"Sem nome, afluente do Córrego Guarda Mor",Characidium zebra,-20.32528,-49.38306,09,07,2005
Brasil,Goias,Bela Vista De Goias,DZSJRP-PISCES,7019,"Córrego sem nome, rio Corumbá, dren. do Paranaíba, GO-020, Km 82",Characidium zebra,-17.06667,-48.73333,01,11,2004
Brasil,São Paulo,Neves Paulista,DZSJRP-PISCES,19198,"Córrego Jacarezinho, drenagem do São José dos Dourados",Characidium zebra,-20.86194,-49.61556,14,04,2011
Brasil,Mato Grosso,Alto Taquari (ou Taquari),DZSJRP-PISCES,4234,"Fazenda Bambuzal, à 2Km de Alto Taquari, drenagem do rio Araguaia",Characidium sp.,0,0,10,11,1988
Brasil,Goias,Cumari,DZSJRP-PISCES,20004,"Rio Paranaíba, próximo às ruinas da ponte Ypê Arcado, na divisa entre MG e GO, alto rio Paraná.",Characidium zebra,-18.37333,-48.17278,15,08,2014
Brasil,São Paulo,NA,DZSJRP-PISCES,691,"Córrego da Barra Funda, desembocadura, afluente rio Preto, rio Grande",Characidium fasciatum,-20.60889,-49.42028,27,01,1981
Brasil,Rondônia,Theobroma,DZSJRP-PISCES,15122,"Bacia do rio Machado, drenagem do rio Madeira, Ponto 23.",Characidium zebra,-10.14306,-61.90889,23,10,2011
Brasil,Rondônia,Chupinguaia,DZSJRP-PISCES,17297,"Bacia do rio Machado, drenagem do rio Madeira, ponto 66.",Characidium zebra,-12.85139,-60.63278,17,07,2012
Brasil,Minas Gerais,Monte Carmelo,DZSJRP-PISCES,8681,"Corr Rancharia, Faz Castelhana 1, vicinal (terra) BR365",Characidium zebra,-18.87056,-47.39083,05,09,2006
Brasil,Minas Gerais,Sao Roque De Minas,DZSJRP-PISCES,13828,"Córrego Luciano, entorno PARNA S. da Canastra, entrada do pq sob ponte",Characidium zebra,-20.31278,-46.5375,16,06,2008
Brasil,Mato Grosso,Itiquira,DZSJRP-PISCES,12285,"Riacho sob ponte na estr de terra (entrada à esq na MT370) sentido Itiquira, prox à Igreja",Characidium fasciatum,-17.11056,-54.46639,13,08,2009
Brasil,Bahia,NA,DZSJRP-PISCES,13708,Cabeceira do rio Paraguaçú,Characidium sp.,0,0,01,01,1900
Brasil,São Paulo,Alvares Florence,DZSJRP-PISCES,9572,Córrego do Mangue,Characidium lagosantense,-20.36917,-49.83278,08,07,2005
Brasil,São Paulo,Queiroz,DZSJRP-PISCES,14072,"Riacho sob ponte próximo a canavial, afluente do rio Tibiriçá, rio Aguapeí.",Characidium zebra,-21.78444,-50.14389,28,08,2011
Brasil,São Paulo,Ipigua,DZSJRP-PISCES,706,"Córrego da Barra Funda, curso médio, afluente rio Preto, rio Grande",Characidium fasciatum,-20.64528,-49.40306,05,09,1980
Brasil,São Paulo,Itatinga,DZSJRP-PISCES,20462,"Córrego Itaúna, área aberta, drenagem do rio Paranapanema",Characidium zebra,-23.16639,-48.62556,24,04,2014
Brasil,Minas Gerais,Carandai,DZSJRP-PISCES,16167,"Rio Carandaí, sob ponte no bairro Ponte Chaves, perto da linha do trem.",Characidium gomesi,-20.95333,-43.77611,05,09,2012
Brasil,NA,NA,DZSJRP-PISCES,13421,"Córrego Avoadeira, pé de serra até baixo de lageaado, Alto Paraná ou Araguaia?",Characidium zebra,0,0,20,04,2005
Brasil,Rio de Janeiro,Itatiaia,DZSJRP-PISCES,22887,"Rio Campo Belo entre Itatiaia e a entrada do Parque Nacional, prox à ponte",Characidium lauroi,-22.4757777778,-44.5782222222,30,05,2019
Brasil,São Paulo,Patrocinio Paulista,DZSJRP-PISCES,12940,"Riacho afl do Ribeirão Sta Bárbara, rio Sapucai, rio Grande",Characidium gomesi,-20.76639,-47.49972,02,11,2010
Brasil,Mato Grosso do Sul,Bodoquena,DZSJRP-PISCES,13755,"Córrego Azul, próx ao último assentamento do Sr Bigode, PARNA Serra da Bodoquena",Characidium fasciatum,-20.75861,-56.75194,10,03,2009
Brasil,São Paulo,Guarei,DZSJRP-PISCES,22837,"Córrego do Durvalino, Rio Guareí",Characidium gomesi,-23.4436027778,-48.3446666667,21,05,2018
Brasil,Mato Grosso,Rondonopolis,DZSJRP-PISCES,12273,"Riacho sob ponte em estr terra, vicinal à dir da MT370, sent Itiquira-Rondonópol",Characidium fasciatum,-17.17333,-54.35667,13,08,2009
Brasil,São Paulo,Pariquera-Acu,DZSJRP-PISCES,3197,"Fazenda S.E.A.R.A., km 467 da BR 116, drenagem do rio Ribeira do Iguape",Characidium pterostictum,-24.715,-47.88111,07,10,1987
Brasil,Mato Grosso do Sul,Bonito,DZSJRP-PISCES,13762,"Córrego Olaria, Propriedade Chantal",Characidium fasciatum,-21.02972,-56.61556,19,01,2009
Brasil,São Paulo,Cardoso,DZSJRP-PISCES,9549,"Sem nome, afluente do Ribeirão Guariroba",Characidium zebra,-20.11,-49.82333,13,07,2005
Brasil,Mato Grosso,Juina,DZSJRP-PISCES,22241,"Riacho J13, drenagem do Rio Juruena",Characidium zebra,-11.2788888889,-58.8588888889,04,06,2018
Brasil,São Paulo,Iguape,DZSJRP-PISCES,20738,"Rio do Engenho, Estação Ecológica Juréia-Itatins",Characidium pterostictum,-24.7000007629395,-47.5499992370605,11,06,2013
Brasil,Minas Gerais,Sao Roque De Minas,DZSJRP-PISCES,13814,"Córrego Grande, entorno Parna S. Canastra, propriedade Sr Elmo",Characidium fasciatum,-20.34028,-46.46556,09,12,2008
Brasil,Distrito Federal,Brasilia,DZSJRP-PISCES,14270,"Ribeirão Jacaré, afluente do rio São Francisco.",Characidium zebra,-15.6425,-47.35528,23,09,2010
Brasil,Mato Grosso do Sul,Cassilandia,DZSJRP-PISCES,13803,Córrego Ritinha,Characidium zebra,-19.16361,-51.66944,18,03,2009
Brasil,Distrito Federal,Brasilia,DZSJRP-PISCES,14266,"Córrego Olho D'agua, afluente do rio São Francisco.",Characidium sp.,-15.65528,-47.40611,23,09,2010
Brasil,São Paulo,Coroados,DZSJRP-PISCES,10931,"Córrego afl r Tietê, UGRHI Baixo Tietê",Characidium zebra,-21.21694,-50.24583,29,07,2007
Brasil,Mato Grosso,Aripuana,DZSJRP-PISCES,21615,"Riacho A09, bacia do Rio Aripuana",Characidium zebra,-9.9002777778,-59.1913888889,NA,NA,NA
Brasil,São Paulo,Vitoria Brasil,DZSJRP-PISCES,10997,"Sítio Santo Afonso, córrego do Cedro, afluente do rio Grande",Characidium sp.,-20.22028,-50.50306,16,09,2001
Brasil,São Paulo,Nova Alianca,DZSJRP-PISCES,5334,"Rio Borboleta, rio Tietê, Nova Aliança - Potirendaba, próx. antigo matadouro",Characidium zebra,-21.01806,-49.49278,22,11,2002
Brasil,Goias,Formosa,DZSJRP-PISCES,14251,"Córrego Santo Inácio, afluente do rio São Francisco.",Characidium fasciatum,-15.72444,-47.16667,18,11,2010
Brasil,Paraná,Paranagua,DZSJRP-PISCES,21160,"Rio Ribeirão, P3",Characidium lauroi,-25.59,-48.6113888889,02,07,2017
Brasil,Minas Gerais,Uberaba,DZSJRP-PISCES,8758,"Riacho Grotão, vicinal (terra) BR262, Faz N Sra Abadia",Characidium sp.,-19.69194,-47.71583,08,09,2006
Brasil,São Paulo,NA,DZSJRP-PISCES,100,"Córrego da Barra Funda, desembocadura, afluente rio Preto, rio Grande",Characidium sp.,-20.60889,-49.42028,21,08,1987
Brasil,Goias,Cavalcante,DZSJRP-PISCES,21053,"Rio Conceição, Reserva Natural Serra do Tombador, Fundação O Boticário, pt 1, cachoeira",Characidium zebra,-13.63433,-47.84352,18,11,2016
Brasil,São Paulo,Guzolandia,DZSJRP-PISCES,10611,"Córrego das Cobras, afluente do Rib. Barreiro, Baixo Tietê",Characidium zebra,-20.71778,-50.74694,02,05,2007
Brasil,Mato Grosso do Sul,Cassilandia,DZSJRP-PISCES,13783,"Ribeirão Grande, Faz do Sr Lázaro",Characidium zebra,-19.18556,-51.33917,31,01,2009
Brasil,Goias,Itumbiara,DZSJRP-PISCES,18685,"Reservatório de São Simão, rio Paranaíba",Characidium zebra,-18.34694,-49.62611,01,09,2012
Brasil,São Paulo,Icem,DZSJRP-PISCES,11415,"Lagoa 45, rio Turvo",Characidium zebra,-20.41556,-49.265,26,03,2009
Brasil,Minas Gerais,Serra Do Salitre,DZSJRP-PISCES,8698,"Corr Areia, vicinal (terra) MG187, após Salitre de Minas, sent SSalitre",Characidium zebra,-19.09028,-46.76583,06,09,2006
Brasil,Minas Gerais,Araxa,DZSJRP-PISCES,8741,"Corr Sto Antonio, vicinal (terra) BR262, após Corr Marmelo, sent Uberaba",Characidium gomesi,-19.57861,-47.15556,07,09,2006
Brasil,São Paulo,Assis,DZSJRP-PISCES,20569,Represa Campestre.,Characidium zebra,-22.5975,-50.37056,25,10,2007
Brasil,Mato Grosso,Tangara Da Serra,DZSJRP-PISCES,18868,"Afluente do rio Sepotuba, drenagem do rio Paraguai. TSA-6",Characidium zebra,-14.62528,-57.62972,23,11,2007
Brasil,Goias,Bela Vista De Goias,DZSJRP-PISCES,6853,"Riacho sem nome (poça da nascente),Rio Corumbá,dren. do Rio Paranaíba,fazArapuca",Characidium xanthopterum,-17.0925,-48.72972,13,07,2004
Brasil,Mato Grosso do Sul,NA,DZSJRP-PISCES,18644,"Rio Salobra, drenagem do Alto Paraguai",Characidium zebra,0,0,29,05,2008
Brasil,Mato Grosso do Sul,Dois Irmaos Do Buriti,DZSJRP-PISCES,17870,"Córrego Correntes, fazenda Correntes II, drenagem rio Aquidauana, alto rio Paraguai.",Characidium zebra,-20.51306,-55.39639,01,09,2008
Brasil,Minas Gerais,Braunas,DZSJRP-PISCES,20104,"Riacho afluente do Sto. Antonio, drenagem do Doce",Characidium sp.,-19.03694,-42.71861,25,08,2014
Brasil,São Paulo,Nova Alianca,DZSJRP-PISCES,5362,"Rio Borá, entre Nova Aliança e Potirendaba, drenagem do Tietê",Characidium zebra,-21.02167,-49.45972,22,11,2002
Brasil,Mato Grosso do Sul,Bonito,DZSJRP-PISCES,13760,"Córrego Olaria, Propriedade Chantal",Characidium fasciatum,-21.02972,-56.61556,14,09,2008
Brasil,Mato Grosso do Sul,Nova Andradina,DZSJRP-PISCES,7570,"Córrego do Laranjal, Rio Ivinhema",Characidium zebra,-22.05167,-53.67306,23,04,2005
Brasil,Minas Gerais,Santa Vitoria,DZSJRP-PISCES,18679,"Reservatório de São Simão, rio Paranaíba",Characidium gomesi,-18.92167,-50.09889,01,09,2012
Brasil,Minas Gerais,Sao Roque De Minas,DZSJRP-PISCES,13821,"Córrego da Mandioca, entorno PARNA s. da Canastra, Faz Passaredo",Characidium fasciatum,-20.31472,-46.43944,28,03,2009
Brasil,São Paulo,NA,DZSJRP-PISCES,3358,"Ribeirão da Barra Grande, afluente do rio Grande, Fazenda Três Barras",Characidium fasciatum,0,0,28,10,1983
Brasil,São Paulo,Nova Alianca,DZSJRP-PISCES,7586,"Rio Borboleta,dren.do Tietê,sítio do Sr.Nelson Piton",Characidium zebra,-21.03528,-49.49139,30,04,2005
Brasil,Rondônia,Rolim De Moura,DZSJRP-PISCES,17398,"Bacia do rio Machado, drenagem do rio Madeira, ponto 73.",Characidium zebra,-11.74556,-61.54722,20,07,2012
Brasil,Mato Grosso,Itiquira,DZSJRP-PISCES,12598,"Riacho sob ponte na estr de terra (entrada à esq na MT370) sentido Itiquira, prox à Igreja",Characidium zebra,-17.11056,-54.46639,05,06,2010
Brasil,São Paulo,Patrocinio Paulista,DZSJRP-PISCES,12935,"Riacho afl do Ribeirão Sta Bárbara, rio Sapucai, rio Grande",Characidium zebra,-20.82611,-47.3625,02,11,2010
Brasil,São Paulo,Coroados,DZSJRP-PISCES,6973,"Córrego do Baixote, mun. de Birigui, bacia do Baixo Tietê, trecho 2",Characidium zebra,-21.35583,-50.30056,06,02,2003
Brasil,São Paulo,Potirendaba,DZSJRP-PISCES,18534,"Córrego da Roseira, rio Cubatão, rio Tietê.",Characidium zebra,-21.10722,-49.33667,30,10,2012
Brasil,Rondônia,Chupinguaia,DZSJRP-PISCES,17285,"Bacia do rio Machado, drenagem do rio Madeira, ponto 65.",Characidium zebra,-12.81083,-60.65389,17,07,2012
Brasil,Mato Grosso,Tangara Da Serra,DZSJRP-PISCES,18847,"Afluente do rio Sepotuba, drenagem do rio Paraguai. TSA-3",Characidium zebra,-14.5725,-57.71028,22,11,2007
Brasil,Rio Grande do Sul,Maquine,DZSJRP-PISCES,11352,Rio Maquiné,Characidium sp.,-29.67556,-50.2075,01,01,1900
Brasil,Minas Gerais,Unai,DZSJRP-PISCES,21452,"Ribeirão Roncador, Rio Preto, bacia do Rio São Francisco, PCH Mata Velha",Characidium zebra,-16.1930555556,-47.2063888889,24,01,2018
Brasil,Minas Gerais,Prata,DZSJRP-PISCES,8643,"Córr. na Faz Bela Vista, BR153 após ponte rio da Prata",Characidium zebra,-19.50528,-48.84694,04,09,2006
Brasil,Minas Gerais,Braunas,DZSJRP-PISCES,19169,"Riacho na estr de terra de Guanhães à Braúnas, próx à Braúnas, rio Doce",Characidium timbuiense,-19.01611,-42.75972,26,09,2013
Brasil,São Paulo,NA,DZSJRP-PISCES,13393,"Ponte dos Barrageiros, jusante, Res de Jupiá, rio Tietê",Characidium zebra,0,0,01,10,2007
Brasil,São Paulo,Pindamonhangaba,DZSJRP-PISCES,12729,"Rio Piracuama, afl Paraíba do Sul",Characidium pterostictum,-22.8675,-45.58444,20,10,2009
Brasil,São Paulo,Potirendaba,DZSJRP-PISCES,14139,"Córrego da Roseira, rio Cubatão, rio Tietê.",Characidium zebra,-21.10722,-49.33667,20,01,2011
Brasil,Mato Grosso do Sul,Bodoquena,DZSJRP-PISCES,13746,"Córrego Azul, próx ao último assentamento do Sr Bigode, PARNA Serra da Bodoquena",Characidium zebra,-20.75861,-56.75194,27,05,2008
Brasil,Maranhão,Carolina,DZSJRP-PISCES,20862,"Ribeirão Lajes, próx à desembocadura no rio Farinha, Pq Nac da Chapada das Mesas, rio Tocantins",Characidium sp.,-6.93278,-47.38167,01,12,2015
Brasil,São Paulo,Jacupiranga,DZSJRP-PISCES,3165,"Fazenda Sambaiú, Br 116 km 471 - 472, drenagem do rio Ribeira do Iguape",Characidium pterostictum,-24.6925,-48.00222,14,08,1985
Brasil,São Paulo,Penapolis,DZSJRP-PISCES,2333,"Vazante da Represa do Colégio Agrícola de Penápolis, drenagem do rio Tietê",Characidium fasciatum,-21.41444,-50.07694,08,02,1988
Brasil,Minas Gerais,Jacui,DZSJRP-PISCES,8576,"Riacho 50m da rod. Altino Arantes (SP351/BR265), antes km 29",Characidium gomesi,-21.00278,-46.82417,22,05,2006
Brasil,São Paulo,Peruibe,DZSJRP-PISCES,13235,"Ribeirão Tetequera, Estação Ecológica Juréia-Itatins",Characidium lauroi,-24.39056,-47.09694,06,11,2009
Brasil,Minas Gerais,Tres Marias,DZSJRP-PISCES,19057,"Rio Curral das Éguas, BR040 de São Gonçalo do Abaeté a Três Marias, rio São Francisco",Characidium sp.,-18.12694,-45.41944,21,09,2013
Brasil,São Paulo,Irapua,DZSJRP-PISCES,742,"Córrego Figueira, afluente do rio Cubatão ou Barra Mansa, rio Tietê",Characidium fasciatum,-21.19111,-49.39333,07,02,1990
Brasil,Minas Gerais,Gurinhata,DZSJRP-PISCES,18703,"Reservatório de São Simão, rio Paranaíba",Characidium zebra,-19.03889,-49.9625,01,09,2012
Brasil,Rondônia,Vale Do Anari,DZSJRP-PISCES,16658,"Bacia do rio Machado, drenagem do rio Madeira. Ponto 29.",Characidium zebra,-9.57222,-61.61389,09,06,2012
Brasil,Mato Grosso,Cotriguacu,DZSJRP-PISCES,22510,"Riacho J25, bacia do rio Juruena",Characidium zebra,-9.9022222222,-58.5658333333,09,06,2018
Brasil,Rondônia,Machadinho D'Oeste,DZSJRP-PISCES,16849,"Bacia do rio Machado, drenagem do rio Madeira, ponto 38.",Characidium zebra,-9.55417,-62.175,25,06,2012
Brasil,Mato Grosso,Aripuana,DZSJRP-PISCES,21983,"Riacho A30, bacia do Rio Aripuanã",Characidium zebra,-11.4675,-59.1247222222,09,08,2017
Brasil,Mato Grosso do Sul,Anastacio,DZSJRP-PISCES,18042,"Represa, fazenda Boa Esperança, drenagem rio Aquidauana, alto rio Paraguai.",Characidium laterale,-20.72806,-56.04194,01,09,2008
Brasil,São Paulo,Pindamonhangaba,DZSJRP-PISCES,18711,"Riacho na entrada da Faz Gokula, afl Rib Grande, Paraíba do Sul",Characidium japuhybense,-22.77333,-45.45944,05,07,2013
Brasil,São Paulo,Sebastianopolis Do Sul,DZSJRP-PISCES,5894,"córrego sem nome, Faz. Januário, drenagem do SJDourados",Characidium zebra,-20.62556,-49.8925,12,04,2003
Brasil,Rondônia,Ministro Andreazza,DZSJRP-PISCES,16981,"Bacia do rio Machado, drenagem do rio Madeira. Ponto 47.",Characidium gomesi,-11.01528,-61.60417,06,07,2012
Brasil,São Paulo,Irapua,DZSJRP-PISCES,718,"Córrego Figueira, afluente do rio Cubatão ou Barra Mansa, rio Tietê",Characidium fasciatum,-21.19111,-49.39333,09,12,1988
Brasil,São Paulo,Aguas De Santa Barbara,DZSJRP-PISCES,11317,"Rio Guarantã, Estação Ecológica Águas de Santa Bárbara",Characidium gomesi,-22.80417,-49.25222,16,09,2008
Brasil,São Paulo,NA,DZSJRP-PISCES,730,"Córrego da Barra Funda, desembocadura, afluente rio Preto, rio Grande",Characidium fasciatum,-20.60889,-49.42028,21,08,1987
Brasil,Minas Gerais,Carandai,DZSJRP-PISCES,16166,"Rio Carandaí, sob ponte no bairro Ponte Chaves, perto da linha do trem.",Characidium zebra,-20.95333,-43.77611,05,09,2012
Brasil,São Paulo,Potirendaba,DZSJRP-PISCES,18515,"Córrego da Roseira, rio Cubatão, rio Tietê.",Characidium gomesi,-21.10722,-49.33667,24,01,2013
Brasil,São Paulo,Irapua,DZSJRP-PISCES,3589,"Córrego Figueira, afluente do rio Cubatão ou Barra Mansa, rio Tietê",Characidium fasciatum,-21.19111,-49.39333,16,11,1992
Brasil,Mato Grosso,Juina,DZSJRP-PISCES,22151,"Riacho J07, bacia do Rio Juruena, Rio Tapajós",Characidium zebra,-11.3011111111,-58.7077777778,01,06,2018
Brasil,Mato Grosso,Juina,DZSJRP-PISCES,22259,"Riacho J14, drenagem Rio Juruena",Characidium zebra,-11.3108333333,-58.8091666667,04,06,2018
Brasil,São Paulo,Itatinga,DZSJRP-PISCES,20484,"Córrego Itaúna, área fechada, drenagem do rio Paranapanema",Characidium schubarti,-23.16139,-48.63194,24,04,2014
Brasil,Goias,Morrinhos,DZSJRP-PISCES,10429,Riacho sob ponte na GO 213,Characidium zebra,-17.72417,-49.04722,07,06,2007
Brasil,Minas Gerais,Carandai,DZSJRP-PISCES,20993,"Córrego Ibaré ou Ibaté, BR040 à dir no sentido Cristiano Otoni-RJ, porção média, dren do rio Grande",Characidium gomesi,-20.967778,-43.787222,14,04,2016
Brasil,São Paulo,Potirendaba,DZSJRP-PISCES,737,"Córrego da Boa Vista, drenagem do rio Tietê",Characidium fasciatum,-21.04278,-49.37722,10,03,1988
Brasil,São Paulo,Bady Bassit,DZSJRP-PISCES,15172,"Bacia do rio Tietê-Batalha, drenagem do Paraná. Ponto 3.",Characidium zebra,-20.97056,-49.42306,05,10,2011
Brasil,São Paulo,Itatinga,DZSJRP-PISCES,20497,"Córrego Itaúna, área fechada, drenagem do rio Paranapanema",Characidium schubarti,-23.16139,-48.63194,25,09,2014
Brasil,Distrito Federal,Brasilia,DZSJRP-PISCES,14191,"Córrego do Buraco, afluente do rio Maranhão, drenagem do Tocantins - Araguaia.",Characidium fasciatum,-15.59694,-47.90917,28,09,2010
Brasil,Minas Gerais,Acucena,DZSJRP-PISCES,20597,"Rio Corrente Grande, bacia do rio Doce, entre Açucena e Gonzaga.",Characidium gomesi,-18.95778,-42.45972,19,05,2015
Brasil,Mato Grosso,Aripuana,DZSJRP-PISCES,21507,"Riacho 03, Rio Aripuana",Characidium zebra,-10.1627777778,-59.4402777778,27,07,2017
Brasil,Mato Grosso do Sul,Dois Irmaos Do Buriti,DZSJRP-PISCES,17987,"Córrego Cabeceira do Piúva, fazenda Taruana, drenagem rio Aquidauana, alto rio Paraguai.",Characidium zebra,-20.54556,-55.24111,01,09,2008
Brasil,Mato Grosso do Sul,Tres Lagoas,DZSJRP-PISCES,5183,"Rio Paraná, Jupiá, reservatório",Characidium fasciatum,-20.85556,-51.63111,24,09,1999
Brasil,Mato Grosso do Sul,Dois Irmaos Do Buriti,DZSJRP-PISCES,17905,"Córrego Correntes, fazenda Correntes II, drenagem rio Aquidauana, alto rio Paraguai.",Characidium zebra,-20.495,-55.41306,01,09,2008
Brasil,Mato Grosso do Sul,Bonito,DZSJRP-PISCES,13764,"Córrego Olaria, Propriedade Chantal",Characidium fasciatum,-21.02972,-56.61556,05,03,2009
Brasil,Mato Grosso do Sul,Anastacio,DZSJRP-PISCES,18067,"Afluente do córrego Acôgo, fazenda Boa Esperança, drenagem rio Aquidauana, alto rio Paraguai. AQDN 15",Characidium zebra,-20.73611,-56.03389,01,09,2008
Brasil,São Paulo,Ipigua,DZSJRP-PISCES,724,"2o.riacho afl. do cór. Barra Funda, após Ipiguá, próx. curso médio, rio Grande",Characidium fasciatum,-20.65667,-49.38722,20,10,1989
Brasil,Rondônia,Santa Luzia D'Oeste,DZSJRP-PISCES,14731,"Bacia do rio Machado, drenagem do rio Madeira, ponto 12.",Characidium zebra,-11.90556,-61.71389,30,08,2011
Brasil,Minas Gerais,Iturama,DZSJRP-PISCES,5310,"Fazenda Quiçaça, rio Grande",Characidium sp.,-19.83778,-50.37306,16,11,2002
Brasil,Goias,Bela Vista De Goias,DZSJRP-PISCES,7009,"Córrego Arapuquinha, rio Corumbá, dren. do Paranaíba, GO-020,Km 78",Characidium sp.,-17.08694,-48.76778,31,10,2004
Brasil,São Paulo,Sao Jose Do Rio Preto,DZSJRP-PISCES,6568,"Córrego do Macaco, ponto 2, drenagem do rio Preto",Characidium zebra,-20.84111,-49.35194,10,06,2004
Brasil,Rondônia,Alvorada D'Oeste,DZSJRP-PISCES,17143,"Bacia do rio Machado, drenagem do rio Madeira, ponto 55.",Characidium zebra,-11.33972,-62.18472,10,07,2012
Brasil,São Paulo,Nova Alianca,DZSJRP-PISCES,6546,"Rio Borboleta,dren.do Tietê,sítio do Sr.Nelson Piton",Characidium zebra,-21.03528,-49.49139,12,03,2004
Brasil,São Paulo,Luis Antonio,DZSJRP-PISCES,17503,"Córrego Beija Flor, estação ecológica Jataí. P3",Characidium zebra,-21.55056,-47.70028,09,11,2011
Brasil,São Paulo,Embauba,DZSJRP-PISCES,9819,Córrego do Cerne,Characidium zebra,-20.93917,-48.83028,17,08,2005
Brasil,São Paulo,Cosmorama,DZSJRP-PISCES,9582,Córrego do Moinho,Characidium zebra,-20.42611,-49.81389,08,07,2005
Brasil,Mato Grosso do Sul,Dois Irmaos Do Buriti,DZSJRP-PISCES,12875,"Rio Cachoeirão, Faz Taruana, rio Aquidauana, alto rio Paraguai",Characidium zebra,-20.50194,-55.25722,01,02,2008
Brasil,São Paulo,Ipigua,DZSJRP-PISCES,697,"Córrego da Barra Funda, curso médio, afluente rio Preto, rio Grande",Characidium fasciatum,-20.64528,-49.40306,04,08,1980
Brasil,Minas Gerais,NA,DZSJRP-PISCES,15567,"Rio Araguari, a jusante da UHE Amador Aguiar II (em poça).",Characidium zebra,0,0,12,10,2011
Brasil,Mato Grosso do Sul,Bodoquena,DZSJRP-PISCES,13736,"Córrego Sta Maria, Faz Rancho Branco, PARNA Serra da Bodoquena",Characidium zebra,-20.685,-56.77778,25,07,2008
Brasil,São Paulo,Iacanga,DZSJRP-PISCES,10873,"Córrego afl margem direita do rio Tietê, UGRHI Tietê/Jacaré",Characidium zebra,-21.82917,-49.03861,04,08,2007
Brasil,Rio de Janeiro,Itatiaia,DZSJRP-PISCES,22880,"Rio Campo Belo, entre Itatiaia e a entrada do Parque Nacional",Characidium pterostictum,-22.4783055556,-44.5668333333,30,05,2019
Brasil,Mato Grosso,Alto Garcas,DZSJRP-PISCES,3977,"Rio das Garças, afluente do rio Araguaia",Characidium sp.,-16.91,-53.42056,30,09,1989
Brasil,São Paulo,Itirapina,DZSJRP-PISCES,7946,"Rio Passa Cinco, bairro Passa cinco, afluente da margem dir. do Rio Passa Cinco",Characidium zebra,-22.36194,-47.81917,18,07,2003
Brasil,São Paulo,Riolandia,DZSJRP-PISCES,9607,"Sem nome, afluente do Córrego Cuiabano",Characidium zebra,-20.095,-49.67278,15,07,2005
Brasil,Mato Grosso do Sul,Bodoquena,DZSJRP-PISCES,13743,"Córrego Sta Maria, Faz Rancho Branco, PARNA Serra da Bodoquena",Characidium fasciatum,-20.685,-56.77778,11,03,2009
Brasil,Mato Grosso,Campos De Julio,DZSJRP-PISCES,16290,"Rio Juruena, afluente do Tapajós, PCH Segredo, salvamento.",Characidium sp.,-13.9,-59.14778,01,06,2012
Brasil,São Paulo,Onda Verde,DZSJRP-PISCES,17820,"Fazenda Fischer, drenagem Turvo-Grande.",Characidium gomesi,-20.55056,-49.24417,01,01,1900
Brasil,São Paulo,Avare,DZSJRP-PISCES,20505,"Córrego Farias, área aberta, drenagem do rio Paranapanema",Characidium gomesi,-23.02139,-48.91944,10,04,2014
Brasil,Rondônia,Vale Do Anari,DZSJRP-PISCES,14971,"Bacia do rio Machado, drenagem do rio Madeira. Ponto 17",Characidium zebra,-9.61167,-62.2025,09,09,2011
Brasil,São Paulo,Sete Barras,DZSJRP-PISCES,3187,"Ribeirão da Serra, Parque Estadual Carlos Botelho, rio Ribeira do Iguape",Characidium gomesi,-24.38778,-47.92556,26,05,1990
Brasil,São Paulo,Sebastianopolis Do Sul,DZSJRP-PISCES,5886,"Córrego do Gomes, Sítio Estrela, drenagem do SJDourados",Characidium zebra,-20.68778,-49.885,11,04,2003
Brasil,São Paulo,Ibiuna,DZSJRP-PISCES,13680,"Ribeirão das Vargens, rio Ribeira de Iguape",Characidium lanei,-23.855,-47.24083,06,08,2010
Brasil,São Paulo,Salto De Pirapora,DZSJRP-PISCES,13643,"Rio Sarapuí, rio Tietê",Characidium gomesi,-23.71028,-47.59111,03,09,2010
Brasil,Minas Gerais,Delfim Moreira,DZSJRP-PISCES,14022,"Rio Santo Antônio, bairro Água Limpa, km 81 Estr Itajubá-Delfim Moreira, rio Grande",Characidium zebra,-22.46667,-45.35333,07,08,2011
Brasil,Mato Grosso,Campos De Julio,DZSJRP-PISCES,16317,"Rio Juruena, afluente do Tapajós, PCH Ilha Comprida, salvamento.",Characidium sp.,-13.9,-59.14778,01,06,2012
Brasil,São Paulo,Icem,DZSJRP-PISCES,9484,"Lagoa do Mustafá, rio Turvo",Characidium sp.,-20.41056,-49.26806,21,12,2005
Brasil,São Paulo,Itanhaem,DZSJRP-PISCES,15366,"Bacia do rio Itanhaém, drenagem costeira",Characidium sp.,-24.18056,-46.78028,31,12,2006
Brasil,Mato Grosso do Sul,Cassilandia,DZSJRP-PISCES,13787,"Córrego Indaiazinho, Faz Dona Selestrina",Characidium gomesi,-19.05,-52.14861,02,10,2008
Brasil,Mato Grosso do Sul,Bodoquena,DZSJRP-PISCES,13734,"Córrego Sta Maria, Faz Rancho Branco, PARNA Serra da Bodoquena",Characidium zebra,-20.685,-56.77778,28,05,2008
Brasil,Minas Gerais,Presidente Olegario,DZSJRP-PISCES,19028,"Riacho sob ponte na estr Pres Olegário à Galena, rio São Francisco",Characidium zebra,-18.34444,-46.31917,21,09,2013
Brasil,Rio Grande do Norte,Taipu,DZSJRP-PISCES,15272,Rio Ceará Mirim. Distrito de Umari.,Characidium bimaculatum,-5.62972,-35.61694,27,04,2002
Brasil,Minas Gerais,Ibia,DZSJRP-PISCES,8727,"Riacho na rod Mario Rodrigues de Paiva, vicinal (terra) BR262, antes Araxá",Characidium sp.,-19.54861,-46.83417,07,09,2006
Brasil,Rondônia,Primavera De Rondonia,DZSJRP-PISCES,17308,"Bacia do rio Machado, drenagem do rio Madeira, ponto 67.",Characidium zebra,-11.7625,-61.27472,19,07,2012
Brasil,Goias,Bela Vista De Goias,DZSJRP-PISCES,6509,"Riacho sem nome, afl. do Arapuca, Faz. Arapuca (Décio), Rio Paranaíba",Characidium zebra,-17.09222,-48.72972,29,04,2004
Brasil,São Paulo,Salesopolis,DZSJRP-PISCES,11424,"Rio Paraitinga, alto rio Tiete",Characidium sp.,-23.525,-45.78833,09,12,2008
Brasil,São Paulo,Cedral,DZSJRP-PISCES,15156,"Córrego das Palmeiras, bacia do Turvo-Grande, drenagem do Paraná. Ponto 2.",Characidium zebra,-20.87917,-49.23083,04,10,2011
Brasil,São Paulo,Ipigua,DZSJRP-PISCES,700,"Córrego da Barra Funda, curso médio, afluente rio Preto, rio Grande",Characidium fasciatum,-20.64528,-49.40306,10,03,1980
Brasil,São Paulo,Mongagua,DZSJRP-PISCES,13935,Rio Aguapeú,Characidium sp.,-24.10222,-46.73139,03,06,2011
Brasil,Mato Grosso do Sul,Cassilandia,DZSJRP-PISCES,13776,"Córrego Indaiazinho, Faz Dona Selestrina",Characidium fasciatum,-19.05,-52.14861,30,01,2009
Brasil,Mato Grosso do Sul,Angelica,DZSJRP-PISCES,7515,"Córrego Ouro Verde, Rio Ivinhema",Characidium lagosantense,-22.14111,-53.80472,22,04,2005
Brasil,Mato Grosso do Sul,Miranda,DZSJRP-PISCES,13717,"Córrego Taquaral, Faz do Sr Faete, PARNA Serra da Bodoquena",Characidium fasciatum,-20.10389,-56.63333,19,09,2008
Brasil,Rio de Janeiro,Silva Jardim,DZSJRP-PISCES,13869,"Rio São João, RJ 126",Characidium alipioi,-22.5825,-42.57528,31,05,2011
Brasil,Goias,Planaltina,DZSJRP-PISCES,22706,Afluente da margem esquerda do Ribeirão Cocal,Characidium zebra,-15.1358972222,-48.5580555556,09,01,2019
Brasil,São Paulo,Irapua,DZSJRP-PISCES,7255,"Córrego Figueira, afluente do rio Cubatão ou Barra Mansa, rio Tietê",Characidium zebra,-21.19111,-49.39333,26,02,2003
Brasil,São Paulo,NA,DZSJRP-PISCES,681,"Córrego da Barra Funda, desembocadura, afluente rio Preto, rio Grande",Characidium fasciatum,-20.60889,-49.42028,23,11,1988
Brasil,Tocantins,Xambioa,DZSJRP-PISCES,18558,"Córrego do Zuza, drenagem do rio Araguaia. A1",Characidium sp.,-6.45833,-48.42028,31,10,2012
Brasil,São Paulo,Pindamonhangaba,DZSJRP-PISCES,18714,"Riacho na entrada da Faz Gokula, afl Rib Grande, Paraíba do Sul",Characidium pterostictum,-22.77333,-45.45944,05,07,2013
Brasil,Maranhão,Carolina,DZSJRP-PISCES,20824,"Riacho Velho, Pq Nac da Chapada das Mesas, Tocantins",Characidium zebra,-6.95306,-47.26222,02,12,2015
Brasil,Goias,Morrinhos,DZSJRP-PISCES,10412,"Riacho na GO 213, após acesso à direita para Água Limpa, sentido Rio Quente",Characidium zebra,-17.72444,-48.96306,07,06,2007
Brasil,Rondônia,Nova Brasilandia D'Oeste,DZSJRP-PISCES,17023,"Bacia do rio Machado, drenagem do rio Madeira. Ponto 49.",Characidium zebra,-11.36417,-62.05528,07,07,2012
Brasil,Mato Grosso do Sul,Bonito,DZSJRP-PISCES,13770,"Córrego Mutum, propriedade do Sr Jorge",Characidium zebra,-21.30028,-56.43556,16,11,2008
Brasil,São Paulo,Itatinga,DZSJRP-PISCES,10117,"Ribeirão da Quinta, Bacia do Rio Paranapanema",Characidium gomesi,-23.10194,-48.49083,24,06,2005
Brasil,Distrito Federal,Brasilia,DZSJRP-PISCES,14265,"Córrego Olho D'agua, afluente do rio São Francisco.",Characidium zebra,-15.65528,-47.40611,23,09,2010
Brasil,Mato Grosso do Sul,Aparecida Do Taboado,DZSJRP-PISCES,8806,"Brejo Comprido (cabeceira), Reservatório de Ilha Solteira, dren. Paraná",Characidium zebra,-20.17611,-51.20528,26,08,2006
Brasil,Mato Grosso do Sul,Bonito,DZSJRP-PISCES,13729,"Córrego Seco, propriedade Sr. Roberval, Eco-Chacara Sta Lucia",Characidium fasciatum,-21.035,-56.615,22,01,2009
Brasil,Mato Grosso do Sul,Bodoquena,DZSJRP-PISCES,13754,"Córrego Azul, próx ao último assentamento do Sr Bigode, PARNA Serra da Bodoquena",Characidium zebra,-20.75861,-56.75194,17,01,2009
Brasil,Distrito Federal,Brasilia,DZSJRP-PISCES,14223,"Rio Piripipau, afluente do rio São Bartolomeu, drenagem do Alto rio Paraná.",Characidium fasciatum,-15.58139,-47.50583,24,09,2010
Brasil,Minas Gerais,Abaete,DZSJRP-PISCES,19005,Drenagem do rio São Francisco. TM220,Characidium fasciatum,-18.95278,-45.63667,02,09,2010
Brasil,São Paulo,Bocaina,DZSJRP-PISCES,16416,"Afluente do ribeirão da Bocaina, rio Jacaré-Pepira, bacia do rio Tiête.",Characidium zebra,-22.10722,-48.48278,26,03,2012
Brasil,Mato Grosso,Juina,DZSJRP-PISCES,22192,"Riacho J10, drenagem do Rio Juruena",Characidium zebra,-11.3416666667,-58.6011111111,02,06,2018
Brasil,São Paulo,Americo De Campos,DZSJRP-PISCES,16112,"Córrego do Mangue, drenagem Turvo-Grande.",Characidium lagosantense,-20.36917,-49.83278,08,07,2005
Brasil,Goias,Bela Vista De Goias,DZSJRP-PISCES,6980,"Córrego sem nome, rio Corumbá, drenagem do Paranaíba,GO-020, Km 78",Characidium xanthopterum,-17.1,-48.73333,02,11,2004
Brasil,Mato Grosso,Aripuana,DZSJRP-PISCES,21650,"Riacho A11, bacia do Rio Aripuanã",Characidium zebra,-10.1375,-59.4158333333,31,07,2017
Brasil,São Paulo,NA,DZSJRP-PISCES,688,"Córrego da Barra Funda, desembocadura, afluente rio Preto, rio Grande",Characidium fasciatum,-20.60889,-49.42028,07,02,1981
Brasil,Mato Grosso do Sul,Dois Irmaos Do Buriti,DZSJRP-PISCES,17988,"Córrego Cabeceira do Piúva, fazenda Taruana, drenagem rio Aquidauana, alto rio Paraguai.",Characidium zebra,-20.54556,-55.24111,01,09,2008
Brasil,Distrito Federal,Brasilia,DZSJRP-PISCES,10822,"Córrego Barriguda Rib. Santa Maria/ Torto, Bacia lago Paranoá, dren do Paraná",Characidium sp.,-15.66722,-47.95194,09,10,2006
Brasil,Rondônia,Vale Do Anari,DZSJRP-PISCES,16612,"Bacia do rio Machado, drenagem do rio Madeira. Ponto 27",Characidium zebra,-9.54833,-61.62833,08,06,2012
Brasil,São Paulo,Itarare,DZSJRP-PISCES,20638,"Rio Verde, sub-bacia do Verde.",Characidium gomesi,-24.085,-49.20139,12,09,2014
Brasil,Mato Grosso do Sul,Bodoquena,DZSJRP-PISCES,13745,"Córrego Azul, próx ao último assentamento do Sr Bigode, PARNA Serra da Bodoquena",Characidium fasciatum,-20.75861,-56.75194,27,05,2008
Brasil,Minas Gerais,Muzambinho,DZSJRP-PISCES,14050,"Riacho afl do rio Muzambinho, rio Pardo, rio Grande",Characidium gomesi,-21.38917,-46.47722,09,08,2011
Brasil,São Paulo,Sao Joao Da Boa Vista,DZSJRP-PISCES,18454,"Rio Jaguari Mirim, bacia do rio do Peixe, bacia do rio Mogi-Guaçu.",Characidium zebra,-21.98667,-46.87778,27,02,2013
Brasil,Tocantins,Xambioa,DZSJRP-PISCES,18584,"Córrego do Zuza, drenagem do rio Araguaia, A5.",Characidium sp.,-6.42889,-48.43306,31,10,2012
Brasil,São Paulo,Planalto,DZSJRP-PISCES,13978,"Fazenda Taperão, UGRHI baixo Tietê",Characidium lagosantense,-20.99056,-49.98056,01,06,2007
Brasil,Maranhão,Estreito,DZSJRP-PISCES,20769,"Ribeirão Mato Verde, afluente do Rio Farinha, Pq NAcional da Chapada das Mesas",Characidium zebra,-6.9997777778,-47.0703888889,27,11,2015
Brasil,São Paulo,Itajobi,DZSJRP-PISCES,14348,"Córrego afluente da margem direita do ribeirão dos Porcos, próximo a Vila do Açaí, drenagem do rio Tietê.",Characidium zebra,-21.47111,-48.84528,06,09,2011
Brasil,Minas Gerais,Iturama,DZSJRP-PISCES,15909,"Riacho sem nome, bacia do Rio Grande",Characidium zebra,-19.71611,-50.38306,15,06,2012
Brasil,São Paulo,Bertioga,DZSJRP-PISCES,6521,"Córrego no Jardim São Lourenço,8 Km N de Bertioga,SP",Characidium lanei,-23.85444,-46.13861,18,02,2003
Brasil,São Paulo,Catanduva,DZSJRP-PISCES,17579,"Rio São domingos, bacia do Turvo-Grande.",Characidium zebra,-20.99667,-48.95722,27,07,2012
Brasil,Mato Grosso,Campos De Julio,DZSJRP-PISCES,13198,"Rio Formiga, afl rio Juruena, rio Tapajós, PCH Divisa, salvamento",Characidium sp.,-13.9,-59.14778,18,09,2010
Brasil,Mato Grosso,Itiquira,DZSJRP-PISCES,12596,"Riacho sob ponte na estr de terra (entrada à esq na MT370) sentido Itiquira, prox à Igreja",Characidium fasciatum,-17.11056,-54.46639,05,06,2010
Brasil,Minas Gerais,Uberlandia,DZSJRP-PISCES,21024,"córrego represado, afluente da margem esquerda do córrego Douradinho, próximo ao Pq Florestal Vertente Grande",Characidium zebra,-18.9186000823975,-48.2771987915039,19,07,2016
Brasil,São Paulo,Sao Jose Do Rio Preto,DZSJRP-PISCES,715,"Represa Municipal de São José do Rio Preto, rio Grande",Characidium fasciatum,-20.8225,-51.50194,01,09,1988
Brasil,São Paulo,Indiapora,DZSJRP-PISCES,5002,"3° córrego na estrada de terra que liga Arabá a Indiaporã, rio Grande",Characidium sp.,-19.92111,-50.32778,15,12,2001
Brasil,Rondônia,Alvorada D'Oeste,DZSJRP-PISCES,14434,"Bacia do rio Machado, drenagem do rio Madeira, ponto 2.",Characidium zebra,-11.49194,-62.41417,25,08,2011
Brasil,São Paulo,Nova Granada,DZSJRP-PISCES,9693,Córrego do Piau,Characidium zebra,-20.38472,-49.40056,14,07,2005
Brasil,Minas Gerais,Presidente Olegario,DZSJRP-PISCES,19045,"Riacho sob ponte após o rio Pará, sentido Galena, rio São Francisco",Characidium sp.,-18.2975,-46.21111,21,09,2013
Brasil,Minas Gerais,Carmo De Minas,DZSJRP-PISCES,8628,"Riacho em vicinal à esq. da MG347, sent CarmodeMinas-Pedralva, antes km 62",Characidium gomesi,-22.14639,-45.15417,26,05,2006
Brasil,São Paulo,Valparaiso,DZSJRP-PISCES,7717,"Córrego 15 de janeiro, afl do rio Aguapeí, faz Paturí/Queixada",Characidium zebra,-21.2875,-51.08361,11,07,2005
Brasil,Mato Grosso do Sul,Bodoquena,DZSJRP-PISCES,13750,"Córrego Azul, próx ao último assentamento do Sr Bigode, PARNA Serra da Bodoquena",Characidium zebra,-20.75861,-56.75194,26,09,2008
Brasil,São Paulo,Brejo Alegre,DZSJRP-PISCES,18329,"Drenagem do rio Tietê, alto rio Paraná.",Characidium zebra,-21.16056,-50.18028,25,10,2008
Brasil,São Paulo,Salesopolis,DZSJRP-PISCES,11423,"Rio Paraitinga, alto rio Tiete",Characidium zebra,-23.525,-45.78833,09,12,2008
Brasil,São Paulo,Tatui,DZSJRP-PISCES,21336,"Rio Sorocaba, Usina de Santa Adélia, médio Rio Tietê",Characidium zebra,-23.3263888889,-47.7687805556,10,01,2017
Brasil,Mato Grosso do Sul,Cassilandia,DZSJRP-PISCES,13784,"Ribeirão Grande, Faz do Sr Lázaro",Characidium zebra,-19.18556,-51.33917,17,03,2009
Brasil,São Paulo,Iguape,DZSJRP-PISCES,20733,"Córrego da Cachoeira, Estação Ecológica Juréia-Itatins",Characidium lanei,-24.7000007629395,-47.5499992370605,14,06,2013
Brasil,Goias,Bela Vista De Goias,DZSJRP-PISCES,6490,"Riacho sem nome, afl. Arapuca, Faz. Arapuca, drenagem do Rio Paranaíba",Characidium zebra,-17.06833,-48.73306,29,04,2004
Brasil,Paraná,Quatro Barras,DZSJRP-PISCES,5740,"Rio Taquari, rio Nhumdiaquara",Characidium pterostictum,-25.31028,-48.93444,08,09,2003
Brasil,São Paulo,Irapua,DZSJRP-PISCES,7167,"Córrego Figueira, afluente do rio Cubatão ou Barra Mansa, rio Tietê",Characidium zebra,-21.19111,-49.39333,22,08,2003
Brasil,São Paulo,Botucatu,DZSJRP-PISCES,3469,"Rio Capivara, rio Alambari e córrego Água Fria (afl. r. Lavapés), rio Tietê",Characidium fasciatum,-22.88056,-48.44028,22,01,1986
Brasil,São Paulo,Pirassununga,DZSJRP-PISCES,16357,"Ribeirão Descaroçador, rio Mogi-Guaçu, rio Grande.",Characidium zebra,-22.04528,-47.44528,24,04,2012
Brasil,São Paulo,Ipigua,DZSJRP-PISCES,729,"Córrego da Barra Funda, curso médio, afluente rio Preto, rio Grande",Characidium gomesi,-20.64528,-49.40306,02,09,1987
Brasil,Rondônia,Ouro Preto Do Oeste,DZSJRP-PISCES,14533,"Bacia do rio Machado, drenagem do rio Madeira, ponto 7.",Characidium zebra,-10.61417,-62.33111,28,08,2011
Brasil,São Paulo,Mirassolandia,DZSJRP-PISCES,9724,Córrego do Sape,Characidium zebra,-20.585,-49.45028,27,07,2005
Brasil,Mato Grosso,Rondonopolis,DZSJRP-PISCES,12601,"Riacho em estr de terra à esq na BR163, sentido Rondonópolis",Characidium zebra,-17.05167,-54.77056,05,06,2010
Brasil,São Paulo,Junqueiropolis,DZSJRP-PISCES,6808,"Córrego Sucuri, porção represada (Ponto 2), fazenda Alvorada.",Characidium lagosantense,-21.31111,-51.3525,31,08,2004
Brasil,Minas Gerais,Paraisopolis,DZSJRP-PISCES,19000,"Rio Capivari, Bairro dos Martins. P1",Characidium gomesi,-22.58361,-45.88389,01,01,1900
Brasil,São Paulo,Ipigua,DZSJRP-PISCES,707,"Córrego da Barra Funda, curso médio, afluente rio Preto, rio Grande",Characidium fasciatum,-20.64528,-49.40306,15,10,1984
Brasil,São Paulo,Macaubal,DZSJRP-PISCES,3695,"Ribeirão Santa Bárbara (espraiado), afluente do rio Tiête",Characidium fasciatum,-20.96722,-50.01861,19,11,1999
Brasil,São Paulo,Nova Alianca,DZSJRP-PISCES,8541,"Córrego Borboleta, frigorífico, P.2",Characidium zebra,-20.99889,-49.48889,15,05,2006
Brasil,Mato Grosso do Sul,Antonio Joao,DZSJRP-PISCES,15276,"Córrego Formiguinha, drenagem do alto Paraná. Ponto 1",Characidium sp.,-21.65722,-54.425,26,06,2008
Brasil,Mato Grosso do Sul,Inocencia,DZSJRP-PISCES,10724,"Riacho afluente do rio Moranga, bacia do Paraná, ponto 3b",Characidium zebra,-19.62639,-52.11278,21,07,2007
Brasil,São Paulo,Botucatu,DZSJRP-PISCES,3961,"Rio Araquá, drenagem do rio Tietê, UHE Barra Bonita",Characidium fasciatum,-22.88056,-48.44028,28,05,1999
Brasil,Mato Grosso do Sul,Bonito,DZSJRP-PISCES,13730,"Córrego Seco, propriedade Sr. Roberval, Eco-Chacara Sta Lucia",Characidium zebra,-21.035,-56.615,22,01,2009
Brasil,Paraíba,Caapora,DZSJRP-PISCES,19905,"Ribeirão Camosim, drenagem Gramame. LM4",Characidium bimaculatum,-7.49889,-34.88944,05,11,2013
Brasil,Mato Grosso do Sul,Cassilandia,DZSJRP-PISCES,13799,Córrego Gallheiro,Characidium gomesi,-19.08667,-51.885,28,11,2008
Brasil,Rondônia,Machadinho D'Oeste,DZSJRP-PISCES,16801,"Bacia do rio Machado, drenagem do rio Madeira, ponto 37.",Characidium zebra,-9.55528,-61.92917,25,06,2012
Brasil,Goias,Bela Vista De Goias,DZSJRP-PISCES,7041,"Córrego sem nome, Rio Corumbá, dren. do Paranaíba,GO-020, Km 78",Characidium xanthopterum,-17.06889,-48.73306,06,02,2005
Brasil,Mato Grosso do Sul,Dois Irmaos Do Buriti,DZSJRP-PISCES,17925,"Córrego Correntes, fazenda Correntes II, drenagem rio Aquidauana, alto rio Paraguai.",Characidium zebra,-20.45556,-55.42139,01,02,2008
Brasil,Goias,Bela Vista De Goias,DZSJRP-PISCES,6981,"Córrego sem nome, rio Corumbá, drenagem do Paranaíba,GO-020, Km 78",Characidium zebra,-17.1,-48.73333,02,11,2004
Brasil,São Paulo,Jaboticabal,DZSJRP-PISCES,17646,"Córrego Rico,bacia do rio Grande, drenagem do Alto rio Paraná.",Characidium gomesi,-21.25056,-48.32028,31,12,2007
Brasil,Minas Gerais,Sao Roque De Minas,DZSJRP-PISCES,13830,"Córrego Luciano, entorno PARNA S. da Canastra, entrada do pq sob ponte",Characidium fasciatum,-20.31278,-46.5375,07,10,2008
Brasil,Minas Gerais,Piumhi,DZSJRP-PISCES,3847,"Riacho das Araras, MG 050, afluente do rio São Francisco",Characidium sp.,-20.44139,-45.92389,16,08,1998
Brasil,São Paulo,Nova Alianca,DZSJRP-PISCES,6533,"Rio Boroboleta, rio Tietê, próx. Frig Nutribem, entre N.A. e Bady",Characidium zebra,-20.99889,-49.48889,12,03,2004
Brasil,São Paulo,Sao Jose Do Rio Preto,DZSJRP-PISCES,5773,"Córrego do Macaco, ponto 1, drenagem do rio Preto",Characidium zebra,-20.84278,-49.35472,17,10,2003
Brasil,Mato Grosso do Sul,Cassilandia,DZSJRP-PISCES,13794,Córrego Gallheiro,Characidium gomesi,-19.08667,-51.885,05,06,2008
Brasil,Mato Grosso do Sul,Selviria,DZSJRP-PISCES,10692,"Riacho afluente do Rio Beltrão, bacia do Paraná, ponto 4",Characidium zebra,-20.18361,-51.64944,19,07,2007
Brasil,São Paulo,Ipigua,DZSJRP-PISCES,693,"Córrego da Barra Funda, curso médio, afluente rio Preto, rio Grande",Characidium fasciatum,-20.64528,-49.40306,16,12,1980
Brasil,Goias,Planaltina,DZSJRP-PISCES,22707,Afluente da margem esquerda do Ribeirão Cocal,Characidium fasciatum,-15.1358972222,-48.5580555556,09,01,2019
Brasil,Minas Gerais,Florestal,DZSJRP-PISCES,3867,"Ribeirão das Vacas, BR 262, rio Paraopeba, drenagem do São Francisco",Characidium sp.,-19.88278,-44.42861,14,08,1998
Brasil,Goias,Morrinhos,DZSJRP-PISCES,10428,"Riacho em estrada de terra Buriti Alegre- Morrinhos, à direita na GO 419",Characidium zebra,-17.93944,-49.1525,07,06,2007
Brasil,Distrito Federal,Brasilia,DZSJRP-PISCES,14278,"Ribeirão Extrema, afluente do rio São Francisco.",Characidium fasciatum,-15.84611,-47.38528,23,09,2010
Brasil,São Paulo,Jundiai,DZSJRP-PISCES,10086,"Riacho do Cachorro, microbacia do Rib Caguaçu, Bacia do Rio Jundiaí",Characidium oiticicai,-23.18056,-46.88028,24,07,2006
Brasil,São Paulo,Ipigua,DZSJRP-PISCES,710,"Córrego da Barra Funda, curso médio, afluente rio Preto, rio Grande",Characidium gomesi,-20.64528,-49.40306,07,12,1988
Brasil,Mato Grosso do Sul,Dois Irmaos Do Buriti,DZSJRP-PISCES,17851,"Afluente do Córrego Correntes, fazenda Correntes II, drenagem do rio Aquidauana, alto rio Paraguai.",Characidium zebra,-20.5,-55.41167,01,09,2008
Brasil,São Paulo,Castilho,DZSJRP-PISCES,10741,"Ribeirão do Abrigo, afluente do Rio Paraná, à montante",Characidium zebra,-20.82278,-51.50194,26,05,2007
Brasil,Mato Grosso do Sul,Cassilandia,DZSJRP-PISCES,13795,Córrego Gallheiro,Characidium zebra,-19.08667,-51.885,05,06,2008
Brasil,São Paulo,Itanhaem,DZSJRP-PISCES,15365,"Bacia do rio Itanhaém, drenagem costeira",Characidium sp.,-24.18056,-46.78028,31,12,2006
Brasil,Rondônia,Cacoal,DZSJRP-PISCES,17199,"Bacia do rio Machado, drenagem do rio Madeira, ponto 57.",Characidium zebra,-11.42972,-61.53444,11,07,2012
Brasil,Goias,Bela Vista De Goias,DZSJRP-PISCES,6878,"Córrego Capoeira Grande, Rio Corumbá, dren. do Paranaíba, GO-020, Km 78",Characidium sp.,-17.06361,-48.73361,25,07,2004
Brasil,Goias,Bela Vista De Goias,DZSJRP-PISCES,6984,"Córrego dos Macacos, Rio Corumbá, dren. do Paranaíba, GO-020, Km 78",Characidium zebra,-17.08333,-48.71667,01,11,2004
Brasil,Minas Gerais,Oliveira,DZSJRP-PISCES,8598,"Córrego do Açude, BR494 (Oliveira- SJDelRei), entrada à direita",Characidium fasciatum,-20.77889,-44.68167,23,05,2006
Brasil,Mato Grosso,Juina,DZSJRP-PISCES,22091,"Riacho J05, bacia do Rio Juruena, Rio Tapajós",Characidium zebra,-11.3583333333,-58.7636111111,01,06,2018
Brasil,Mato Grosso,Barra Do Garcas,DZSJRP-PISCES,19818,Afluente do rio Araguaia.,Characidium zebra,-15.89056,-52.25694,02,10,2006
Brasil,São Paulo,Sao Joao Da Boa Vista,DZSJRP-PISCES,12301,"Córrego Cachoeira, Faz Cachoeira.P6",Characidium zebra,-22.00972,-46.72139,01,01,1900
Brasil,São Paulo,Sao Jose Do Rio Preto,DZSJRP-PISCES,3754,"Córrego da Fazenda Santa Inês, ponte da Rod. J.D.Netto, Vila Azul, rio Grande",Characidium fasciatum,-20.87139,-49.37806,17,01,1998
Brasil,Goias,Cristalina,DZSJRP-PISCES,6415,"Córrego afl m esq r Paineiras, km 163,5 GO020 a 800 m da BR050, dren Paranaíba",Characidium sp.,-16.76861,-47.61361,04,01,2004
Brasil,São Paulo,Vitoria Brasil,DZSJRP-PISCES,4851,"Sítio Santo Afonso, córrego do Cedro, afluente do rio Grande",Characidium lagosantense,-20.22028,-50.50306,16,09,2001
Brasil,Mato Grosso do Sul,Bonito,DZSJRP-PISCES,13723,"Córrego Seco, propriedade Sr. Roberval, Eco-Chacara Sta Lucia",Characidium fasciatum,-21.035,-56.615,21,07,2008
Brasil,São Paulo,Monte Aprazivel,DZSJRP-PISCES,15145,"Bacia do baixo Tietê, drenagem do Paraná, Ponto 1.",Characidium zebra,-20.72389,-49.87861,04,10,2011
Brasil,Mato Grosso do Sul,Bodoquena,DZSJRP-PISCES,13752,"Córrego Azul, próx ao último assentamento do Sr Bigode, PARNA Serra da Bodoquena",Characidium zebra,-20.75861,-56.75194,21,09,2008
Brasil,Minas Gerais,Sao Roque De Minas,DZSJRP-PISCES,13817,"Córrego Cerrado, entorno PARNA s. Canastra, propriedade Sr. Joaquim Evaristo",Characidium fasciatum,-20.33333,-46.47528,08,08,2008
Brasil,São Paulo,Ipigua,DZSJRP-PISCES,695,"Córrego da Barra Funda, curso médio, afluente rio Preto, rio Grande",Characidium fasciatum,-20.64528,-49.40306,04,07,1980
Brasil,Goias,Agua Fria De Goias,DZSJRP-PISCES,22950,Córrego com nome desconhecido na Faz do Sr Batista,Characidium sp.,-15.0292305556,-47.8730472222,08,08,2018
Brasil,Mato Grosso do Sul,Cassilandia,DZSJRP-PISCES,13790,"Córrego Cedro, Faz do Sr Orizon",Characidium zebra,-19.15333,-51.75028,06,06,2008
Brasil,Mato Grosso,Juina,DZSJRP-PISCES,22179,"Riacho J09, bacia do Rio Juruena",Characidium zebra,-11.2827777778,-58.5730555556,02,06,2018
Brasil,São Paulo,Guarei,DZSJRP-PISCES,22750,"Ribeirão Guarda Mor, afl Rio Guareí",Characidium gomesi,-23.380075,-48.1619916667,NA,NA,NA
Brasil,Goias,Bela Vista De Goias,DZSJRP-PISCES,6474,"Corr Arapuquinha, Rio Corumbá, dren. Paranaíba; Faz. Arapuca; 17 Km da GO-17",Characidium sp.,-17.08694,-48.7675,28,04,2004
Brasil,São Paulo,Sao Miguel Arcanjo,DZSJRP-PISCES,13665,"Rio Lageado, rio Paranapanema",Characidium gomesi,-23.87056,-47.99028,05,11,2010
Brasil,São Paulo,Cardoso,DZSJRP-PISCES,7316,Córrego do Atolador,Characidium zebra,-20.02972,-50.04,01,01,1900
Brasil,São Paulo,Narandiba,DZSJRP-PISCES,14360,"Córrego Água do Silveira, afluente do rio Paranapanema, fazenda do Sossego.",Characidium zebra,-22.59389,-52.55389,25,09,2011
Brasil,Minas Gerais,Sao Roque De Minas,DZSJRP-PISCES,13813,"Córrego Grande, entorno Parna S. Canastra, propriedade Sr Elmo",Characidium fasciatum,-20.34028,-46.46556,08,10,2008
Brasil,Mato Grosso,Itiquira,DZSJRP-PISCES,12246,"Rio Itiquira, próximo ao Sítio do Tonico Boa Pessoa",Characidium zebra,-17.20111,-54.13833,12,08,2009
Brasil,São Paulo,Potirendaba,DZSJRP-PISCES,15713,"Córrego da Roseira, alto rio Paraná.",Characidium gomesi,-21.10722,-49.33667,30,09,2011
Brasil,São Paulo,Salesopolis,DZSJRP-PISCES,6934,"Rio Paraitinga, (Tietê), próx. á divisa de Salesópolis",Characidium zebra,-23.52917,-45.76861,16,08,2004
Brasil,São Paulo,Irapua,DZSJRP-PISCES,7215,"Córrego Figueira, afluente do rio Cubatão ou Barra Mansa, rio Tietê",Characidium zebra,-21.19111,-49.39333,15,10,2002
Brasil,Mato Grosso do Sul,Cassilandia,DZSJRP-PISCES,13785,"Córrego Indaiazinho, Faz Dona Selestrina",Characidium fasciatum,-19.05,-52.14861,04,08,2008
Brasil,São Paulo,Caraguatatuba,DZSJRP-PISCES,13164,"Rio Juqueriquere, à jusante ADA traçado rod dos Tamoios",Characidium lanei,-23.62056,-45.41028,01,08,2010
Brasil,São Paulo,Ipigua,DZSJRP-PISCES,704,"Córrego da Barra Funda, curso médio, afluente rio Preto, rio Grande",Characidium fasciatum,-20.64528,-49.40306,24,08,1981
Brasil,Rio de Janeiro,Parati,DZSJRP-PISCES,20435,"Ribeirão Melancia, afl rio Taquari",Characidium sp.,-23.03583,-44.7,28,05,2015
Brasil,Mato Grosso,Juina,DZSJRP-PISCES,22212,"Riacho J11, drenagem do Rio Juruena",Characidium zebra,-11.3458333333,-58.3783333333,03,06,2018
Brasil,São Paulo,Silveiras,DZSJRP-PISCES,13907,"Riacho no aceso em terra ao bairro Colinas, em fente ao Sítio Fazendinha 3 Irmãos, estr Silveiras-Cunha",Characidium alipioi,-22.83333,-44.8475,01,06,2010
Brasil,Mato Grosso,Aripuana,DZSJRP-PISCES,21848,"Riacho A22, bacia do Rio Aripuanã",Characidium zebra,-11.4491666667,-59.0722222222,05,08,2017
Brasil,São Paulo,Monte Alto,DZSJRP-PISCES,12213,"Córrego Rico, antes da Estaçao de Tratamento de Monte Alto",Characidium sp.,-21.31222,-48.44833,01,02,2009
Brasil,Mato Grosso do Sul,Miranda,DZSJRP-PISCES,13716,"Córrego Taquaral, Faz do Sr Faete, PARNA Serra da Bodoquena",Characidium fasciatum,-20.10389,-56.63333,23,07,2008
Brasil,São Paulo,Jales,DZSJRP-PISCES,5417,"Ponte de concreto sobre o córr. da Roça, estr. terra V.Brasil a Jales, r. Grande",Characidium sp.,-20.24111,-50.51667,04,03,2003
Brasil,Minas Gerais,Sao Roque De Minas,DZSJRP-PISCES,13819,"Córrego Cerrado, entorno PARNA s. Canastra, propriedade Sr. Joaquim Evaristo",Characidium fasciatum,-20.33333,-46.47528,09,12,2008
Brasil,São Paulo,Jacupiranga,DZSJRP-PISCES,2295,"Fazenda S.E.A.R.A. (riacho dentro da mata), drenagem do rio Ribeira do Iguape",Characidium fasciatum,-24.6925,-48.00222,23,08,1985
Brasil,Mato Grosso,Aripuana,DZSJRP-PISCES,21812,"Riacho A20, bacia do Rio Aripuanã",Characidium zebra,-10.7802777778,-59.2269444444,03,08,2017
Brasil,São Paulo,Nova Alianca,DZSJRP-PISCES,10236,"Rio Borá, entre Nova Aliança e Potirendaba, drenagem do Tietê",Characidium gomesi,-21.02167,-49.45972,29,09,2006
Brasil,Mato Grosso,Itiquira,DZSJRP-PISCES,12242,"Cabeceira do rio Corrente, Fazenda Romera",Characidium zebra,-17.23361,-53.7375,11,08,2009
Brasil,NA,NA,DZSJRP-PISCES,20703,"Procedência presumida drenagens dos rios Tapajós, Tocantins ou Xingu",Characidium sp.,0,0,01,01,1900
Brasil,Mato Grosso,Cotriguacu,DZSJRP-PISCES,22395,"Riacho J20, bacia do Rio Juruena",Characidium zebra,-9.9108333333,-58.4213888889,08,06,2018
Brasil,Mato Grosso do Sul,Bodoquena,DZSJRP-PISCES,13753,"Córrego Azul, próx ao último assentamento do Sr Bigode, PARNA Serra da Bodoquena",Characidium fasciatum,-20.75861,-56.75194,17,01,2009
Brasil,São Paulo,município desconhecido,DZSJRP-PISCES,12361,"Rio Capivari, bacia do rio Itanhaem, PESM Núcleo Curucutu",Characidium oiticicai,-23.92083,-46.69528,01,11,2007
Brasil,Minas Gerais,Aiuruoca,DZSJRP-PISCES,19951,"Córrego Corguinho, afluente do rio Ingaí.",Characidium sp.,-21.97611,-44.60333,01,02,2010
Brasil,São Paulo,Irapua,DZSJRP-PISCES,7188,"Córrego Figueira, afluente do rio Cubatão ou Barra Mansa, rio Tietê",Characidium zebra,-21.19111,-49.39333,01,06,2003
Brasil,São Paulo,Estrela D'Oeste,DZSJRP-PISCES,7340,Córrego do Desengano,Characidium zebra,-20.155,-50.4375,19,07,2004
Brasil,São Paulo,Cafelandia,DZSJRP-PISCES,9951,"Riacho afl direto do rio Tietê, faz logo após a ponte sobre o rio, SP333 (m esq)",Characidium zebra,-21.64556,-49.32833,21,12,2006
Brasil,Rondônia,Vale Do Anari,DZSJRP-PISCES,14997,"Bacia do rio Machado, drenagem do rio Madeira. Ponto 18",Characidium zebra,-9.61583,-62.26889,09,09,2011
Brasil,Minas Gerais,Sao Roque De Minas,DZSJRP-PISCES,13824,"Córrego Cachoeirinha, entorno PARNA S. da Canastra, em frente à Brazil. Diamonds",Characidium fasciatum,-20.32417,-46.5375,10,12,2008
Brasil,São Paulo,Aguas De Santa Barbara,DZSJRP-PISCES,11316,"Rio Guarantã, Estação Ecológica Águas de Santa Bárbara",Characidium zebra,-22.80417,-49.25222,16,09,2008
Brasil,Mato Grosso do Sul,Dois Irmaos Do Buriti,DZSJRP-PISCES,12432,Córrego Corrente na Faz Corrente II (MMX),Characidium zebra,-20.51306,-55.39639,01,02,2008
Brasil,Minas Gerais,Quartel Geral,DZSJRP-PISCES,19006,"Córrego do Jacu, drenagem do rio São Francisco. UFLA 6825",Characidium fasciatum,-19.31778,-45.5125,05,09,2010
Brasil,São Paulo,Dracena,DZSJRP-PISCES,16431,"Córrego do Prado, Rio do Peixe.",Characidium zebra,-21.64972,-51.54333,14,12,2011
Brasil,Goias,Planaltina,DZSJRP-PISCES,22930,Afluente da margem direita do Córrego Rico no cruzamento com a rodovia GO230,Characidium sp.,-15.1849805556,-47.6997277778,07,08,2018
Brasil,Mato Grosso,Barra Do Garcas,DZSJRP-PISCES,19857,"Córrego fundo II, bacia do Araguaia.",Characidium zebra,-15.89056,-52.25694,31,10,2005
Brasil,São Paulo,Campos Do Jordao,DZSJRP-PISCES,3959,"Ribeirão Grande, afluente do rio Sapucaí-Guaçu, rio Paraíba do Sul",Characidium lauroi,-22.73056,-45.59028,01,01,1900
Brasil,Paraná,Morretes,DZSJRP-PISCES,5730,"Rio Sagrado, rio Nhundiaquara",Characidium pterostictum,-25.55444,-48.80056,08,09,2003
Brasil,Mato Grosso do Sul,Cassilandia,DZSJRP-PISCES,13771,"Córrego Indaiazinho, Faz Dona Selestrina",Characidium gomesi,-19.05,-52.14861,06,06,2008
Brasil,Mato Grosso,Tangara Da Serra,DZSJRP-PISCES,18819,"Afluente do rio Sepotuba, afluente do rio Paraguai.",Characidium gomesi,-14.63111,-57.71111,20,11,2007
Brasil,Mato Grosso do Sul,Bodoquena,DZSJRP-PISCES,13756,"Córrego Azul, próx ao último assentamento do Sr Bigode, PARNA Serra da Bodoquena",Characidium zebra,-20.75861,-56.75194,10,03,2009
Brasil,Mato Grosso do Sul,Bodoquena,DZSJRP-PISCES,13751,"Córrego Azul, próx ao último assentamento do Sr Bigode, PARNA Serra da Bodoquena",Characidium fasciatum,-20.75861,-56.75194,21,09,2008
Brazil,São Paulo,Monteiro Lobato,DZSJRP-PISCES,5517,"Riacho afl. rio Buquira, estrada Monteiro Lobato - Caçapava, rio Paraíba do Sul",Characidium lauroi,-22.99333,-45.79278,10,07,2003
Brasil,Mato Grosso,Alto Taquari,DZSJRP-PISCES,19953,Afluente do rio Taquari.,Characidium gomesi,-17.82667,-53.2825,01,07,2011
Brasil,São Paulo,Irapua,DZSJRP-PISCES,18344,"Córrego Figueira, afluente do rio Cubatão ou Barra Mansa, rio Tietê",Characidium zebra,-21.19111,-49.39333,17,01,1997
Brasil,Rondônia,Vale Do Anari,DZSJRP-PISCES,16594,"Bacia do rio Machado, drenagem do rio Madeira, ponto 26.",Characidium zebra,-9.54194,-61.64444,08,06,2012
Brasil,Rio de Janeiro,Silva Jardim,DZSJRP-PISCES,13850,"Afluente do rio São João, Gaviões, 3º Distr, RJ126",Characidium alipioi,-22.58333,-42.57889,31,05,2011
Brasil,São Paulo,Itanhaem,DZSJRP-PISCES,15357,"Sub-bacia do rio Preto, bacia do rio Itanhaém, drenagem costeira",Characidium sp.,-24.12028,-46.95667,01,04,2006
Brasil,Goias,Bela Vista De Goias,DZSJRP-PISCES,6491,"Riacho sem nome, afl. Arapuca, Faz. Arapuca, drenagem do Rio Paranaíba",Characidium xanthopterum,-17.06833,-48.73306,29,04,2004
Brasil,São Paulo,Sao Joao Da Boa Vista,DZSJRP-PISCES,12310,"Córrego Cachoeira, Faz. Cachoeira. P5",Characidium zebra,-22.00611,-46.71639,01,01,1900
Brasil,Mato Grosso do Sul,Cassilandia,DZSJRP-PISCES,13793,"Córrego Cedro, Faz do Sr Orizon",Characidium zebra,-19.15333,-51.75028,27,11,2008
Brasil,Rondônia,Ji-Parana,DZSJRP-PISCES,17109,"Bacia do rio Machado, drenagem do rio Madeira, ponto 53.",Characidium zebra,-11.0575,-61.97944,09,07,2012
Brasil,São Paulo,Itanhaem,DZSJRP-PISCES,15363,"Bacia do rio Itanhaém, drenagem costeira",Characidium sp.,-24.18056,-46.78028,31,12,2006
Brasil,Goias,Bela Vista De Goias,DZSJRP-PISCES,7008,"Córrego Arapuquinha, rio Corumbá, dren. do Paranaíba, GO-020,Km 78",Characidium sp.,-17.08694,-48.76778,31,10,2004
Brasil,Mato Grosso do Sul,Bonito,DZSJRP-PISCES,13727,"Córrego Seco, propriedade Sr. Roberval, Eco-Chacara Sta Lucia",Characidium fasciatum,-21.035,-56.615,15,11,2008
Brasil,Mato Grosso,Juina,DZSJRP-PISCES,22283,"Riacho J15, drenagem do Rio Juruena",Characidium zebra,-11.3477777778,-58.7419444444,04,06,2018
Brasil,Mato Grosso do Sul,Dois Irmaos Do Buriti,DZSJRP-PISCES,18077,"Represa, fazenda Correntes I, drenagem rio Aquidauana, alto rio Paraguai. AQDN 16",Characidium zebra,-20.53583,-55.37444,01,02,2008
Brasil,São Paulo,Ipigua,DZSJRP-PISCES,698,"Córrego da Barra Funda, curso médio, afluente rio Preto, rio Grande",Characidium fasciatum,-20.64528,-49.40306,23,10,1980
Brasil,Minas Gerais,Prata,DZSJRP-PISCES,8760,"Riacho afl rio das Pedras, acesso em terra para Patrimônio",Characidium gomesi,-19.45389,-48.82333,04,09,2006
Brasil,São Paulo,Severinia,DZSJRP-PISCES,9833,Córrego do Biaxão,Characidium zebra,-20.7725,-48.80861,17,08,2005
Brasil,São Paulo,Irapua,DZSJRP-PISCES,714,"Córrego Figueira, afluente do rio Cubatão ou Barra Mansa, rio Tietê",Characidium fasciatum,-21.19111,-49.39333,26,02,1989
Brasil,São Paulo,Adolfo,DZSJRP-PISCES,2933,"Riacho afluente do Ribeirão da Fartura, drenagem do rio Tietê",Characidium fasciatum,-21.23056,-49.64028,08,08,1998
Brasil,Minas Gerais,Ibia,DZSJRP-PISCES,8726,"Riacho na rod Mario Rodrigues de Paiva, vicinal (terra) BR262, antes Araxá",Characidium gomesi,-19.54861,-46.83417,07,09,2006
Brasil,São Paulo,Catanduva,DZSJRP-PISCES,15702,"Córrego do Matão, alto rio Paraná.",Characidium zebra,-20.93472,-48.91,31,12,2011
Brasil,São Paulo,Caraguatatuba,DZSJRP-PISCES,12473,"Poça ao lado da Rio-Santos, praia Tabatinga, antes do posto BR, prox à div Caraguá-Ubatuba, drenagem litorânea",Characidium lanei,-23.56583,-45.26917,20,05,2010
Brasil,São Paulo,Sao Joao Da Boa Vista,DZSJRP-PISCES,12322,"Sertãozinho, Faz Cachoeira",Characidium gomesi,-22.01333,-46.71528,01,01,1900
Brasil,São Paulo,Mongagua,DZSJRP-PISCES,13920,"Riacho no Bairro Quatinga, ao lado do boteco do Seu João, rio Aguapeú",Characidium sp.,-24.06667,-46.70222,03,06,2011
Brasil,Mato Grosso do Sul,Ivinhema,DZSJRP-PISCES,7529,"Rio Piravevê, afl. da margem direita do Rio Ivinhema, Alto Rio Paraná",Characidium lagosantense,-22.23306,-53.78333,23,04,2005
Brasil,NA,NA,DZSJRP-PISCES,7925,Alto rio Paraná.,Characidium zebra,0,0,18,03,2004
Brasil,Minas Gerais,Uberaba,DZSJRP-PISCES,7518,"rio Uberaba, estrada Uberaba-Almeida Campos e Nova Ponte, rio Grande",Characidium sp.,-19.66111,-47.82306,21,05,2003
Brasil,Mato Grosso,Alto Garcas,DZSJRP-PISCES,3972,"Km 38 da Br 364, sentido Cafelândia do Leste, drenagem do rio Araguaia",Characidium sp.,-16.90083,-53.54667,30,09,1989
Brasil,São Paulo,Ibira,DZSJRP-PISCES,15228,"Bacia do rio Tietê-Batalha, drenagem do rio Paraná. Ponto 6.",Characidium zebra,-21.04944,-49.23889,06,10,2011
Brasil,Rondônia,Vale Do Anari,DZSJRP-PISCES,16716,"Bacia do rio Machado, drenagem do rio Madeira. Ponto 31.",Characidium zebra,-9.595,-61.60472,09,06,2012
Brasil,São Paulo,Santa Rita Do Passa Quatro,DZSJRP-PISCES,8381,"Cór. Paulicéia, depois de receber o Cór. Água Santa, Pq. Est. de Vassununga,p 11",Characidium zebra,-21.68139,-47.65667,18,01,2006
Brasil,Mato Grosso,Juina,DZSJRP-PISCES,22058,"Riacho J04, bacia do Rio Juruena, Rio Tabajós",Characidium zebra,-11.5352777778,-58.7172222222,31,05,2018
Brasil,São Paulo,Santo Antonio Do Aracangua,DZSJRP-PISCES,10602,"Córrego do Bugio, Baixo Tietê",Characidium zebra,-20.75028,-50.75222,01,05,2007
Brasil,Mato Grosso do Sul,Cassilandia,DZSJRP-PISCES,13800,Córrego Gallheiro,Characidium zebra,-19.08667,-51.885,28,11,2008
Brasil,São Paulo,Caraguatatuba,DZSJRP-PISCES,13161,"Rio Juqueriquere, ADA traçado rod dos Tamoios",Characidium lanei,-23.62056,-45.41028,01,08,2010
Brasil,São Paulo,Ipigua,DZSJRP-PISCES,9733,Córrego da Areia Branca,Characidium gomesi,-20.69,-49.45111,27,07,2005
Brasil,Minas Gerais,Sao Roque De Minas,DZSJRP-PISCES,13823,"Córrego Cachoeirinha, entorno PARNA S. da Canastra, em frente à Brazil. Diamonds",Characidium fasciatum,-20.32417,-46.5375,07,08,2008
Brasil,Mato Grosso do Sul,Anastacio,DZSJRP-PISCES,18009,"Córrego Acôgo, fazenda Boa Esperança, drenagem rio Aquidauana, alto rio Paraguai.",Characidium zebra,-20.72417,-56.01722,01,02,2008
Brasil,São Paulo,Bananal,DZSJRP-PISCES,20416,"Ribeirão das Cobras, afl rio Praíba do Sul",Characidium japuhybense,-22.79389,-44.37833,26,05,2015
Brasil,Mato Grosso do Sul,Dois Irmaos Do Buriti,DZSJRP-PISCES,18812,"Represa, fazenda Vô Fiorindo, drenagem rio Aquidauana, alto rio Paraguai.",Characidium zebra,-20.59472,-55.42278,01,01,1900
Brasil,Tocantins,Xambioa,DZSJRP-PISCES,18581,"Córrego do Zuza, drenagem do rio Araguaia, A4",Characidium sp.,-6.42972,-48.42472,31,10,2012
Brasil,Minas Gerais,Delfim Moreira,DZSJRP-PISCES,13956,"Rio Sto Antonio, à jusante da Cachoeira Ninho da Águia, afl rio Sapucaí, rio Grande",Characidium zebra,-22.46833,-45.35,15,06,2011
Brasil,São Paulo,Ipigua,DZSJRP-PISCES,9731,Córrego da Areia Branca,Characidium zebra,-20.69,-49.45111,27,07,2005
Brasil,São Paulo,Jacupiranga,DZSJRP-PISCES,3150,"Fazenda S.E.A.R.A. (riacho dentro da mata), drenagem do rio Ribeira do Iguape",Characidium fasciatum,-24.6925,-48.00222,16,08,1985
Brasil,Mato Grosso do Sul,Cassilandia,DZSJRP-PISCES,13789,"Córrego Indaiazinho, Faz Dona Selestrina",Characidium fasciatum,-19.05,-52.14861,16,03,2009
Brasil,São Paulo,NA,DZSJRP-PISCES,13383,"Ponte dos Barrageiros, montante, Res de Jupiá, rio Tietê",Characidium zebra,0,0,17,09,2007
Brasil,São Paulo,NA,DZSJRP-PISCES,701,"Córrego da Barra Funda, desembocadura, afluente rio Preto, rio Grande",Characidium fasciatum,-20.60889,-49.42028,24,07,1981
Brasil,São Paulo,Paraibuna,DZSJRP-PISCES,6949,"Rio Paraitinga, próx. à divisa de Salesópolis, reg. de mata nativa,prof.m.0.26",Characidium oiticicai,-23.53333,-45.68333,25,08,2004
Brasil,São Paulo,Vitoria Brasil,DZSJRP-PISCES,5008,"Afluente do córrego da Helena, Sitio São Manoel, rio Grande",Characidium lagosantense,-20.17694,-50.50056,18,12,2001
Brasil,Mato Grosso do Sul,Bodoquena,DZSJRP-PISCES,13748,"Córrego Azul, próx ao último assentamento do Sr Bigode, PARNA Serra da Bodoquena",Characidium zebra,-20.75861,-56.75194,24,07,2008
Brasil,Goias,Ipameri,DZSJRP-PISCES,10486,"Córrego Fundo, GO 213",Characidium sp.,-17.78583,-48.42472,08,06,2007
Brasil,São Paulo,Ipigua,DZSJRP-PISCES,675,"Córrego da Barra Funda, curso médio, afluente rio Preto, rio Grande",Characidium fasciatum,-20.64528,-49.40306,22,11,1982
Brasil,Mato Grosso do Sul,Bonito,DZSJRP-PISCES,13757,"Córrego Olaria, Propriedade Chantal",Characidium zebra,-21.02972,-56.61556,30,05,2008
Brasil,Rio de Janeiro,Resende,DZSJRP-PISCES,20361,"Rio Roncador, estrada Penedo - Maromba, drenagem Paraiba do Sul.",Characidium pterostictum,-22.35778,-44.50111,23,04,2015
Brasil,São Paulo,Ipero,DZSJRP-PISCES,20614,"Rio Ipanema, bacia do rio Sorocaba.",Characidium zebra,-23.42361,-47.59694,02,11,2012
Brasil,São Paulo,Pauliceia,DZSJRP-PISCES,15442,"Lagoa, foz do Aguapeí, faz. Buritis. Drenagem do Paraná.",Characidium sp.,-21.12083,-51.775,07,02,2012
Brasil,Mato Grosso do Sul,Miranda,DZSJRP-PISCES,13720,"Córrego Taquaral, Faz do Sr Faete, PARNA Serra da Bodoquena",Characidium fasciatum,-20.10389,-56.63333,07,03,2009
Brasil,Mato Grosso do Sul,Dois Irmaos Do Buriti,DZSJRP-PISCES,17943,"Afluente do rio Cachoeirão, fazenda Taruana, rio Aquidauana, alto rio Paraguai.",Characidium laterale,-20.50306,-55.25806,01,09,2008
Brasil,São Paulo,Pauliceia,DZSJRP-PISCES,15500,"Riacho Ponte Queimada, braço lêntico, foz do rio Aguapeí, drenagem do alto Paraná.",Characidium lagosantense,-21.12861,-51.8,07,02,2012
Brasil,São Paulo,Promissao,DZSJRP-PISCES,18416,"Drenagem do rio Aguapeí, alto rio Paraná.",Characidium zebra,-21.53056,-49.85028,28,09,2008
Brasil,Mato Grosso,Denise,DZSJRP-PISCES,18963,"riacho da drenagem do rio Paraguai, ponto 6",Characidium zebra,-14.74056,-57.05417,01,01,1900
Brasil,Rondônia,Theobroma,DZSJRP-PISCES,16898,Bacia do rio Machado. drenagem do rio Madeira. Ponto 41.,Characidium zebra,-10.30333,-62.64444,29,06,2012
Brasil,Minas Gerais,Carmo Do Rio Claro,DZSJRP-PISCES,21135,"Pedra Molhada, afl Rio Sapucai, alto Paraná",Characidium gomesi,-21.0049583333,-46.2967416667,12,04,2017
Brasil,São Paulo,Planalto,DZSJRP-PISCES,17807,"Fazenda Taperão, UGRHI baixo Tietê",Characidium lagosantense,-20.99056,-49.98056,11,06,2007
Brasil,Mato Grosso,Aripuana,DZSJRP-PISCES,21471,"Riacho A01, Rio Aripuanã",Characidium zebra,-10.1963888889,-59.4886111111,27,07,2017
Brasil,Mato Grosso do Sul,Bonito,DZSJRP-PISCES,13804,"Córrego Mutum, propriedade do Sr Jorge",Characidium fasciatum,-21.30028,-56.43556,24,05,2008
Brasil,São Paulo,Itatinga,DZSJRP-PISCES,20472,"Córrego Itaúna, área aberta, drenagem do rio Paranapanema",Characidium gomesi,-23.16639,-48.62556,25,09,2014
Brasil,Mato Grosso do Sul,Bonito,DZSJRP-PISCES,13763,"Córrego Olaria, Propriedade Chantal",Characidium zebra,-21.02972,-56.61556,19,01,2009
Brasil,Rio de Janeiro,Tinguá,DZSJRP-PISCES,12507,"Riacho na Faz Atlântica, a 100m do centro de Tinguá, drenagem litorânea",Characidium sp.,-22.58778,-43.41833,22,05,2010
Brasil,São Paulo,Palestina,DZSJRP-PISCES,711,"Córrego Formiga, Sítio Santa Isabel, afluente do rio Grande",Characidium fasciatum,-20.39,-49.43306,27,05,1984
Brasil,São Paulo,Sao Jose Do Rio Preto,DZSJRP-PISCES,712,"Represa Municipal de São José do Rio Preto, rio Grande",Characidium fasciatum,-20.8225,-51.50194,03,08,1983
Brasil,Mato Grosso do Sul,Bonito,DZSJRP-PISCES,20245,"Córrego Restinga, trecho 1, drenagem do Paraguai.",Characidium zebra,-21.12083,-56.48583,31,12,2008
Brasil,Mato Grosso do Sul,Bonito,DZSJRP-PISCES,13758,"Córrego Olaria, Propriedade Chantal",Characidium fasciatum,-21.02972,-56.61556,22,07,2008
Brasil,Mato Grosso do Sul,Corumba,DZSJRP-PISCES,20314,Lagoas marginais Pantanal. BEP14,Characidium sp.,-19.57722,-57.01917,15,11,2014
Brasil,São Paulo,Potirendaba,DZSJRP-PISCES,17620,"Córrego do Coqueiral, rio Tietê, drenagem do Alto rio Paraná.",Characidium zebra,-21.14861,-49.46167,25,07,2012
Brasil,São Paulo,Ipigua,DZSJRP-PISCES,3655,"Córrego da Barra Funda, curso médio, afluente rio Preto, rio Grande",Characidium sp.,-20.64528,-49.40306,20,08,1996
Brasil,São Paulo,Ipigua,DZSJRP-PISCES,702,"Córrego da Barra Funda, curso médio, afluente rio Preto, rio Grande",Characidium fasciatum,-20.64528,-49.40306,08,01,1981
Brasil,Mato Grosso do Sul,Bodoquena,DZSJRP-PISCES,13735,"Córrego Sta Maria, Faz Rancho Branco, PARNA Serra da Bodoquena",Characidium fasciatum,-20.685,-56.77778,25,07,2008
Brasil,Rio Grande do Norte,Taipu,DZSJRP-PISCES,15273,Rio Ceará Mirim. Distrito de Umari.,Characidium bimaculatum,-5.62972,-35.61694,11,08,2001
Brasil,Mato Grosso do Sul,Angelica,DZSJRP-PISCES,7506,"Córrego Ouro Verde (Nascente), Rio Ivinhema",Characidium zebra,-22.15167,-53.81861,22,04,2005
Brasil,Minas Gerais,Sao Roque De Minas,DZSJRP-PISCES,13831,"Córrego Luciano, entorno PARNA S. da Canastra, entrada do pq sob ponte",Characidium fasciatum,-20.31278,-46.5375,10,12,2008
Brasil,Mato Grosso do Sul,Cassilandia,DZSJRP-PISCES,13780,"Ribeirão Grande, Faz do Sr Lázaro",Characidium zebra,-19.18556,-51.33917,13,06,2008
Brasil,São Paulo,Macaubal,DZSJRP-PISCES,3720,"Ribeirão Santa Bárbara (espraiado), afluente do rio Tiête",Characidium fasciatum,-20.96722,-50.01861,16,12,1999
Brasil,Distrito Federal,Brasilia,DZSJRP-PISCES,10821,"Córrego Barriguda Rib. Santa Maria/ Torto, Bacia lago Paranoá, dren do Paraná",Characidium zebra,-15.66722,-47.95194,10,01,2007
Brasil,São Paulo,Ipigua,DZSJRP-PISCES,679,"Córrego da Barra Funda, curso médio, afluente rio Preto, rio Grande",Characidium fasciatum,-20.64528,-49.40306,16,08,1983
Brasil,São Paulo,Monte Aprazivel,DZSJRP-PISCES,8115,"Córrego da Água Limpa, bacia do São José dos Dourados, trecho4 (quarta ordem)",Characidium gomesi,-20.80167,-49.69028,08,07,2004
Brasil,São Paulo,Sao Jose Do Rio Preto,DZSJRP-PISCES,15209,"Bacia do rio Tietê-Batalha, drenagem do Paraná. Ponto 5.",Characidium zebra,-20.95472,-49.35472,05,10,2011
Brasil,Mato Grosso,Tangara Da Serra,DZSJRP-PISCES,18867,"Afluente do rio Sepotuba, drenagem do rio Paraguai. TSA-6",Characidium gomesi,-14.62528,-57.62972,23,11,2007
Brasil,São Paulo,Cosmorama,DZSJRP-PISCES,9658,Córrego do Bagaço,Characidium zebra,-20.40222,-49.68556,09,07,2005
Brasil,Rondônia,Presidente Medici,DZSJRP-PISCES,14753,"Bacia do rio Machado, drenagem do rio Madeira, ponto 13.",Characidium zebra,-11.03056,-61.91056,31,08,2011
Brasil,Estado de Minas Gerais,Felixlandia,LIRP,4245,Córrego do Brito ( estrada entre Silva Campos-Campo Alegre),Characidium fasciatum,-18.7581005096436,-44.8988990783691,12,03,2002
Brasil,Estado de Sao Paulo,Sao Bernardo Do Campo,LIRP,11479,"Rio das Almas (4),CBE, Distrito de Riacho Grande (córrego afluente)",Characidium schubarti,-23.6900005340576,-46.560001373291,25,11,2014
Brasil,Estado de Sao Paulo,Luis Antonio,LIRP,6031,"Lagoa do Diogo, lagoa marginal do Rio Mogi-Guaçú, Reserva Ecológica de Jataí",Characidium zebra,-21.6238889,-47.8061111,11,09,2007
Brasil,Estado de Sao Paulo,Caraguatatuba,LIRP,11336,Rio Cumburu; afluente do Rio Juqueriquere,Characidium vidali,-23.6444444444,-45.4991666667,14,01,2015
Brasil,Estado de Minas Gerais,Felixlandia,LIRP,4214,Rio paraopeba (Clube de Pesca Barra do Paraopeba),Characidium fasciatum,-18.7581005096436,-44.8988990783691,28,06,2002
Brasil,Estado de Sao Paulo,Sao Bernardo Do Campo,LIRP,11490,"Rio das Almas (4),CBE, Distrito de Riacho Grande (córrego afluente)",Characidium schubarti,-23.6900005340576,-46.560001373291,25,11,2014
Brasil,Estado de Mato Grosso do Sul,Coxim,LIRP,11400,Rio Taquari,Characidium aff. zebra,-18.5266666667,-54.74,18,06,2014
Brasil,Estado de Sao Paulo,Divinolandia,LIRP,5757,"córrego São Domingos (junta com o Rio do Peixe), fazenda Barreiros",Characidium gomesi,-21.6599998474121,-46.7299995422363,11,09,2005
Brasil,Estado de Mato Grosso,Campinapolis,LIRP,3913,Não especificada,Characidium xavante,-13.9286111,-53.2625,20,01,2002
Brasil,Estado de Sao Paulo,Santa Rosa De Viterbo,LIRP,220,Rio Pardo,Characidium fasciatum,-21.4699993133545,-47.3600006103516,31,12,1990
Brasil,Estado de Sao Paulo,Aracatuba,LIRP,4035,"Afluente direito do Córrego Água Boa, sub-bacia do Rio Aguapeí",Characidium sp.,-21.4433333,-50.5783333,02,04,2000
Brasil,Estado de Minas Gerais,Paracatu,LIRP,9194,"Córrego da Cachoeirinha, junto à ponte de concreto e maderia em estrada de terra, próximo à Fazenda Beirute",Characidium zebra,-17.3377778,-47.3636111,01,07,2012
Brasil,Estado de Minas Gerais,Jequitai,LIRP,4864,"Córrego Corrente, na Fazenda do Corrente, ca. de 70 km NO de Jequitaí (Estação 9)",Characidium sp.,-17.1680556,-44.4680556,20,11,1995
Brasil,Estado de Mato Grosso do Sul,Bodoquena,LIRP,5635,"Córrego Salobrinha, Faz. Rancho Branco, afl. do Salobra",Characidium borellii,-20.6825,-56.7766667,02,09,2004
Brasil,Estado de Mato Grosso,Sapezal,LIRP,15075,"Rio Juruena, PCH Telegráfica",Characidium sp.,-12.8497222,-58.9266667,01,06,2007
Brasil,Estado de Mato Grosso do Sul,Bonito,LIRP,5538,"Cór. do Passinho, onde cruza a MS-345, a 25 km de Bonito",Characidium cf. zebra,-20.9105556,-56.4211111,21,08,2004
Brasil,Estado de Sao Paulo,Orindiuva,LIRP,2512,"Córrego Macaúba, Faz. Bela Vista, sub-bacia do Turvo-Grande - TUG051",Characidium zebra,-20.21,-49.3977778,12,07,2001
Brasil,Rio Grande do Sul,NA,CPUPF,120,Rio Passo Fundo,Characidium,0,0,18,05,1997
Brasil,Rio Grande do Sul,NA,CPUPF,123,Rio Passo Fundo,Characidium,0,0,13,01,1997
Brasil,Rio Grande do Sul,NA,CPUPF,226,Rio Passo Fundo,Characidium,0,0,18,05,1997
Brasil,Rio Grande do Sul,NA,CPUPF,93,Rio Passo Fundo,Characidium,0,0,13,01,1997
Brasil,Mato Grosso do Sul,Bonito,ZUFMS-PIS,ZUFMS-PIS06925,Córrego Saladeiro,Characidium zebra,-21.109469,-56.473353,04,10,2016
Brasil,Mato Grosso do Sul,Bonito,ZUFMS-PIS,ZUFMS-PIS06807,Córrego Serradinho,Characidium zebra,-21.024362,-56.616223,12,01,2016
Brasil,Mato Grosso do Sul,Bonito,ZUFMS-PIS,ZUFMS-PIS06777,Córrego afluente do Rio Mimoso,Characidium zebra,-21.005156,-56.503660000000004,08,10,2016
Brasil,Mato Grosso do Sul,Bonito,ZUFMS-PIS,ZUFMS-PIS06774,Córrego Bonito,Characidium zebra,-21.141702,-56.439545,09,10,2016
Brasil,Mato Grosso do Sul,Bonito,ZUFMS-PIS,ZUFMS-PIS06771,Córrego afluente do Rio Mimoso,Characidium zebra,-21.005156,-56.503660000000004,05,10,2016
Brasil,Mato Grosso do Sul,Bonito,ZUFMS-PIS,ZUFMS-PIS06759,Córrego afluente do Rio Mimoso,Characidium zebra,-20.9627,-56.5589,05,10,2016
Brasil,Mato Grosso do Sul,Bonito,ZUFMS-PIS,ZUFMS-PIS06752,Afluente do Rio Mimoso,Characidium zebra,-21.031288,-56.494191,06,10,2016
Brasil,Mato Grosso,Poconé,ZUFMS-PIS,ZUFMS-PIS06622,Confluência do Rio São Lourenço com Piquiri,Characidium zebra,-17.307778,-56.720556,26,01,2021
Brasil,Mato Grosso,Poconé,ZUFMS-PIS,ZUFMS-PIS06585,Confluência do Rio São Lourenço com Piquiri,Characidium zebra,-17.307778,-56.720556,26,01,2021
Brasil,Mato Grosso do Sul,São Gabriel do Oeste,ZUFMS-PIS,ZUFMS-PIS06354,"Afluente do rio Coxim sem nome, próximo à casa de força da PCH Ponte Alta",Characidium zebra,-19.395299911499,-54.5663986206055,05,12,2019
Brasil,Mato Grosso do Sul,Coxim,ZUFMS-PIS,ZUFMS-PIS06326,Rio Taquari,Characidium zebra,-18.526667,-54.740556,23,07,2019
Brasil,Mato Grosso do Sul,Corumbá,ZUFMS-PIS,ZUFMS-PIS06273,Baía do Arroz na Pousada do Sr. Petri,Characidium zebra,-19.021735,-57.498136,10,12,2019
Brasil,Mato Grosso do Sul,Coxim,ZUFMS-PIS,ZUFMS-PIS06261,Córrego São Francisco,Characidium zebra,-18.510277,-54.768401,17,12,2019
Brasil,Mato Grosso do Sul,Corumbá,ZUFMS-PIS,ZUFMS-PIS06048,Vazante às margens da MS-325,Characidium zebra,-19.68389,-57.03167,01,11,2018
Brasil,Mato Grosso do Sul,Corguinho,ZUFMS-PIS,ZUFMS-PIS05959,Córrego Periquito,Characidium zebra,-19.936833,-55.324389,18,07,2014
Brasil,Mato Grosso do Sul,Corguinho,ZUFMS-PIS,ZUFMS-PIS05942,"Córrego Bandeira, afluente do rio Taboco",Characidium zebra,-19.862517,-55.271106,20,04,2015
Brasil,Mato Grosso do Sul,Miranda,ZUFMS-PIS,ZUFMS-PIS05876,Rio Salobra,Characidium zebra,-20.231722,-56.513222,01,11,2018
Brasil,Mato Grosso do Sul,Coxim,ZUFMS-PIS,ZUFMS-PIS05864,Córrego da Onça,Characidium zebra,-18.506389,-54.677222,09,10,2018
Brasil,Mato Grosso,Barra do Garças,ZUFMS-PIS,ZUFMS-PIS05619,Ribeirão Taquaral,Characidium zebra,-15.67806,-52.29778,29,11,2016
Brasil,Mato Grosso do Sul,Rio Negro,ZUFMS-PIS,ZUFMS-PIS05546,Rio Garimpo na MS-080,Characidium zebra,-19.36114,-54.99263,13,02,2018
Brasil,Mato Grosso do Sul,Bonito,ZUFMS-PIS,ZUFMS-PIS05539,Córrego Seputá,Characidium zebra,-21.06401,-56.74179,01,11,2017
Brasil,Mato Grosso do Sul,Bonito,ZUFMS-PIS,ZUFMS-PIS05521,"Rio Perdido, antes do sumidouro",Characidium zebra,-21.1225,-56.72278,01,11,2017
Brasil,Mato Grosso do Sul,Bodoquena,ZUFMS-PIS,ZUFMS-PIS05411,"Córrego Salobrinha, na primeira travessia",Characidium zebra,-20.682778,-56.7775,21,07,2004
Brasil,Mato Grosso do Sul,Corguinho,ZUFMS-PIS,ZUFMS-PIS05045,Rio Galheiros,Characidium zebra,-19.774758,-55.2505,12,09,2009
Brasil,Mato Grosso do Sul,Campo Grande,ZUFMS-PIS,ZUFMS-PIS04969,"Banhado às margens da BR 060, próximo ao assentamento",Characidium zebra,-20.668889,-54.755556,25,02,2016
Brasil,Mato Grosso do Sul,Bonito,ZUFMS-PIS,ZUFMS-PIS04958,Córrego Bonito,Characidium zebra,-21.13,-56.480278,15,01,2016
Brasil,Mato Grosso do Sul,Bonito,ZUFMS-PIS,ZUFMS-PIS04951,Córrego Bonito,Characidium zebra,-21.13,-56.480278,13,01,2016
Brasil,São Paulo,Vitória Brasil,ZUFMS-PIS,ZUFMS-PIS04934,Córrego do Veadão,Characidium zebra,-20.219444,-50.452778,01,10,2016
Brasil,Mato Grosso do Sul,Anaurilândia,ZUFMS-PIS,ZUFMS-PIS04803,Rio três barras,Characidium zebra,-22.200111,-52.962222,25,04,2007
Brasil,Mato Grosso do Sul,Corguinho,ZUFMS-PIS,ZUFMS-PIS04679,"Córrego Bandeira, na RPPN Vale do Bugio",Characidium zebra,-19.942222,-55.070833,08,07,2009
Brasil,Mato Grosso do Sul,Bodoquena,ZUFMS-PIS,ZUFMS-PIS04654,Córrego Salobrinha,Characidium zebra,-20.67,-56.77,25,03,2007
Brasil,Mato Grosso do Sul,Bodoquena,ZUFMS-PIS,ZUFMS-PIS04606,Córrego Salobrinha,Characidium zebra,-20.67,-56.77,31,07,2006
Brasil,Mato Grosso do Sul,Bodoquena,ZUFMS-PIS,ZUFMS-PIS04587,Córrego Salobrinha,Characidium zebra,-20.675833,-56.776111,27,03,2007
Brasil,Mato Grosso do Sul,Bodoquena,ZUFMS-PIS,ZUFMS-PIS04576,Córrego Salobrinha,Characidium zebra,-20.685833,-56.781389,24,03,2007
Brasil,Mato Grosso do Sul,Bodoquena,ZUFMS-PIS,ZUFMS-PIS04545,Córrego Salobrinha,Characidium zebra,-20.683075,-56.786561,18,03,2007
Brasil,Mato Grosso do Sul,Bodoquena,ZUFMS-PIS,ZUFMS-PIS04542,Córrego Salobrinha,Characidium zebra,-20.683075,-56.786561,18,03,2007
Brasil,Mato Grosso do Sul,Bodoquena,ZUFMS-PIS,ZUFMS-PIS04539,Córrego Salobrinha,Characidium zebra,-20.683075,-56.786561,26,07,2006
Brasil,Mato Grosso do Sul,Rio Negro - Cipolândia,ZUFMS-PIS,ZUFMS-PIS04199,Córrego Galheirinhos,Characidium zebra,-19.784722,-55.263192,10,10,2009
Brasil,Mato Grosso do Sul,Chapadão do Sul - Água Clara,ZUFMS-PIS,ZUFMS-PIS04018,Rio Sucuriú,Characidium zebra,-19.264444,-52.764722,27,08,2008
Brasil,Mato Grosso do Sul,Corguinho,ZUFMS-PIS,ZUFMS-PIS03981,Córrego Formiga,Characidium zebra,-19.933406,-55.089444,31,07,2010
Brasil,Mato Grosso do Sul,Corguinho,ZUFMS-PIS,ZUFMS-PIS03971,Córrego Formiga,Characidium zebra,-19.933406,-55.089444,30,07,2010
Brasil,Mato Grosso do Sul,Corguinho,ZUFMS-PIS,ZUFMS-PIS03960,Córrego Tamanduá,Characidium zebra,-19.933406,-55.089444,08,05,2010
Brasil,Mato Grosso do Sul,Pedro Gomes,ZUFMS-PIS,ZUFMS-PIS03927,Córrego Buritizal,Characidium zebra,-18.075872,-54.415417,13,06,2013
Brasil,Mato Grosso do Sul,Coxim,ZUFMS-PIS,ZUFMS-PIS03919,Córrego Café,Characidium zebra,-18.688831,-54.405389,14,06,2013
Brasil,Mato Grosso do Sul,Corguinho,ZUFMS-PIS,ZUFMS-PIS03894,Córrego Periquito,Characidium zebra,-19.936833,-55.324389,18,07,2014
Brasil,Mato Grosso do Sul,Campo Grande,ZUFMS-PIS,ZUFMS-PIS03867,Córrego Retiro,Characidium zebra,-20.218889,-54.780556,20,06,2014
Brasil,Mato Grosso do Sul,Jardim,ZUFMS-PIS,ZUFMS-PIS03822,Córrego São Lourenço,Characidium zebra,-21.970694,-55.9517,07,01,2014
Brasil,Mato Grosso do Sul,Bonito,ZUFMS-PIS,ZUFMS-PIS03819,Afluente do Rio Formoso,Characidium zebra,-21.1804,-56.4456,08,01,2014
Brasil,Mato Grosso do Sul,Jardim,ZUFMS-PIS,ZUFMS-PIS03693,Rio da Prata,Characidium zebra,-21.434403,-56.432211,04,08,2009
Brasil,Mato Grosso do Sul,Corguinho,ZUFMS-PIS,ZUFMS-PIS03610,Córrego Tamanduá,Characidium zebra,-19.933406,-55.089444,08,05,2010
Brasil,Mato Grosso do Sul,Maracaju,ZUFMS-PIS,ZUFMS-PIS03588,Corrego Taquaruçu,Characidium zebra,-21.189069,-55.536025,15,02,2012
Brasil,Mato Grosso do Sul,Aquidauana,ZUFMS-PIS,ZUFMS-PIS03580,Riacho vale das bruxas,Characidium zebra,-20.453939,-55.497589,14,02,2012
Brasil,Mato Grosso do Sul,Jaraguari,ZUFMS-PIS,ZUFMS-PIS03537,Córrego Furnas do Dionísio,Characidium zebra,-20.159922,-54.567828,24,12,2011
Brasil,Mato Grosso,Barão de Melgaço,ZUFMS-PIS,ZUFMS-PIS03464,Alagados na bacia do rio Cuiabá,Characidium zebra,-16.476583,-56.172722,10,02,2008
Brasil,Mato Grosso do Sul,Dourados,ZUFMS-PIS,ZUFMS-PIS03373,Córrego curral de arame,Characidium zebra,-22.259444,-54.878333,15,09,2012
Brasil,Mato Grosso do Sul,Chapadão do Sul - Água Clara,ZUFMS-PIS,ZUFMS-PIS03038,Rio Sucuriú,Characidium zebra,-19.493611,-52.519722,28,09,2008
Brasil,Mato Grosso do Sul,Chapadão do Sul - Água Clara,ZUFMS-PIS,ZUFMS-PIS02970,Rio Sucuriú,Characidium zebra,-19.531944,-52.52,29,09,2008
Brasil,Mato Grosso do Sul,Chapadão do Sul - Inocência,ZUFMS-PIS,ZUFMS-PIS02944,Rio Indaiá Grande,Characidium zebra,-19.524444,-52.4875,27,09,2008
Brasil,Mato Grosso do Sul,Chapadão do Sul,ZUFMS-PIS,ZUFMS-PIS02919,Rio Indaiá Grande,Characidium zebra,-19.5275,-52.488056,27,09,2008
Brasil,Mato Grosso do Sul,Chapadão do Sul,ZUFMS-PIS,ZUFMS-PIS02897,Rio Indaiá Grande,Characidium zebra,-19.549167,-52.513611,26,09,2008
Brasil,Mato Grosso do Sul,Chapadão do Sul - Inocência,ZUFMS-PIS,ZUFMS-PIS02873,Rio Indaiá Grande,Characidium zebra,-19.524444,-52.4875,16,12,2008
Brasil,Mato Grosso do Sul,Corumbá,ZUFMS-PIS,ZUFMS-PIS02763,Baía da Medalha,Characidium zebra,-19.576111,-57.012778,13,06,2015
Brasil,Mato Grosso do Sul,Corguinho,ZUFMS-PIS,ZUFMS-PIS02723,Córrego Tamanduá,Characidium zebra,-19.933406,-55.089444,07,05,2010
Brasil,Mato Grosso do Sul,Bonito,ZUFMS-PIS,ZUFMS-PIS02648,Rio Perdido,Characidium zebra,-21.095556,-56.8075,07,09,2005
Brasil,Mato Grosso do Sul,Bodoquena,ZUFMS-PIS,ZUFMS-PIS02639,Córrego Salobrinha,Characidium zebra,-20.685556,-56.778889,02,09,2005
Brasil,Mato Grosso do Sul,Bonito,ZUFMS-PIS,ZUFMS-PIS02622,Canal estreito no banhado do Rio Perdido,Characidium zebra,-21.098611,-56.814722,07,09,2005
Brasil,Mato Grosso do Sul,Bodoquena,ZUFMS-PIS,ZUFMS-PIS02537,Rio Salobra,Characidium zebra,-20.781667,-56.741944,03,09,2005
Brasil,Mato Grosso do Sul,Bodoquena,ZUFMS-PIS,ZUFMS-PIS02535,Rio Salobra,Characidium zebra,-20.67,-56.760556,30,08,2005
Brasil,Mato Grosso do Sul,Bonito,ZUFMS-PIS,ZUFMS-PIS02529,Lagoa no banhado do rio Perdido,Characidium zebra,-21.118333,-56.776944,10,09,2005
Brasil,Mato Grosso do Sul,Inocência,ZUFMS-PIS,ZUFMS-PIS02361,Córrego Boa Vista,Characidium zebra,-19.828056,-51.594722,13,11,2004
Brasil,Mato Grosso do Sul,Inocência,ZUFMS-PIS,ZUFMS-PIS02353,Córrego do Morgado,Characidium zebra,-19.851111,-51.567778,13,11,2004
Brasil,Mato Grosso do Sul,Inocência,ZUFMS-PIS,ZUFMS-PIS02352,Córrego do Morgado,Characidium zebra,-19.851111,-51.567778,13,11,2004
Brasil,Mato Grosso do Sul,Paranaíba,ZUFMS-PIS,ZUFMS-PIS02340,Afluente do córrego da Areia,Characidium zebra,-19.6772003173828,-51.1907997131348,12,11,2004
Brasil,Mato Grosso do Sul,Chapadão do Sul,ZUFMS-PIS,ZUFMS-PIS02324,Ribeirão Mimoso,Characidium zebra,-19.051667,-52.981944,08,11,2004
Brasil,Mato Grosso do Sul,Chapadão do Sul,ZUFMS-PIS,ZUFMS-PIS02316,Ribeirão Mimoso,Characidium zebra,-19.051667,-52.981944,07,11,2004
Brasil,Mato Grosso do Sul,Chapadão do Sul,ZUFMS-PIS,ZUFMS-PIS02296,Córrego Saltinho,Characidium zebra,-19.204167,-52.731944,04,11,2004
Brasil,Mato Grosso do Sul,Costa Rica,ZUFMS-PIS,ZUFMS-PIS02283,Rio Sucuriú,Characidium zebra,-18.5438995361328,-53.1291999816895,01,11,2004
Brasil,Mato Grosso do Sul,Costa Rica,ZUFMS-PIS,ZUFMS-PIS02277,Rio Sucuriú,Characidium zebra,-18.5438995361328,-53.1291999816895,01,11,2004
Brasil,Mato Grosso do Sul,Costa Rica,ZUFMS-PIS,ZUFMS-PIS02252,"Rio Sucuriú, remanso a jusante da corredeira",Characidium zebra,-18.985556,-53.167222,25,10,2004
Brasil,Mato Grosso do Sul,Costa Rica,ZUFMS-PIS,ZUFMS-PIS02237,"Córrego de 1ª ordem, afluente do rio Sucuriú",Characidium zebra,-18.5438995361328,-53.1291999816895,24,10,2004
Brasil,Mato Grosso do Sul,Costa Rica,ZUFMS-PIS,ZUFMS-PIS02236,"Córrego de 1ª ordem, afluente do rio Sucuriú",Characidium zebra,-18.5438995361328,-53.1291999816895,24,10,2004
Brasil,Mato Grosso do Sul,Paranaíba,ZUFMS-PIS,ZUFMS-PIS02212,"Córrego Ponte Nova, próximo a sede",Characidium zebra,-19.823056,-51.539722,15,04,2004
Brasil,Mato Grosso do Sul,Chapadão do Sul,ZUFMS-PIS,ZUFMS-PIS02184,Córrego Mimoso,Characidium zebra,-19.053889,-52.985556,11,04,2004
Brasil,Mato Grosso do Sul,Chapadão do Sul,ZUFMS-PIS,ZUFMS-PIS02171,Córrego Boiadeiro,Characidium zebra,-19.127222,-52.751111,09,04,2004
Brasil,Mato Grosso do Sul,Costa Rica,ZUFMS-PIS,ZUFMS-PIS02151,Rio Sucuriú,Characidium zebra,-18.5438995361328,-53.1291999816895,06,04,2004
Brasil,Mato Grosso do Sul,Costa Rica,ZUFMS-PIS,ZUFMS-PIS02140,Córrego Buriti,Characidium zebra,-19.031639,-53.198425,05,04,2004
Brasil,Mato Grosso do Sul,Costa Rica,ZUFMS-PIS,ZUFMS-PIS02135,Encontro do córrego Muquém com o rio Sucuriú,Characidium zebra,-18.5438995361328,-53.1291999816895,04,04,2004
Brasil,Mato Grosso do Sul,Campo Grande,ZUFMS-PIS,ZUFMS-PIS02062,"Córrego Guariroba, nascente próxima à roda d'água",Characidium zebra,-20.54,-54.273889,16,12,2006
Brasil,Mato Grosso do Sul,São Gabriel do Oeste,ZUFMS-PIS,ZUFMS-PIS02026,Primeiro afluente da margem direita do Rio Coxim a jusante da casa de força da PCH Ponte Alta,Characidium zebra,-19.395299911499,-54.5663986206055,01,12,2006
Brasil,Mato Grosso do Sul,São Gabriel do Oeste,ZUFMS-PIS,ZUFMS-PIS02010,"Rio Coxim, a jusante da casa de força da PCH Ponte Alta",Characidium zebra,-19.395299911499,-54.5663986206055,01,12,2006
Brasil,Mato Grosso do Sul,São Gabriel do Oeste,ZUFMS-PIS,ZUFMS-PIS01975,Primeiro afluente da margem direita do Rio Coxim a jusante da casa de força da PCH Ponte Alta,Characidium zebra,-19.395299911499,-54.5663986206055,03,08,2006
Brasil,Mato Grosso do Sul,São Gabriel do Oeste,ZUFMS-PIS,ZUFMS-PIS01961,"Rio Coxim, a jusante da casa de força da PCH Ponte Alta",Characidium zebra,-19.395299911499,-54.5663986206055,03,08,2006
Brasil,Mato Grosso do Sul,São Gabriel do Oeste,ZUFMS-PIS,ZUFMS-PIS01939,"Rio Coxim, a jusante da casa de força da PCH Ponte Alta",Characidium zebra,-19.395299911499,-54.5663986206055,04,03,2006
Brasil,Mato Grosso do Sul,São Gabriel do Oeste,ZUFMS-PIS,ZUFMS-PIS01900,"Rio Coxim, a jusante da casa de força da PCH Ponte Alta",Characidium zebra,-19.395299911499,-54.5663986206055,25,05,2006
Brasil,Mato Grosso do Sul,Inocência,ZUFMS-PIS,ZUFMS-PIS01769,Córrego da Memória,Characidium zebra,-19.858889,-51.555556,11,11,2004
Brasil,Mato Grosso do Sul,Rio Verde de Mato Grosso,ZUFMS-PIS,ZUFMS-PIS07860,Baía Santa Virgínia,Characidium laterale,-19.2,0,02,06,1999
Brasil,Mato Grosso do Sul,Aquidauana,ZUFMS-PIS,ZUFMS-PIS07410,Lagoa na Pousada Pirapora,Characidium laterale,-20.460187,-55.826182,09,01,2022
Brasil,Mato Grosso,Poconé,ZUFMS-PIS,ZUFMS-PIS07375,À montante da boca do corixo Canelar,Characidium laterale,-17.098889,-56.634722,25,01,2021
Brasil,Mato Grosso do Sul,Porto Murtinho,ZUFMS-PIS,ZUFMS-PIS07060,Poça em afluente do córrego Rapadura,Characidium laterale,-21.513611,-57.627778,28,03,2017
Brasil,Mato Grosso do Sul,Ponta Porã,ZUFMS-PIS,ZUFMS-PIS06974,Área escavada próximo ao córrego Tronqueira,Characidium laterale,-22.275014,-55.1127,09,01,2022
Brasil,Mato Grosso do Sul,Coxim,ZUFMS-PIS,ZUFMS-PIS06250,Córrego do Veado,Characidium laterale,-18.422469,-54.83479,16,12,2019
Brasil,Mato Grosso do Sul,Bodoquena,ZUFMS-PIS,ZUFMS-PIS05998,Área de várzea do Córrego Seco,Characidium laterale,-20.476667,-56.4125,19,03,2019
Brasil,Mato Grosso do Sul,Corumbá,ZUFMS-PIS,ZUFMS-PIS03232,NA,Characidium laterale,-19.0091991424561,-57.6533012390137,02,10,1999
Brasil,Mato Grosso do Sul,Aquidauana,ZUFMS-PIS,ZUFMS-PIS02744,Baías da Fazenda Rio Negro,Characidium laterale,-19.549722,-56.533333,02,10,2006
Brasil,Mato Grosso do Sul,Corumbá,ZUFMS-PIS,ZUFMS-PIS00142,"Caixas de empréstimo, rod. MS-184",Characidium laterale,-19.0091991424561,-57.6533012390137,24,04,1993
Brasil,Mato Grosso do Sul,Ponta porã,ZUFMS-PIS,ZUFMS-PIS04045,Córrego São Lourenço,Characidium gomesi,-21.970833,-55.951667,07,01,2014
Brasil,Mato Grosso do Sul,Chapadão do Sul - Água Clara,ZUFMS-PIS,ZUFMS-PIS04021,Rio Sucuriú,Characidium gomesi,-19.264444,-52.764722,08,06,2008
Brasil,Mato Grosso do Sul,Chapadão do Sul - Água Clara,ZUFMS-PIS,ZUFMS-PIS03114,Rio Sucuriú,Characidium gomesi,-19.236944,-52.856389,10,08,2008
Brasil,Mato Grosso do Sul,Chapadão do Sul,ZUFMS-PIS,ZUFMS-PIS02935,Rio Indaiá Grande,Characidium gomesi,-19.530833,-52.491389,27,09,2008
Brasil,Mato Grosso do Sul,Inocência,ZUFMS-PIS,ZUFMS-PIS02334,Córrego da Memória,Characidium gomesi,-19.858889,-51.555556,11,11,2004
Brasil,Mato Grosso do Sul,Chapadão do Sul,ZUFMS-PIS,ZUFMS-PIS02315,Ribeirão Mimoso,Characidium gomesi,-19.051667,-52.981944,07,11,2004
Brasil,Mato Grosso do Sul,Costa Rica,ZUFMS-PIS,ZUFMS-PIS02282,Rio Sucuriú,Characidium gomesi,-18.5438995361328,-53.1291999816895,01,11,2004
Brasil,Mato Grosso do Sul,Costa Rica,ZUFMS-PIS,ZUFMS-PIS02244,"Rio Formiga, afluente do Sucuriú, sob a ponte da MS 316",Characidium gomesi,-18.613333,-53.158611,24,10,2004
Brasil,Mato Grosso do Sul,Bonito,ZUFMS-PIS,ZUFMS-PIS05527,"Rio Perdido, próximo ao sumidouro",Characidium borellii,-21.125278,-56.723056,01,11,2017
Brasil,Mato Grosso do Sul,Bodoquena,ZUFMS-PIS,ZUFMS-PIS04647,Córrego Salobrinha,Characidium borellii,-20.67,-56.77,31,07,2006
Brasil,Mato Grosso do Sul,Bodoquena,ZUFMS-PIS,ZUFMS-PIS04612,Córrego Salobrinha,Characidium borellii,-20.67,-56.77,25,03,2007
Brasil,Mato Grosso do Sul,Bodoquena,ZUFMS-PIS,ZUFMS-PIS04570,Córrego Salobrinha,Characidium borellii,-20.685833,-56.781389,24,03,2007
Brasil,Mato Grosso do Sul,Bodoquena,ZUFMS-PIS,ZUFMS-PIS04554,Córrego Salobrinha,Characidium borellii,-20.683333,-56.785278,23,03,2007
Brasil,Mato Grosso do Sul,Bodoquena,ZUFMS-PIS,ZUFMS-PIS04546,Córrego Salobrinha,Characidium borellii,-20.683075,-56.786561,18,03,2007
Brasil,Mato Grosso do Sul,Bodoquena,ZUFMS-PIS,ZUFMS-PIS04530,Córrego Salobrinha,Characidium borellii,-20.683075,-56.786561,18,03,2007
Brasil,Mato Grosso do Sul,Bodoquena,ZUFMS-PIS,ZUFMS-PIS02623,Rio Salobra,Characidium borellii,-20.781667,-56.741944,03,09,2005
Brasil,Mato Grosso do Sul,Bodoquena,ZUFMS-PIS,ZUFMS-PIS02553,"Córrego afluente do rio Salobra, parte baixa",Characidium borellii,-20.774722,-56.7375,05,09,2005
Brasil,Mato Grosso do Sul,Bodoquena,ZUFMS-PIS,ZUFMS-PIS02624,Córrego Salobrinha,Characidium,-20.685556,-56.778889,10,12,2005
Brasil,Mato Grosso do Sul,Bodoquena,ZUFMS-PIS,ZUFMS-PIS02561,Córrego Salobrinha,Characidium,-20.683333,-56.786111,10,12,2005
Brasil,Mato Grosso do Sul,Bodoquena,ZUFMS-PIS,ZUFMS-PIS02560,Córrego Salobrinha,Characidium,-20.683333,-56.786111,10,12,2005
Brasil,Mato Grosso do Sul,Bodoquena,ZUFMS-PIS,ZUFMS-PIS02528,Córrego Salobrinha,Characidium,-20.685833,-56.783333,10,12,2005
Brasil,Goiás,Itajá,ZUFMS-PIS,ZUFMS-PIS02370,"Córrego Enterrado, logo a montante da GO 164",Characidium,-19.291111,-51.065833,14,11,2004
Brasil,Mato Grosso do Sul,Costa Rica,ZUFMS-PIS,ZUFMS-PIS02116,"Córrego do Ranchinho, braço norte",Characidium,-18.342778,-52.9025,31,03,2004
Brasil,Mato Grosso do Sul,Bodoquena,ZUFMS-PIS,ZUFMS-PIS01462,"Córrego Salobrinha,",Characidium,-20.683333,-56.786111,09,09,2001
Brasil,Mato Grosso do Sul,Bodoquena,ZUFMS-PIS,ZUFMS-PIS01455,Córrego Salobrinha,Characidium,-20.683333,-56.786111,09,09,2001
Brasil,Mato Grosso do Sul,Bodoquena,ZUFMS-PIS,ZUFMS-PIS01331,Rio Salobra,Characidium,-20.675278,-56.756944,10,09,2000
Brasil,Mato Grosso do Sul,Bodoquena,ZUFMS-PIS,ZUFMS-PIS01202,Córrego Azul,Characidium,-20.759167,-56.7525,09,04,2000
Brasil,Mato Grosso do Sul,Bodoquena,ZUFMS-PIS,ZUFMS-PIS01200,Rio Salobra,Characidium,-20.675278,-56.756944,10,09,2000
Brasil,Mato Grosso do Sul,Bodoquena,ZUFMS-PIS,ZUFMS-PIS01110,Rio Salobra,Characidium,-20.675278,-56.756944,13,10,2001
Brasil,Mato Grosso do Sul,Bodoquena,ZUFMS-PIS,ZUFMS-PIS01107,Córrego Salobrinha,Characidium,-20.683333,-56.786111,19,05,2000
Brasil,Mato Grosso do Sul,Bodoquena,ZUFMS-PIS,ZUFMS-PIS01075,"Afluente do córrego Salobrinha (""do Paulista"")",Characidium,-20.705,-56.778056,30,10,2001
Brasil,Mato Grosso do Sul,Bodoquena,ZUFMS-PIS,ZUFMS-PIS01033,"Rio temporário, afluente do salobrinha, poção junto à travessia",Characidium,-20.5386009216309,-56.7150001525879,25,02,2001
Brasil,Mato Grosso do Sul,Bodoquena,ZUFMS-PIS,ZUFMS-PIS01027,Rio Salobra,Characidium,-20.675278,-56.756944,08,04,2000
Brasil,Mato Grosso do Sul,Bodoquena,ZUFMS-PIS,ZUFMS-PIS01026,Rio Salobra,Characidium,-20.675278,-56.756944,21,05,2000
Brasil,Mato Grosso do Sul,Bodoquena,ZUFMS-PIS,ZUFMS-PIS01025,Rio Salobra,Characidium,-20.675278,-56.756944,21,05,2000
Brasil,Mato Grosso do Sul,Bodoquena,ZUFMS-PIS,ZUFMS-PIS01020,Córrego Salobrinha,Characidium,-20.683333,-56.786111,20,05,2000
Brasil,Mato Grosso do Sul,Aquidauana,ZUFMS-PIS,ZUFMS-PIS01018,Primeira vereda saindo de Cipolândia - etrada Cipolândia sob uma ponte,Characidium,-19.942222,-55.245833,11,10,2000
Brasil,Mato Grosso do Sul,Bodoquena,ZUFMS-PIS,ZUFMS-PIS01017,Córrego Salobrinha,Characidium,-20.683333,-56.786111,19,05,2000
Brasil,Mato Grosso do Sul,Aquidauana,ZUFMS-PIS,ZUFMS-PIS01015,"Riacho no vale das Bruxas, junto ao acampamento Batista entre Piraputanga e Palmeiras",Characidium,-20.4575,-55.499444,10,10,2000
Brasil,Mato Grosso do Sul,Bodoquena,ZUFMS-PIS,ZUFMS-PIS00912,Córrego Salobrinha,Characidium,-20.683333,-56.786111,11,05,2001
Brasil,Mato Grosso do Sul,Bodoquena,ZUFMS-PIS,ZUFMS-PIS00903,"Rio temporário, corredeiras a jusante da travessia",Characidium,-20.5386009216309,-56.7150001525879,25,02,2001
Brasil,Mato Grosso do Sul,Bodoquena,ZUFMS-PIS,ZUFMS-PIS00900,Córrego Salobrinha,Characidium,-20.683333,-56.786111,15,04,2001
Brasil,Mato Grosso do Sul,Rio Verde de Mato Grosso,ZUFMS-PIS,ZUFMS-PIS00806,Rio Verde,Characidium,-18.866667,-54.783333,01,01,1991
Brasil,Mato Grosso do Sul,Porto Murtinho,ZUFMS-PIS,ZUFMS-PIS07532,"Represa em pastagem, próxima a um fragmento florestal",Characidium zebra,-21.457797,-57.106319,01,07,2022
Brasil,Mato Grosso do Sul,Porto Murtinho,ZUFMS-PIS,ZUFMS-PIS07519,"Lagoa artificial em pastagem, tributário do rio Branco, Fazenda Baguassu",Characidium zebra,-21.460058,-57.080797,22,03,2022
Brasil,Mato Grosso do Sul,Sidrolândia,ZUFMS-PIS,ZUFMS-PIS07481,Dreno de alagado às margens da BR-060,Characidium zebra,-20.722189,-54.776154,12,06,2022
Brasil,Mato Grosso do Sul,Miranda,ZUFMS-PIS,ZUFMS-PIS07449,"""Baía da Ana"", Fazenda Canaã",Characidium zebra,-20.263056,-56.388333,08,01,2022
Brasil,Mato Grosso do Sul,Aquidauana,ZUFMS-PIS,ZUFMS-PIS07431,Baía na margem esquerda do rio Aquidauana,Characidium zebra,-20.159167,-55.955278,18,03,2022
Brasil,Mato Grosso do Sul,Bonito,ZUFMS-PIS,ZUFMS-PIS07236,Córrego Bonito,Characidium zebra,-21.127614,-56.461662,22,01,2016
Brasil,Mato Grosso do Sul,Bonito,ZUFMS-PIS,ZUFMS-PIS07145,Córrego Restinga,Characidium zebra,-21.113343,-56.51485,09,10,2016
Brasil,Mato Grosso do Sul,Bonito,ZUFMS-PIS,ZUFMS-PIS07133,Córrego Saladeiro,Characidium zebra,-21.109469,-56.473353,18,01,2016
Brasil,Mato Grosso do Sul,Bodoquena,ZUFMS-PIS,ZUFMS-PIS02550,Rio Salobra,Characidium borellii,-20.67,-56.760556,07,09,2005
Brasil,Mato Grosso do Sul,São Gabriel do Oeste,ZUFMS-PIS,ZUFMS-PIS01972,Primeiro afluente da margem direita do Rio Coxim a jusante da casa de força da PCH Ponte Alta,Characidium borellii,-19.395299911499,-54.5663986206055,03,08,2006
Brasil,Mato Grosso,Alto Araguaia,ZUFMS-PIS,ZUFMS-PIS07548,Córrego do Sapo,Characidium,-17.632465,-53.358922,27,08,2019
Brasil,Mato Grosso do Sul,Nova Andradina,ZUFMS-PIS,ZUFMS-PIS04919,Represa no córrego Santa Bárbara,Characidium,-22.235278,-53.458333,17,09,2016
Brasil,Mato Grosso do Sul,Nova Andradina,ZUFMS-PIS,ZUFMS-PIS04909,Lagoa próxima ao Córrego Santa Bárbara. Fazenda Dona Amélia,Characidium,-22.204722,-53.454722,17,09,2016
Brasil,Mato Grosso do Sul,Bodoquena,ZUFMS-PIS,ZUFMS-PIS04637,Rio Salobra. Riffle na Rancho Branco,Characidium,-20.5386009216309,-56.7150001525879,10,09,2000
Brasil,Mato Grosso do Sul,Chapadão do Sul,ZUFMS-PIS,ZUFMS-PIS04431,"Córrego Pedra Branca, abaixo de rodas d#?#água e vegetação marginal, junto a MS 316",Characidium,-19.1875,-52.781111,03,11,2004
Brasil,Mato Grosso do Sul,Jardim,ZUFMS-PIS,ZUFMS-PIS04179,"Buraco das Abelhas (Lago da entrada da caverna, zona fótica)",Characidium,-21.487931,-56.723414,20,05,1998
Brasil,Mato Grosso do Sul,Corguinho,ZUFMS-PIS,ZUFMS-PIS03975,Córrego Tamanduá,Characidium,-19.933406,-55.089444,08,05,2010
Brasil,Mato Grosso do Sul,Água Clara,ZUFMS-PIS,ZUFMS-PIS03764,Córrego Cabeceira da Sede,Characidium,-20.374139,-52.602333,15,07,2010
Brasil,Mato Grosso do Sul,Água Clara,ZUFMS-PIS,ZUFMS-PIS03763,Ribeirão Pombo,Characidium,-20.405778,-52.624944,17,07,2010
Brasil,Mato Grosso do Sul,Bandeirantes,ZUFMS-PIS,ZUFMS-PIS03575,Córrego São João,Characidium,-19.874425,-54.442897,19,12,2011
Brasil,Mato Grosso do Sul,Sidrolândia,ZUFMS-PIS,ZUFMS-PIS03526,Afluente do Córrego Belchior,Characidium,-20.828258,-54.819492,13,02,2012
Brasil,Mato Grosso do Sul,Bodoquena,ZUFMS-PIS,ZUFMS-PIS02654,Rio Salobra,Characidium,-20.781667,-56.741944,10,12,2005
Brasil,Mato Grosso do Sul,Bonito,ZUFMS-PIS,ZUFMS-PIS02646,Lagoa próxima à sede da fazenda Lau-de-já,Characidium,-21.146389,-56.792222,10,12,2005
Brasil,Mato Grosso do Sul,Bodoquena,ZUFMS-PIS,ZUFMS-PIS02643,Córrego Salobrinha,Characidium,-20.685833,-56.783333,10,12,2005
Brasil,Bahia,Conde,MZUEL-PEIXES,18103,Rio Crumair,Characidium bahiense,-11.7763611111,-37.6061111111,20,05,2017
Brasil,Rio Grande do Norte,Sao Goncalo Do Amarante,MZUEL-PEIXES,03231,Rio Guajirú,Characidium bimaculatum,0,0,07,09,1985
Brasil,Rio Grande do Norte,Acari,MZUEL-PEIXES,03249,Açude Gargalheiras,Characidium bimaculatum,-6.43556,-36.638901,20,04,1986
Brasil,Rio Grande do Norte,Ceará Mirim,MZUEL-PEIXES,20530,Rio Ceará-Mirim,Characidium bimaculatum,0,0,15,10,2000
Brasil,Mato Grosso,Sapezal,MZUEL-PEIXES,08658,"Rio Papagaio, tributário do rio Juruena, bacia do Tapajós",Characidium declivirostre,-13.5615833333,-58.4074722222,30,08,2013
Brasil,Amazonas,Presidente Figueiredo,MZUEL-PEIXES,11979,"Igarapé do Boto, na cachoeira, tributário do rio Uatumã, a jusante da UHE",Characidium declivirostre,-2.1167222222,-59.3066388889,24,09,2014
Brasil,Amazonas,Presidente Figueiredo,MZUEL-PEIXES,11980,"Rio Pitinga, afluente do rio Uatumã, na Corredeira Quarenta Ilhas",Characidium declivirostre,-0.8877777778,-59.5745555556,19,09,2014
Brasil,Paraná,Foz Do Iguacu,MZUEL-PEIXES,23751,"Córrego Carlos Giovanni, afluente do rio São João, bacia do rio Iguaçu, baixo Paraná",Characidium dumonti,-25.6128888889,-54.4321666667,18,04,2010
Brasil,Acre,Rio Branco,MZUEL-PEIXES,06655,"Igarapé São Francisco, Bacia do rio Acre",Characidium etheostoma,-9.93794444,-67.88052778,07,10,2010
Brasil,Acre,Rio Branco,MZUEL-PEIXES,06725,"Igarapé Trombetão, Bacia do rio Acre",Characidium etheostoma,-9.75019444,-67.67252778,03,08,2010
Brasil,Acre,Bujari,MZUEL-PEIXES,06847,"Igarapé Marizinho, Bacia do rio Acre",Characidium etheostoma,-9.61122222,-68.24475,06,10,2010
Brasil,Acre,Bujari,MZUEL-PEIXES,06880,"Igarapé Fumaça, Bacia do rio Acre",Characidium etheostoma,-9.57316667,-68.28047222,06,10,2010
Brasil,Acre,Senador Guiomard,MZUEL-PEIXES,18138,"Igarapé Ponto 06, Rio Purus",Characidium etheostoma,-10.2946388889,-67.6295555556,04,08,2010
Brasil,São Paulo,Paranapanema,MZUEL-PEIXES,02475,"Ribeirão das Anhumas, bacia do rio Paranapanema",Characidium fasciatum,-23.379999,-48.720001,13,09,1990
Brasil,São Paulo,NA,MZUEL-PEIXES,02476,"Ribeirão Palmital, afluente do rio Pardo, bacia do rio Paranapanema",Characidium fasciatum,0,0,29,08,1990
Brasil,São Paulo,Ubirajara,MZUEL-PEIXES,02480,"Rio São João, bacia do rio Paranapanema",Characidium fasciatum,-22.52,-49.66,13,09,1990
Brasil,Acre,Capixaba,MZUEL-PEIXES,05460,Ponto 4 - Igarapé na BR 317,Characidium fasciatum,-10.59,-67.9019444,25,08,2009
Brasil,Paraná,Sertanopolis,MZUEL-PEIXES,00664,Rio Tibagi,Characidium gomesi,-23.0244444,-50.9519444,17,02,1995
Brasil,Paraná,Sertanopolis,MZUEL-PEIXES,00665,Rio Tibagi,Characidium gomesi,-23.0244444,-50.9519444,17,02,1995
Brasil,Paraná,Ipiranga,MZUEL-PEIXES,00783,"Rio Tibagi, no distrito de Uvaia",Characidium gomesi,-25.023899,-50.584202,23,11,1990
Brasil,Paraná,Sertaneja,MZUEL-PEIXES,00980,"Rio Congonhas, tributário do rio Tibagi",Characidium gomesi,-23.0369,-50.838299,20,03,1997
Brasil,Paraná,Londrina,MZUEL-PEIXES,01016,"Ribeirão Três Bocas, tributário do rio Tibagi",Characidium gomesi,-23.385,-51.0758333,17,01,1994
Brasil,São Paulo,NA,MZUEL-PEIXES,02478,"Ribeirão Anhumas, bacia do rio Paranapanema",Characidium gomesi,0,0,30,10,1990
Brasil,São Paulo,NA,MZUEL-PEIXES,02479,"Ribeirão Palmital, afluente do rio Pardo, bacia do rio Paranapanema",Characidium gomesi,0,0,03,10,1990
Brasil,São Paulo,Paranapanema,MZUEL-PEIXES,02483,"Ribeirão da Onça, afluente do rio Pardo, bacia do rio Paranapanema",Characidium gomesi,-23.379999,-48.720001,03,09,1990
Brasil,São Paulo,NA,MZUEL-PEIXES,02484,"Ribeirão da Onça, bacia do rio Paranapanema",Characidium gomesi,0,0,29,10,1990
Brasil,Paraná,Londrina,MZUEL-PEIXES,02667,"Ribeirão Três Bocas, tributário do rio Tibagi",Characidium gomesi,-23.385,-51.0758333,24,05,1995
Brasil,Paraná,Londrina,MZUEL-PEIXES,02668,"Ribeirão Três Bocas, tributário do rio Tibagi",Characidium gomesi,-23.385,-51.0758333,31,03,1995
Brasil,Paraná,Londrina,MZUEL-PEIXES,02669,"Ribeirão Três Bocas, tributário do rio Tibagi",Characidium gomesi,-23.385,-51.0758333,26,07,1995
Brasil,Paraná,Londrina,MZUEL-PEIXES,03531,"Ribeirão Jacutinga, tributário do rio Tibagi",Characidium gomesi,-23.2416667,-51.2180556,31,03,2004
Brasil,Paraná,Londrina,MZUEL-PEIXES,03551,"Ribeirão Jacutinga, tributário do rio Tibagi",Characidium gomesi,-23.2358333,-51.145,31,03,2004
Brasil,Paraná,Londrina,MZUEL-PEIXES,03663,"Ribeirão Lindóia, Carnasciali pontos 1 e 2",Characidium gomesi,-23.2733333,-51.2108333,30,04,2004
Brasil,Paraná,Londrina,MZUEL-PEIXES,03888,"Ribeirão Jacutinga, tributário do rio Tibagi",Characidium gomesi,-23.2422222,-51.1241667,12,04,2004
Brasil,São Paulo,Sao Carlos,MZUEL-PEIXES,04188,Córrego Feijão,Characidium gomesi,-22.1144444,-47.7541667,08,08,2005
Brasil,Goiás,Pirenopolis,MZUEL-PEIXES,05940,"Ribeirão Conceição, afluente do rio das Almas, região alta, Rio Tocantins",Characidium gomesi,-15.7935277778,-49.0810833333,15,07,2010
Brasil,Minas Gerais,Diamantina,MZUEL-PEIXES,07072,"Córrego Pedraria. Comunidade Pedraria, bacia do rio Jequitinhonha",Characidium gomesi,-17.595089,-43.482094,08,09,2012
Brasil,Minas Gerais,Olhos D`água,MZUEL-PEIXES,07095,"Córrego Carambola, estrada para Terra branca, bacia do rio Jequitinhonha",Characidium gomesi,-17.706403,-43.422156,09,09,2012
Brasil,Minas Gerais,Bocaiuva,MZUEL-PEIXES,07107,"Córrego da Onça, estrada para Terra branca, bacia do rio Jequitinhonha",Characidium gomesi,-17.333872,-43.23289,09,09,2012
Brasil,Minas Gerais,Olhos D`água,MZUEL-PEIXES,07115,"Córrego Macaúbas, bacia do rio Jequitinhonha",Characidium gomesi,-17.357614,-43.333396,10,09,2012
Brasil,Minas Gerais,Sao Goncalo Do Rio Preto,MZUEL-PEIXES,07121,"Sentido Diamantina, depois do Posto Seabra a Esquerda. Sequência de córregos até S. Gonçalo RP, bacia do rio Jequitinhonha",Characidium gomesi,-17.812709,-43.268767,23,09,2012
Brasil,Minas Gerais,Olhos D`água,MZUEL-PEIXES,07127,"Córrego Rafael, bacia do rio Jequitinhonha",Characidium gomesi,-17.46998,-43.378643,10,09,2012
Brasil,Minas Gerais,Bocaiuva,MZUEL-PEIXES,07145,"Córrego Pindaíba, bacia do rio Jequitinhonha",Characidium gomesi,-17.206223,-43.129842,11,09,2012
Brasil,Minas Gerais,Carbonita,MZUEL-PEIXES,07165,"Córrego Cana Brava, bacia do rio Jequitinhonha",Characidium gomesi,-17.434066,-43.226756,13,09,2012
Brasil,Minas Gerais,Carbonita,MZUEL-PEIXES,07175,"Córrego Barreiro, bacia do rio Jequitinhonha",Characidium gomesi,-17.418704,-43.195595,13,09,2012
Brasil,Minas Gerais,Carbonita,MZUEL-PEIXES,07184,"Rio Soledade, bacia do rio Jequitinhonha",Characidium gomesi,-43.033324,-17.524747,14,09,2012
Brasil,Minas Gerais,Carbonita,MZUEL-PEIXES,07200,"Rio Araçuaí, bacia do rio Jequitinhonha",Characidium gomesi,-17.579745,-42.995084,15,09,2012
Brasil,Minas Gerais,Itamarandiba,MZUEL-PEIXES,07245,"Rio Itamarandiba, bacia do rio Jequitinhonha",Characidium gomesi,-18.097075,-42.900483,17,09,2012
Brasil,Minas Gerais,Itamarandiba,MZUEL-PEIXES,07261,"Afluente do Itamarandiba, estrada para Penha de França, bacia do rio Jequitinhonha",Characidium gomesi,-18.117082,-42.976252,17,09,2012
Brasil,Minas Gerais,Itamarandiba,MZUEL-PEIXES,07275,"Afluente do Itamarandiba, estrada para Penha de França, bacia do rio Jequitinhonha",Characidium gomesi,-18.089907,-43.004633,17,09,2012
Brasil,Minas Gerais,Itamarandiba,MZUEL-PEIXES,07281,"Afluente do Itamarandiba, estrada para Penha de França, bacia do rio Jequitinhonha",Characidium gomesi,-18.076962,-42.976047,18,09,2012
Brasil,Minas Gerais,Turmalina,MZUEL-PEIXES,07331,"Córrego Caiçara Velha, Caçaratiba, bacia do rio Jequitinhonha",Characidium gomesi,-17.285601,-42.73,20,09,2012
Brasil,Minas Gerais,Turmalina,MZUEL-PEIXES,07334,"No início da estrada para Turmalina, nos eucaliptais a esquerda, bacia do rio Jequitinhonha",Characidium gomesi,-17.268691,-42.836655,20,09,2012
Brasil,Mato Grosso,Barra Do Bugres,MZUEL-PEIXES,09158,"Rio Currupira, tributário do rio Paraguai",Characidium gomesi,-15.1383333333,-56.8195,28,08,2013
Brasil,Paraná,Porecatu,MZUEL-PEIXES,09413,"Ribeirão Capim, cabeceira, tributário do rio Paranapanema",Characidium gomesi,-22.9827777778,-51.4583333333,11,06,2013
Brasil,Paraná,Teixeira Soares,MZUEL-PEIXES,10178,"Afluente do rio da Areia, bacia do rio Tibagi com rio Iguaçu",Characidium gomesi,-25.4689444444,-50.3886388889,24,04,2013
Brasil,Paraná,Palmeira,MZUEL-PEIXES,10179,"ribeirão São João Maria, bacia do rio Tibagi com rio Iguaçu",Characidium gomesi,-25.4846666667,-50.3215277778,24,04,2013
Brasil,Minas Gerais,Capelinha,MZUEL-PEIXES,10771,Córrego São Benedito. Sub bacia do rio Araçuaí. Bacia do rio Jequitinhonha,Characidium gomesi,-17.72075,-42.3093055556,27,06,2014
Brasil,Minas Gerais,Veredinha,MZUEL-PEIXES,10774,Rio Itamarandiba. Afluente do rio Araçuaí. Bacia do rio Jequitinhonha,Characidium gomesi,-17.5081666667,-42.6675,20,06,2014
Brasil,Minas Gerais,Minas Novas,MZUEL-PEIXES,10777,Rio Capivari. Sub bacia do rio Araçuaí. Bacia do rio Jequitinhonha,Characidium gomesi,-17.3591388889,-42.4280277778,02,07,2014
Brasil,Minas Gerais,Setubinha,MZUEL-PEIXES,10779,Córrego Soturno. Afluente do Rio Setubinha.Sub bacia do rio Araçuaí. Bacia do rio Jequitinhonha,Characidium gomesi,-17.6716666667,-42.05425,30,06,2014
Brasil,Minas Gerais,Angelandia,MZUEL-PEIXES,10780,Rio Fanadinho. Sub bacia do rio Araçuaí. Bacia do rio Jequitinhonha,Characidium gomesi,-17.6625,-42.3559444444,28,06,2014
Brasil,Minas Gerais,Turmalina,MZUEL-PEIXES,10782,Rio Itamarandiba.Afluente do rio Araçuaí. Bacia do rio Jequitinhonha,Characidium gomesi,-17.3375555556,-42.7880833333,18,06,2014
Brasil,Minas Gerais,Angelandia,MZUEL-PEIXES,10783,Córrego do Capão. Sub bacia do rio Araçuaí. Bacia do rio Jequitinhonha,Characidium gomesi,-17.6685277778,-42.3538333333,28,06,2014
Brasil,Minas Gerais,Capelinha,MZUEL-PEIXES,10785,Ribeirão Santo Antônio. Sub bacia do rio Araçuaí. Bacia do rio Jequitinhonha,Characidium gomesi,-17.7714166667,-42.6161388889,24,06,2014
Brasil,Minas Gerais,Bocaina De Minas,MZUEL-PEIXES,11277,rio Grande,Characidium gomesi,-22.2187222222,-44.5397611111,23,09,2014
Brasil,Minas Gerais,Bocaina De Minas,MZUEL-PEIXES,11278,rio Grande,Characidium gomesi,-22.2187222222,-44.5397611111,17,01,2015
Brasil,Paraná,Londrina,MZUEL-PEIXES,11417,"Ribeirão Três Bocas, tributário do rio Tibagi, no Parque Ecológico Dr. Daisaku Ikeda",Characidium gomesi,-23.385,-51.0758333333,25,10,2013
Brasil,Paraná,Londrina,MZUEL-PEIXES,11418,"Ribeirão Três Bocas, tributário do rio Tibagi, no Parque Ecológico Dr. Daisaku Ikeda",Characidium gomesi,-23.385,-51.0758333333,22,11,2013
Brasil,Paraná,Londrina,MZUEL-PEIXES,11419,"Ribeirão Três Bocas, tributário do rio Tibagi, no Parque Ecológico Dr. Daisaku Ikeda",Characidium gomesi,-23.385,-51.0758333333,17,12,2013
Brasil,Paraná,Londrina,MZUEL-PEIXES,11420,"Ribeirão Três Bocas, tributário do rio Tibagi, no Parque Ecológico Dr. Daisaku Ikeda",Characidium gomesi,-23.385,-51.0758333333,25,02,2014
Brasil,Paraná,Londrina,MZUEL-PEIXES,11423,"Ribeirão Três Bocas, tributário do rio Tibagi, no Parque Ecológico Dr. Daisaku Ikeda",Characidium gomesi,-23.385,-51.0758333333,22,07,2014
Brasil,São Paulo,Sao Carlos,MZUEL-PEIXES,12526,"Córrego Feijão, bacia do rio Tietê",Characidium gomesi,-22.1144444,-47.7541667,29,11,2005
Brasil,Paraná,Pirai Do Sul,MZUEL-PEIXES,13499,"Riacho sem nome, bacia do rio Tibagi com rio Itararé",Characidium gomesi,-24.5079722222,-49.9119166667,27,11,2013
Brasil,Paraná,Pirai Do Sul,MZUEL-PEIXES,13500,"Afluente do rio Piraí, bacia do rio Tibagi com rio Itararé",Characidium gomesi,-24.4998611111,-49.8958611111,27,11,2013
Brasil,Paraná,Londrina,MZUEL-PEIXES,15508,Ribeirão Três Bocas,Characidium gomesi,-23.385,-51.0758333,23,05,2006
Brasil,Minas Gerais,NA,MZUEL-PEIXES,16029,"Rio Setúbal (Px2), bacia do Rio Jequitinhonha",Characidium gomesi,-17.1441916667,-42.2438027778,12,03,2010
Brasil,Minas Gerais,Minas Novas,MZUEL-PEIXES,16426,"Rio Fanado, tributário do Rio Araçuaí, bacia do Rio Jequitinhonha, na Barragem das Almas, cerca de 2 km a montante da cidade",Characidium gomesi,-17.2378055556,-42.5905277778,05,07,2016
Brasil,Minas Gerais,Francisco Dumont,MZUEL-PEIXES,16440,"Córrego Riachão, tributário do Rio Jequitaí",Characidium gomesi,-17.3204722222,-44.2868333333,06,07,2016
Brasil,Paraná,Londrina,MZUEL-PEIXES,16627,"Ribeirão Três Bocas, no Patrimônio Regina, tributário do rio Tibagi",Characidium gomesi,-23.4053055556,-51.2225277778,18,08,1999
Brasil,Paraná,Londrina,MZUEL-PEIXES,16903,"Ribeirão do Salto, afluente do ribeirão Cafezal",Characidium gomesi,-23.3694166667,-51.2065833333,05,10,2016
Brasil,Minas Gerais,Minas Novas,MZUEL-PEIXES,18572,"Rio Fanado, tributário do Rio Araçuaí, bacia do Rio Jequitinhonha, 1 km a jusante da cidade",Characidium gomesi,-17.2131666667,-42.6002222222,05,07,2016
Brasil,Mato Grosso,Brasnorte,MZUEL-PEIXES,08781,"Rio Norato (ou Honorato), tributário do rio do Sangue, bacia do rio Juruena, bacia do Tapajós",Characidium hasemani,-12.2553888889,-57.9702222222,31,08,2013
Brasil,Paraná,Abapã,MZUEL-PEIXES,17203,"Afluente do rio Ribeira de Iguápe, próximo ao trevo de Abapã",Characidium japuhybense,-24.9599166667,-49.8511666667,09,11,2016
Brasil,Minas Gerais,Sao Jose Do Mantimento,MZUEL-PEIXES,24073,"Rio José Pedro, entre as PCH's Varginha e Várzea Alegre - Bacia do Rio Doce - sub-bacia do Rio Manhuaçu",Characidium krenak,-20.0159417,-41.7353444,27,09,2014
Brasil,Paraná,Estrada do Cerne,MZUEL-PEIXES,06965,"Riberão Caçador, bacia do rio Ribeira de Iguape",Characidium lanei,-25.13327778,-49.75627778,12,12,2012
Brasil,Paraná,Morretes,MZUEL-PEIXES,08534,Rio Sambaqui,Characidium lanei,-25.5272222222,-48.7491111111,04,04,2013
Brasil,Paraná,Guaraquecaba,MZUEL-PEIXES,08536,"Rio Rasgadinho, afl. rio Cubatãozinho, Bacia do rio Cubatão",Characidium lanei,-25.7553333333,-48.7720555556,02,04,2013
Brasil,Paraná,Guaratuba,MZUEL-PEIXES,08538,Rio Rasgado,Characidium lanei,-25.7905277778,-48.7660277778,03,04,2013
Brasil,Paraná,Guaraquecaba,MZUEL-PEIXES,08540,"Rio Ipiranga, afluente do rio Morato, rodovia Deputado Miguel Bufara (ponto 19)",Characidium lanei,-25.2163055556,-48.2663055556,06,04,2013
Brasil,Paraná,Guaraquecaba,MZUEL-PEIXES,08541,Rio Utinga,Characidium lanei,-25.2016944444,-48.2536388889,06,04,2013
Brasil,Paraná,Guaraquecaba,MZUEL-PEIXES,08542,"Afluente do rio Ipiranga, bacia do rio Guaraqueçaba. Ponto 18",Characidium lanei,-25.225,-48.2785833333,06,04,2013
Brasil,Paraná,Guaraquecaba,MZUEL-PEIXES,08543,"Rio Bananal, afl. rio Serra Nova, Serra Negra, Rod. Miguel Bufara (PR 405). Ponto 22",Characidium lanei,-25.1844722222,-48.4045833333,06,04,2013
Brasil,Paraná,Guaratuba,MZUEL-PEIXES,08545,"Rio Furta Mare, afluente do rio Rasgado, Rodovia Governador Mário Covas",Characidium lanei,-25.7629722222,-48.7663055556,03,04,2013
Brasil,Paraná,Guaraquecaba,MZUEL-PEIXES,08546,"Rio Tagaçaba, Serra Negra. Ponto 17",Characidium lanei,-25.1984166667,-48.5070833333,05,04,2013
Brasil,Paraná,Morretes,MZUEL-PEIXES,08548,"Rio São João, Ponte da Graciosa, Rodovia da Graciosa, Porto de Cima. Ponto 13",Characidium lanei,-25.3809444444,-48.86425,04,04,2013
Brasil,Paraná,Guaraquecaba,MZUEL-PEIXES,08925,Rio Guaraqueçaba,Characidium lanei,-25.247597,-48.316231,14,12,2003
Brasil,Paraná,Guaraquecaba,MZUEL-PEIXES,12447,Rio Cachoeira,Characidium lanei,-25.3154305556,-48.3100361111,09,07,1997
Brasil,Paraná,Guaraquecaba,MZUEL-PEIXES,12468,"Lagoa no Parque Nacional do Superagui, Ilha de Superagui",Characidium lanei,-25.4620638889,-48.231966666700004,17,11,2000
Brasil,Paraná,Guaraquecaba,MZUEL-PEIXES,12495,Rio do Franco,Characidium lanei,-25.2577777778,-48.3016666667,14,10,2001
Brasil,Paraná,Guaraquecaba,MZUEL-PEIXES,12501,Rio Guaraqueçaba,Characidium lanei,-25.2250722222,-48.2818805556,14,10,2001
Brasil,São Paulo,Ribeirao Grande,MZUEL-PEIXES,14632,"rio Lageado, tributário do rio Ribeira de Iguape, no Parque Estadual Intervales",Characidium lanei,-24.09,-48.360001,28,11,2004
Brasil,São Paulo,Sete Barras,MZUEL-PEIXES,16152,riacho afluente Rio Ipiranga,Characidium lanei,-24.1803611111,-47.8585,06,11,2013
Brasil,São Paulo,Sete Barras,MZUEL-PEIXES,16180,Rio Saibabela,Characidium lanei,-24.2398055556,-48.0543333333,06,11,2013
Brasil,Paraná,Guaraquecaba,MZUEL-PEIXES,21405,"Rio Ipiranga, afluente do rio Morato, rodovia Deputado Miguel Bufara (ponto 19)",Characidium lanei,-25.2163055556,-48.2663055556,06,04,2013
Brasil,Paraná,Morretes,MZUEL-PEIXES,21457,Rio Sambaqui,Characidium lanei,-25.5272222222,-48.7491111111,04,04,2013
Brasil,Paraná,Guaraquecaba,MZUEL-PEIXES,21480,Rio das Antas/Brumado - bacia do rio Tagaçaba. Ponto 15,Characidium lanei,-25.2264444444,-48.56775,05,04,2013
Brasil,Paraná,Guaraquecaba,MZUEL-PEIXES,21511,"Rio Bananal, afl. rio Serra Nova, Serra Negra, Rod. Miguel Bufara (PR 405). Ponto 22",Characidium lanei,-25.1844722222,-48.4045833333,06,04,2013
Brasil,São Paulo,Sete Barras,MZUEL-PEIXES,22049,"Rio Preto (afluente), Bacia do Juquiá",Characidium lanei,-24.1916111111,-47.8891944444,06,11,2013
Brasil,Mato Grosso,Poconé,MZUEL-PEIXES,11119,"Rio Pixaím e Corixos próximos, na rodovia Transpantaneira",Characidium laterale,-16.7472222,-56.8580556,06,07,1999
Brasil,Mato Grosso,Poconé,MZUEL-PEIXES,11203,Corixo próximo ao rio Pixaim,Characidium laterale,-16.7472222,-56.8580556,09,07,2000
Brasil,Mato Grosso,Poconé,MZUEL-PEIXES,11876,Corixo próximo ao rio Pixaim,Characidium laterale,-16.7472222,-56.8580556,09,07,2000
Brasil,Mato Grosso,Poconé,MZUEL-PEIXES,11880,lagoa próxima ao rio Pixaim,Characidium laterale,-16.7472222222,-56.8580555556,09,07,2000
Brasil,Mato Grosso do Sul,Corumba,MZUEL-PEIXES,12255,"Corixo Sará, Estrada Parque",Characidium laterale,-19.5,-52.0333333333,10,01,2002
Brasil,Mato Grosso do Sul,Corumba,MZUEL-PEIXES,14070,"Baía da Medalha, na Base de Estudos do Pantanal",Characidium laterale,-19.5755556,-57.0147222,16,08,2015
Brasil,Mato Grosso do Sul,Corumba,MZUEL-PEIXES,14289,Área de alagamento sob a ponte 05 da Estrada Parque,Characidium laterale,-19.6058333,-57.0358333,18,08,2015
Brasil,Mato Grosso do Sul,Angelica,MZUEL-PEIXES,14515,"Córrego Piraveve, afluente do rio Ivinhema",Characidium laterale,-22.2386944444,-54.0691111111,13,01,2016
Brasil,São Paulo,NA,MZUEL-PEIXES,02685,Rio Boituvinha,Characidium lauroi,0,0,16,04,2002
Brasil,São Paulo,NA,MZUEL-PEIXES,02695,Rio Apiaí-Guaçu,Characidium lauroi,0,0,16,04,2002
Brasil,Paraná,Senges,MZUEL-PEIXES,02703,Cachoeira Véu da Noiva - Fazenda Realeza,Characidium lauroi,-24.112801,-49.4636,16,04,2002
Brasil,Santa Catarina,Joinville,MZUEL-PEIXES,07468,"Rio Pirabeiraba, embaixo da ponte na BR 101",Characidium occidentale,-26.1454166667,-48.9071944444,19,10,2012
Brasil,Santa Catarina,Sideropolis,MZUEL-PEIXES,07562,Rio Serrinha,Characidium occidentale,-28.6109722222,-49.5871111111,22,10,2012
Brasil,Paraná,Guaraquecaba,MZUEL-PEIXES,21384,"Rio Rasgadinho, afl. rio Cubatãozinho, Bacia do rio Cubatão",Characidium occidentale,-25.7553333333,-48.7720555556,02,04,2013
Brasil,Paraná,Guaraquecaba,MZUEL-PEIXES,21807,Rio Utinga,Characidium occidentale,-25.2016944444,-48.2536388889,06,04,2013
NA,NA,NA,MZUEL-PEIXES,22062,NA,Characidium occidentale,0,0,NA,NA,NA
Brasil,Rio Grande do Sul,Caraa,MZUEL-PEIXES,09092,"Rio Caraá, Rio dos Sinos",Characidium orientale,-29.8359444444,-50.3641111111,24,10,2012
Brasil,Santa Catarina,Imarui,MZUEL-PEIXES,07525,Rio D''Una,Characidium pterostictum,-28.1802222222,-48.7866666667,21,10,2012
Brasil,Rio Grande do Sul,Sao Jose Dos Ausentes,MZUEL-PEIXES,07535,Manim,Characidium pterostictum,-28.5801666667,-49.9855555556,22,10,2012
Brasil,Santa Catarina,Sideropolis,MZUEL-PEIXES,07561,Rio Serrinha,Characidium pterostictum,-28.6109722222,-49.5871111111,22,10,2012
Brasil,Santa Catarina,Sideropolis,MZUEL-PEIXES,07567,Rio São Bento,Characidium pterostictum,-28.6112777778,-49.5825833333,22,10,2012
Brasil,Santa Catarina,Timbe Do Sul,MZUEL-PEIXES,07573,"Rio Amola Faca, Bairro Nova Vicença",Characidium pterostictum,-28.83775,-49.8045,23,10,2012
Brasil,Santa Catarina,Timbe Do Sul,MZUEL-PEIXES,07588,Rio Serrinha ou Serra Velha,Characidium pterostictum,-28.8085111111,-49.9018611111,23,10,2012
Brasil,Rio Grande do Sul,Maquine,MZUEL-PEIXES,07987,Arroio Água Parada,Characidium pterostictum,-29.6706666667,-50.203,24,04,2013
Brasil,Paraná,Antonina,MZUEL-PEIXES,08551,"Rio Mergulhão, afluente do Rio Cacheira",Characidium pterostictum,-25.2935,-48.7403055556,05,04,2013
Brasil,Paraná,Morretes,MZUEL-PEIXES,08552,Rio Nhundiaquara,Characidium pterostictum,-25.4150833333,-48.8937222222,04,04,2013
Brasil,Paraná,Morretes,MZUEL-PEIXES,08554,Rio Sambaqui,Characidium pterostictum,-25.5272222222,-48.7491111111,04,04,2013
Brasil,Paraná,Guaraquecaba,MZUEL-PEIXES,08556,"Rio Tagaçaba, Serra Negra. Ponto 17",Characidium pterostictum,-25.1984166667,-48.5070833333,05,04,2013
Brasil,Paraná,Guaraquecaba,MZUEL-PEIXES,08557,Rio Canavieira (Ponte de Concreto),Characidium pterostictum,-25.7064722222,-48.7536666667,02,04,2013
Brasil,Paraná,Guaraquecaba,MZUEL-PEIXES,08558,Rio Capivari,Characidium pterostictum,-25.1961944444,-48.5095555556,05,04,2013
Brasil,Paraná,Guaratuba,MZUEL-PEIXES,08559,"Rio Furta Mare, afluente do rio Rasgado, Rodovia Governador Mário Covas",Characidium pterostictum,-25.7629722222,-48.7663055556,03,04,2013
Brasil,Rio Grande do Sul,Canudos Do Vale,MZUEL-PEIXES,08707,Rio Forquetinha,Characidium pterostictum,-29.4062222222,-52.0553333333,05,05,2009
Brasil,Paraná,Guaraquecaba,MZUEL-PEIXES,08923,Rio Guaraqueçaba,Characidium pterostictum,-25.247597,-48.316231,14,12,2003
Brasil,Rio Grande do Sul,Itati,MZUEL-PEIXES,09108,rio Três Forquilhas (vale de Três Forquilhas),Characidium pterostictum,-29.5118888889,-20.0919722222,24,10,2012
Brasil,Rio Grande do Sul,Maquine,MZUEL-PEIXES,09181,Rio Maquiné,Characidium pterostictum,-29.6194722222,-50.2643888889,24,10,2012
Brasil,Rio Grande do Sul,Maquine,MZUEL-PEIXES,09374,Rio Maquiné,Characidium pterostictum,-29.6528888889,-50.2088888889,19,11,2009
Brasil,Paraná,Cerro Azul,MZUEL-PEIXES,14729,"Ribeirão afluente do rio Ribeira, bacia do rio Ribeira de Iguape",Characidium pterostictum,-24.9006111111,-49.4433611111,11,12,2012
Brasil,Paraná,Campo Largo,MZUEL-PEIXES,14781,"Ribeirão afluente do rio Ribeira, bacia do rio Ribeira de Iguape",Characidium pterostictum,-25.1332777778,-49.7562777778,12,12,2012
Brasil,São Paulo,Eldorado,MZUEL-PEIXES,16209,"Rio Batatal ou do Braço, em Itapeúna",Characidium pterostictum,-24.6096388889,-48.2872777778,07,11,2013
Brasil,São Paulo,Iporanga,MZUEL-PEIXES,16223,"Rio Iporanga, próximo à estação de elevação de esgoto e a ponte",Characidium pterostictum,-24.5802777778,-48.5917222222,08,11,2013
Brasil,São Paulo,Iporanga,MZUEL-PEIXES,16236,"Rio Iporanga, próximo à estação de elevação de esgoto e a ponte",Characidium pterostictum,-24.5802777778,-48.5917222222,08,11,2013
Brasil,Rio Grande do Sul,Sao Pedro Do Butia,MZUEL-PEIXES,17012,Arroio Albino,Characidium pterostictum,-28.1339444444,-54.9254444444,04,10,2016
Brasil,Paraná,Guaratuba,MZUEL-PEIXES,21403,"Rio Furta Mare, afluente do rio Rasgado, Rodovia Governador Mário Covas",Characidium pterostictum,-25.7629722222,-48.7663055556,03,04,2013
Brasil,Paraná,Morretes,MZUEL-PEIXES,21458,Rio Sambaqui,Characidium pterostictum,-25.5272222222,-48.7491111111,04,04,2013
Brasil,Paraná,Guaraquecaba,MZUEL-PEIXES,21492,"Rio Tagaçaba, Serra Negra. Ponto 17",Characidium pterostictum,-25.1984166667,-48.5070833333,05,04,2013
Brasil,Paraná,Morretes,MZUEL-PEIXES,21496,"Rio São João, Ponte da Graciosa, Rodovia da Graciosa, Porto de Cima. Ponto 13",Characidium pterostictum,-25.3809444444,-48.86425,04,04,2013
Brasil,Paraná,Guaraquecaba,MZUEL-PEIXES,21811,Rio Utinga,Characidium pterostictum,-25.2016944444,-48.2536388889,06,04,2013
Brasil,Paraná,Guaratuba,MZUEL-PEIXES,22031,Rio Rasgado,Characidium pterostictum,-25.7905277778,-48.7660277778,03,04,2013
Brasil,São Paulo,Juquia,MZUEL-PEIXES,22057,riacho tributario do Rio Juquiá,Characidium pterostictum,-24.2538888889,-47.6208333333,05,10,2013
Brasil,Paraná,Guaraquecaba,MZUEL-PEIXES,22068,Bacia hidrográfica Cubatão,Characidium pterostictum,-25.8570833333,-48.7846666667,03,04,2013
NA,NA,NA,MZUEL-PEIXES,22070,NA,Characidium pterostictum,0,0,NA,NA,NA
Brasil,São Paulo,Sete Barras,MZUEL-PEIXES,22098,riacho afluente Rio Ipiranga,Characidium pterostictum,-24.1803611111,-47.8585,06,11,2013
Brasil,Paraná,Jaguariaiva,MZUEL-PEIXES,01750,Rio Cilada,Characidium schubarti,-24.3333333,-49.7833333,15,05,1999
Brasil,Paraná,Pirai Do Sul,MZUEL-PEIXES,13502,"Afluente do rio Piraí, bacia do rio Tibagi com rio Itararé",Characidium schubarti,-24.4998611111,-49.8958611111,27,11,2013
Brasil,Paraná,Jaguariaiva,MZUEL-PEIXES,15246,"afluente do rio Grande, bacia do rio Itararé, Paranapanema",Characidium schubarti,-24.459,-49.8065277778,27,11,2013
Brasil,Paraná,Pirai Do Sul,MZUEL-PEIXES,15251,Afluente do rio Itararé,Characidium schubarti,-24.4546666667,-49.8058611111,27,11,2013
Brasil,Paraná,Jaguariaiva,MZUEL-PEIXES,15256,"afluente do rio Grande, bacia do Itararé, Paranapanema",Characidium schubarti,-24.4546666667,-19.8058611111,27,11,2013
Brasil,Paraná,Pirai Do Sul,MZUEL-PEIXES,15266,Afluente do rio Itararé,Characidium schubarti,-24.4411111111,-49.7708333333,28,11,2013
Brasil,Paraná,Pirai Do Sul,MZUEL-PEIXES,15272,Afluente do rio Itararé,Characidium schubarti,-24.4344444444,-49.7725,28,11,2013
Brasil,Paraná,Pirai Do Sul,MZUEL-PEIXES,15278,Afluente do rio Itararé,Characidium schubarti,-24.4780277778,-49.7728333333,28,11,2013
Brasil,Paraná,Jaguariaiva,MZUEL-PEIXES,18013,"rio jaguariaíva/Jusante, Itararé",Characidium schubarti,-24.2803333,-49.6949167,09,11,2013
Brasil,Santa Catarina,NA,MZUEL-PEIXES,16924,"Rio Canoas, Reservatório Machadinho",Characidium serrano,0,0,NA,NA,NA
Brasil,Rio de Janeiro,Penedo,MZUEL-PEIXES,03920,"Rio das Pedras, bacia do rio Paraíba do Sul, Pousada Suarez",Characidium sp.,0,0,24,12,2005
Brasil,Paraná,Ponta Grossa,MZUEL-PEIXES,04527,"Córrego Quebra-Perna, Parque Estadual Vila Velha",Characidium sp.,-25.2358333,-50.0047222,15,06,2004
Brasil,Minas Gerais,Olhos D`água,MZUEL-PEIXES,07054,"Cerca de 10 km depois de Olhos D'água-Diamantina, à esquerda no eucaliptal, sequência de córregos até olhos d`água, bacia do rio Jequitinhonha",Characidium sp.,-17.428407,-43.533042,07,09,2012
Brasil,Minas Gerais,Olhos D`água,MZUEL-PEIXES,07061,"Córrego Porta. Cerca de 10 km depois de Olhos D'água-Diamantina, à esquerda no eucaliptal, sequência de córregos até olhos d`água, bacia do rio Jequitinhonha",Characidium sp.,-17.592758,-43.551191,07,09,2012
Brasil,Minas Gerais,Olhos D`água,MZUEL-PEIXES,07099,"Córrego Tabatinga, estrada para Terra branca, bacia do rio Jequitinhonha",Characidium sp.,-17.408261,-43.527094,09,09,2012
Brasil,Mato Grosso,Brasnorte,MZUEL-PEIXES,07143,"Tributário do rio Norato (ou Honorato), tributário do rio do Sangue, bacia do rio Juruena, a 7Km de Brasnorte, bacia do Tapajós",Characidium sp.,-12.1869166667,-57.9925833333,31,08,2013
Brasil,Minas Gerais,Carbonita,MZUEL-PEIXES,07164,"Córrego Cana Brava, bacia do rio Jequitinhonha",Characidium sp.,-17.434066,-43.226756,13,09,2012
Brasil,Minas Gerais,Itamarandiba,MZUEL-PEIXES,07205,"Rio Itamarandiba, bacia do rio Jequitinhonha",Characidium sp.,-18.025067,-42.847673,15,09,2012
Brasil,Minas Gerais,Itamarandiba,MZUEL-PEIXES,07231,"Estrada de terra Itamarandiba-Senador Modestino, bacia do rio Jequitinhonha",Characidium sp.,-43.146646,-17.922952,16,09,2012
Brasil,Minas Gerais,Turmalina,MZUEL-PEIXES,07352,"Córrego Arrozal, bacia do rio Jequitinhonha",Characidium sp.,-17.285601,-42.73,22,09,2012
Brasil,Minas Gerais,Diamantina,MZUEL-PEIXES,07361,"De Turmalina para Diamantina, à esquerda depois da entrada de Des. Otoni, bacia do rio Jequitinhonha",Characidium sp.,-17.796289,-43.312155,22,09,2012
Brasil,Mato Grosso,Brasnorte,MZUEL-PEIXES,09082,"Rio Capitão Helio, tributário do rio Tenente Noronha, tributário do rio do Sangue, bacia do rio Juruena, bacia do Tapajós",Characidium sp.,-12.1338055556,-58.1509722222,01,09,2013
Brasil,Mato Grosso,Jangada,MZUEL-PEIXES,09161,"Rio Chiqueirão, tributário do rio Cuiabá",Characidium sp.,-15.1210833333,-56.6466666667,28,08,2013
Brasil,Mato Grosso,Brasnorte,MZUEL-PEIXES,09164,"Tributário do rio Norato (ou Honorato), tributário do rio do Sangue, bacia do rio Juruena, a 7Km de Brasnorte, bacia do Tapajós",Characidium sp.,-12.1869166667,-57.9925833333,31,08,2013
Brasil,Mato Grosso,Brasnorte,MZUEL-PEIXES,09165,"Rio Capitão Helio, tributário do rio Tenente Noronha, tributário do rio do Sangue, bacia do rio Juruena, bacia do Tapajós",Characidium sp.,-12.1338055556,-58.1509722222,01,09,2013
Brasil,Mato Grosso,Sapezal,MZUEL-PEIXES,09168,"Rio Juruena, à aproximadamente 15Km de Sapezal, bacia do Tapajós",Characidium sp.,-13.5493611111,-59.0316388889,30,08,2013
Brasil,Mato Grosso,Brasnorte,MZUEL-PEIXES,09169,"Rio Norato (ou Honorato), tributário do rio do Sangue, bacia do rio Juruena, bacia do Tapajós",Characidium sp.,-12.2553888889,-57.9702222222,31,08,2013
Brasil,Mato Grosso,Brasnorte,MZUEL-PEIXES,09172,"Rio Capitão Helio, tributário do rio Tenente Noronha, tributário do rio do Sangue, bacia do rio Juruena, bacia do Tapajós",Characidium sp.,-12.1338055556,-58.1509722222,01,09,2013
Brasil,Mato Grosso,Brasnorte,MZUEL-PEIXES,09173,"Tributário do rio Norato (ou Honorato), tributário do rio do Sangue, bacia do rio Juruena, a 7Km de Brasnorte, bacia do Tapajós",Characidium sp.,-12.1869166667,-57.9925833333,31,08,2013
Brasil,Mato Grosso do Sul,Corumba,MZUEL-PEIXES,09613,"Corixo, na ponte 07+810 da Estrada Parque",Characidium sp.,-19.5796111111,-57.0371388889,20,08,2014
Brasil,Minas Gerais,Minas Novas,MZUEL-PEIXES,10751,Córrego Varão. Sub bacia do rio Araçuaí. Bacia do rio Jequitinhonha,Characidium sp.,-17.5492777778,-42.3752777778,01,07,2014
Brasil,Minas Gerais,Patrocinio,MZUEL-PEIXES,13896,"Córrego Bebedouro, tributário do rio Araguari, bacia do rio Paranaíba",Characidium sp.,-19.0191944444,-46.7827222222,20,08,2015
Brasil,Paraná,Boa Vista Da Aparecida,MZUEL-PEIXES,14174,"rio Jacutinga, afluente do rio Iguaçu",Characidium sp.,-25.4422278,-53.4424306,10,05,2012
Brasil,Paraná,Sao Joao Do Triunfo,MZUEL-PEIXES,14807,Rio Cachoeira,Characidium sp.,-25.6103611111,-50.3899166667,13,12,2012
Brasil,Paraná,Sao Joao Do Triunfo,MZUEL-PEIXES,14877,"Ribeirão afluente do rio Iguaçu, bacia do rio Iguaçu",Characidium sp.,-25.6819444444,-50.3095555556,14,12,2012
Brasil,Paraná,Realeza,MZUEL-PEIXES,17558,"rio Cotejipe, afluente do rio Iguaçu",Characidium sp.,-53.49905,-25.5880667,21,10,2016
Brasil,Paraná,Capitao Leonidas Marques,MZUEL-PEIXES,17568,Rio Iguaçu,Characidium sp.,-53.51055,-25.541716667,23,10,2016
Brasil,Minas Gerais,Brasilia De Minas,MZUEL-PEIXES,17737,"Vereda barrada artificialmente, bacia do rio São Francisco",Characidium sp.,-16.2111111111,-50.3077777778,26,10,2016
Brasil,Paraná,Capitao Leonidas Marques,MZUEL-PEIXES,17977,"rio Gonçalves Dias, afluente do rio Iguaçu",Characidium sp.,-25.4991833,-53.6779167,11,02,2016
Brasil,Acre,Senador Guiomard,MZUEL-PEIXES,18133,"Igarapé Iquiri, Rio Purus",Characidium sp.,-10.3026666667,-67.6123333333,04,08,2010
Brasil,Acre,Senador Guiomard,MZUEL-PEIXES,18144,"Igarapé Ponto 06, Rio Purus",Characidium sp.,-10.2946388889,-67.6295555556,04,08,2010
Brasil,Acre,Senador Guiomard,MZUEL-PEIXES,18159,"Igarapé Ponto 05, Rio Purus",Characidium sp.,-10.265166667,-67.65775,04,08,2010
Brasil,Minas Gerais,Coronel Murta,MZUEL-PEIXES,18628,"Rio Jequitinhonha, imediatamente a montante da cidade",Characidium sp.,-16.62675,-42.1847777778,04,07,2016
Brasil,Rio Grande do Sul,Itaqui,MZUEL-PEIXES,18846,Rio Uruguai,Characidium sp.,-28.8980555556,-56.2984166667,28,11,2015
Brasil,Minas Gerais,Patrocinio,MZUEL-PEIXES,20319,"Ribeirão Salitre, Bacia do Rio Paranaíba",Characidium sp.,-19.0138888889,-46.8269444444,27,07,2019
Brasil,Minas Gerais,Guanhaes,MZUEL-PEIXES,20326,"Rio Corrente Grande, Afluente Rio Doce - PCH Fortuna 2",Characidium sp.,-18.8972222222,-42.6830555556,24,04,2019
Brasil,Mato Grosso do Sul,Corumba,MZUEL-PEIXES,20345,"Corixão, afluente do Rio Miranda - Curso de campo",Characidium sp.,-19.009199,-57.653301,24,08,2019
Brasil,São Paulo,Pompeia,MZUEL-PEIXES,22874,Rio Cainguangue,Characidium sp.,-21.9897777778,-50.1278333333,10,12,2018
Brasil,Maranhão,Aldeias Altas,MZUEL-PEIXES,23971,Riacho do boi,Characidium sp.,-2.8303681,-44.0511431,24,06,2024
Brasil,Goiás,Pirenopolis,MZUEL-PEIXES,05973,"Córrego Santa Rita, Tocantins",Characidium sp. 1,-15.8518055556,-49.117,15,07,2010
Brasil,Mato Grosso,Barra Do Garcas,MZUEL-PEIXES,07635,"Rio Corrente, Araguaia",Characidium sp. 1,-15.4991388889,-52.2029166667,31,07,2008
Brasil,Mato Grosso,Barra Do Garcas,MZUEL-PEIXES,07636,"Rio Corrente, Araguaia",Characidium sp. 1,-15.4991388889,-52.2029166667,31,07,2008
Brasil,Mato Grosso,Barra Do Garcas,MZUEL-PEIXES,07642,"Rio Corrente, Araguaia",Characidium sp. 1,-15.4991388889,-52.2029166667,31,07,2008
Brasil,Mato Grosso,Barra Do Garcas,MZUEL-PEIXES,07638,"Rio Araguaia, Praia Quarto Crescente",Characidium sp. 2,-15.8911388889,-52.2464444444,02,08,2008
Brasil,Paraná,Sao Joao Do Triunfo,MZUEL-PEIXES,14809,Rio Cachoeira,Characidium travassosi,-25.6103611111,-50.3899166667,13,12,2012
Brasil,Goiás,Barro Alto,MZUEL-PEIXES,05839,"Rio dos Patos, Bacia do Tocantins",Characidium xanthopterum,-15.0167222222,-48.8201111111,12,07,2010
Brasil,Paraná,Londrina,MZUEL-PEIXES,00725,"Ribeirão Três Bocas, tributário do rio Tibagi",Characidium zebra,-23.385,-51.0758333,19,10,1989
Brasil,Paraná,Londrina,MZUEL-PEIXES,01244,Riacho Esperança,Characidium zebra,-23.310301,-51.1628,14,11,1992
Brasil,Paraná,Londrina,MZUEL-PEIXES,01245,Ribeirão Cafezal,Characidium zebra,-23.310301,-51.1628,14,09,1987
Brasil,Paraná,Londrina,MZUEL-PEIXES,01319,"Ribeirão Três Bocas, tributário do rio Tibagi",Characidium zebra,-23.385,-51.0758333,11,09,1986
Brasil,Paraná,Londrina,MZUEL-PEIXES,01414,"Ribeirão Jacutinga, tributário do rio Tibagi",Characidium zebra,-23.310301,-51.1628,15,11,1996
Brasil,Paraná,Sapopema,MZUEL-PEIXES,01549,"Ribeirão Lambari, tributário do rio Tibagi",Characidium zebra,-23.910801,-50.580299,25,08,1997
Brasil,Paraná,Londrina,MZUEL-PEIXES,01553,"Ribeirão dos Apertados, tributário do rio Tibagi, na Mato dos Godoy",Characidium zebra,-23.4608333,-51.2413889,29,07,1998
Brasil,Paraná,Jataizinho,MZUEL-PEIXES,01643,Entre Ribeirão Taquari e o Ribeirão Água da Floresta,Characidium zebra,-23.1911111,-50.9458333,17,10,1998
Brasil,Paraná,Jataizinho,MZUEL-PEIXES,01709,Ribeirão Taquari,Characidium zebra,-23.1830556,-50.9497222,01,12,1998
Brasil,Paraná,Sapopema,MZUEL-PEIXES,02075,Ribeirão Mumbuquinha,Characidium zebra,-23.9386111,-50.7283333,07,01,2000
Brasil,Paraná,Jataizinho,MZUEL-PEIXES,02076,"Ribeirão Couro do Boi, tributário do rio Tibagi",Characidium zebra,-23.2542,-50.98,26,11,1999
Brasil,Paraná,Jataizinho,MZUEL-PEIXES,02078,"Ribeirão Couro do Boi, tributário do rio Tibagi",Characidium zebra,-23.2858333,-50.9005556,15,02,2000
Brasil,Paraná,Londrina,MZUEL-PEIXES,02080,"Ribeirão dos Apertados, tributário do rio Tibagi, na Mato dos Godoy",Characidium zebra,-23.4608333333,-51.2413888889,12,11,1999
Brasil,Paraná,Londrina,MZUEL-PEIXES,02081,"Ribeirão dos Apertados, tributário do rio Tibagi, na Mato dos Godoy",Characidium zebra,-23.4608333333,-51.2413888889,19,03,1999
Brasil,Paraná,Londrina,MZUEL-PEIXES,02083,"Ribeirão dos Apertados, tributário do rio Tibagi, na Mato dos Godoy",Characidium zebra,-23.4608333333,-51.2413888889,12,11,1999
Brasil,Paraná,Tamarana,MZUEL-PEIXES,02338,"Fazenda do Pastoreio, Estação de Piscicultura UNOPAR",Characidium zebra,-23.723301,-51.097198,11,09,2000
Brasil,Paraná,Itambaraca,MZUEL-PEIXES,02512,Rio das Cinzas,Characidium zebra,-23.017799,-50.406399,21,11,2001
Brasil,Paraná,Tamarana,MZUEL-PEIXES,02590,"Rio Tibagi, foz do rio Apucaraninha",Characidium zebra,-23.723301,-51.097198,09,01,2002
Brasil,Paraná,Londrina,MZUEL-PEIXES,02678,"Ribeirão Três Bocas, tributário do rio Tibagi",Characidium zebra,-23.385,-51.0758333,11,11,1994
Brasil,Paraná,Londrina,MZUEL-PEIXES,03662,"Ribeirão Lindóia, Carnasciali pontos 1 e 2",Characidium zebra,-23.2733333,-51.2108333,30,04,2004
Brasil,São Paulo,Sao Carlos,MZUEL-PEIXES,04121,"Córrego Feijão, bacia do rio Tietê",Characidium zebra,-22.1144444,-47.7541667,16,05,2005
Brasil,Paraná,Jataizinho,MZUEL-PEIXES,04326,Ribeirão Água da Floresta,Characidium zebra,-23.2066667,-50.9305556,28,07,1999
Brasil,Paraná,Jataizinho,MZUEL-PEIXES,04327,Ribeirão Água da Floresta,Characidium zebra,-23.2066667,-50.9305556,14,04,2000
Brasil,Paraná,Jataizinho,MZUEL-PEIXES,04330,Ribeirão Taquari,Characidium zebra,-23.2066667,-50.9305556,22,10,1999
Brasil,Paraná,Jataizinho,MZUEL-PEIXES,04337,"Ribeirão Couro do Boi, tributário do rio Tibagi",Characidium zebra,-23.2858333,-50.9005556,26,11,1999
Brasil,Paraná,Sapopema,MZUEL-PEIXES,04338,Ribeirão Mumbuquinha,Characidium zebra,-23.9386111,-50.7283333,10,04,1999
Brasil,Paraná,Arapongas,MZUEL-PEIXES,04363,"Ribeirão dos Apertados, tributário do rio Tibagi",Characidium zebra,-23.4683333,-51.4013889,19,09,2006
Brasil,Paraná,California,MZUEL-PEIXES,04394,Ribeirão Califórnia,Characidium zebra,-23.6602778,-51.3075,22,05,2006
Brasil,Paraná,California,MZUEL-PEIXES,04404,Ribeirão Jacucaca,Characidium zebra,-23.6380556,-51.3466667,23,05,2006
Brasil,Paraná,Marilandia Do Sul,MZUEL-PEIXES,04417,Ribeirão Clementino,Characidium zebra,-23.7075,-51.2297222,01,06,2006
Brasil,Paraná,Londrina,MZUEL-PEIXES,04422,"Ribeirão Gabriel da Cunha, distrito de Guaravera, cabeceira",Characidium zebra,-23.6716667,-51.1577778,25,07,2006
Brasil,Paraná,Londrina,MZUEL-PEIXES,04433,"Ribeirão Lajeadinho, distrito de São Luiz, cabeceira",Characidium zebra,-23.535,-51.2005556,25,07,2006
Brasil,Paraná,California,MZUEL-PEIXES,04447,Rio Taquara,Characidium zebra,-23.6677778,-51.32,08,06,2006
Brasil,Paraná,Marilandia Do Sul,MZUEL-PEIXES,04556,"Ribeirão Clementino, cabeceira",Characidium zebra,-23.7075,-51.2297222,14,11,2006
Brasil,Paraná,California,MZUEL-PEIXES,04563,"Ribeirão Clementino Primeiro, cabeceira",Characidium zebra,-23.5916667,-51.2938889,20,11,2006
Brasil,Paraná,California,MZUEL-PEIXES,04587,"Ribeirão Jacucaca, cabeceira",Characidium zebra,-23.6380556,-51.3466667,13,11,2006
Brasil,Paraná,Londrina,MZUEL-PEIXES,04599,"Ribeirão Lajeadinho, cabeceira, distrito de São Luiz",Characidium zebra,-23.535,-51.2005556,16,11,2006
Brasil,Paraná,California,MZUEL-PEIXES,04615,"Rio Taquara, cabeceira",Characidium zebra,-23.6677778,-51.32,13,11,2006
Brasil,Paraná,Cornelio Procopio,MZUEL-PEIXES,04916,"Córrego Araras, Mata São Francisco",Characidium zebra,-23.181101,-50.646702,12,09,2007
Brasil,Paraná,Londrina,MZUEL-PEIXES,04983,"Ribeirão Três Bocas, tributário do rio Tibagi, no Parque Ecológico Dr. Daisaku Ikeda",Characidium zebra,-23.385,-51.0758333333,03,12,2007
Brasil,São Paulo,Sao Carlos,MZUEL-PEIXES,05407,Feijão,Characidium zebra,-22.01,-47.889999,28,02,2005
Brasil,Goiás,Barro Alto,MZUEL-PEIXES,05796,Rio dos Patos,Characidium zebra,-14.8770833333,-48.7688333333,11,07,2010
Brasil,Goiás,Barro Alto,MZUEL-PEIXES,05797,Rio dos Patos,Characidium zebra,-14.8770833333,-48.7688333333,11,07,2010
Brasil,Goiás,Barro Alto,MZUEL-PEIXES,05831,"Rio dos Patos, Bacia do Tocantins",Characidium zebra,-15.0167222222,-48.8201111111,12,07,2010
Brasil,Goiás,Barro Alto,MZUEL-PEIXES,05842,"Ribeirão Pouso Alegre, Rio Tocantins",Characidium zebra,-15.0239722222,-48.8308472222,12,07,2010
Brasil,Goiás,Goianesia,MZUEL-PEIXES,05887,Ribeirão das Lages,Characidium zebra,-15.4665833333,-49.1976111111,14,07,2010
Brasil,Goiás,Goianesia,MZUEL-PEIXES,05902,"Rio dos Peixes, Tocantins",Characidium zebra,-15.4733333,-49.2247222,14,07,2010
Brasil,Goiás,Goianesia,MZUEL-PEIXES,05913,Ribeirão Chumbada,Characidium zebra,-15.4994444444,-49.1693333333,14,07,2010
Brasil,Goiás,Goianesia,MZUEL-PEIXES,05922,Rio Santa Família,Characidium zebra,-15.4798055556,-49.1086666667,14,07,2010
Brasil,Goiás,Pirenopolis,MZUEL-PEIXES,05949,Ribeirão Barriguinho,Characidium zebra,-15.8471944444,-48.9325833333,15,07,2010
Brasil,Goiás,Pirenopolis,MZUEL-PEIXES,05970,"Córrego Santa Rita, Tocantins",Characidium zebra,-15.8518055556,-49.117,15,07,2010
Brasil,Paraná,Rolandia,MZUEL-PEIXES,06214,"Ribeirão Ema, Ponto 5",Characidium zebra,-23.3097,-51.369202,04,12,2009
Brasil,Paraná,Rolandia,MZUEL-PEIXES,06264,"Ribeirão Jaú, Ponto 2",Characidium zebra,-23.3097,-51.369202,21,07,2009
Brasil,Paraná,Rolandia,MZUEL-PEIXES,06281,Ribeirão Jaú - Ponto 3,Characidium zebra,-23.3097,-51.369202,07,12,2009
Brasil,Paraná,Rolandia,MZUEL-PEIXES,06320,Ribeirão Jaú - Ponto 4,Characidium zebra,-23.3097,-51.369202,22,07,2009
Brasil,Paraná,Rolandia,MZUEL-PEIXES,06327,Ribeirão Jaú - Ponto 5,Characidium zebra,-23.3097,-51.369202,20,10,2009
Brasil,Paraná,Cambira,MZUEL-PEIXES,06390,Rib. Dourado,Characidium zebra,-23.5644722222,-51.6198611111,05,07,2012
Brasil,Paraná,Ribeirao Do Pinhal,MZUEL-PEIXES,06441,Ribeirão Penacho,Characidium zebra,-23.3777777778,-50.3477777778,20,08,2012
Brasil,Paraná,Sertanopolis,MZUEL-PEIXES,07016,"Riberão Couro do Boi, tributário do rio Tibagi",Characidium zebra,-23.09422222,-50.99711111,29,09,2011
Brasil,Minas Gerais,Olhos D`água,MZUEL-PEIXES,07020,"Córrego Labatu, ponte antes da Cachoeira Labatu, bacia do rio Jequitinhonha",Characidium zebra,-17.429353,-43.607685,06,09,2012
Brasil,Minas Gerais,Olhos D`água,MZUEL-PEIXES,07030,"Córrego Labatu, na Cachoeira Labatu, bacia do rio Jequitinhonha",Characidium zebra,-17.434335,-43.615897,06,09,2012
Brasil,Minas Gerais,Olhos D`água,MZUEL-PEIXES,07047,"Córrego Água Boa, c. 10 km depois de Olhos D'água-Diamantina, à esquerda no eucaliptal sequência de córregos até olhos d`água, bacia do rio Jequitinhonha",Characidium zebra,-17.472003,-43.506047,07,09,2012
Brasil,Minas Gerais,Olhos D`água,MZUEL-PEIXES,07062,"Córrego Porta. Cerca de 10 km depois de Olhos D'água-Diamantina, à esquerda no eucaliptal, sequência de córregos até olhos d`água, bacia do rio Jequitinhonha",Characidium zebra,-17.592758,-43.551191,07,09,2012
Brasil,Minas Gerais,Turmalina,MZUEL-PEIXES,07100,"Córrego Arrozal, bacia do rio Jequitinhonha",Characidium zebra,-17.285601,-42.73,22,09,2012
Brasil,Minas Gerais,Felicio Dos Santos,MZUEL-PEIXES,07302,"Rio Araçuaí, bacia do rio Jequitinhonha",Characidium zebra,-18.076556,-43.228364,18,09,2012
Brasil,Minas Gerais,Diamantina,MZUEL-PEIXES,07411,"Rio Caeté Mirim, caminho de Mendanha a Inhaí, bacia do rio Jequitinhonha",Characidium zebra,-17.969385,-43.632057,24,09,2012
Brasil,Mato Grosso,Barra Do Garcas,MZUEL-PEIXES,07637,"Rio Taquaralzinho, Estância Taquaralzinho, Araguaia",Characidium zebra,-15.71125,-52.5912777778,30,07,2008
Brasil,Mato Grosso,Barra Do Garcas,MZUEL-PEIXES,07639,"Rio Taquaral, Araguaia",Characidium zebra,-15.6781666667,-52.2978611111,30,07,2008
Brasil,Mato Grosso,Barra Do Garcas,MZUEL-PEIXES,07640,"Córrego Jaraguá, Araguaia",Characidium zebra,-15.9408055556,-52.2550555556,01,08,2008
Brasil,Mato Grosso do Sul,Corumba,MZUEL-PEIXES,08056,Corixo na Ponte 11,Characidium zebra,-19.541416666700002,-57.0396388889,21,08,2013
Brasil,Mato Grosso do Sul,Corumba,MZUEL-PEIXES,08092,Corixão,Characidium zebra,-19.5255277778,-57.0406666667,20,08,2013
Brasil,Paraná,Assai,MZUEL-PEIXES,08225,"Ribeirão Água Branca, Bacia do rio Tibagi",Characidium zebra,-23.331111111,-50.9595,10,12,2013
Brasil,Paraná,Assai,MZUEL-PEIXES,08238,"Ribeirão Água Branca, Bacia do rio Tibagi",Characidium zebra,-23.331111111,-50.9595,10,12,2013
Brasil,Paraná,Assai,MZUEL-PEIXES,08244,"Riberirão Água Branca, Bacia do rio Tibagi",Characidium zebra,-23.330111111,-50.971166667,10,12,2013
Brasil,Paraná,Jataizinho,MZUEL-PEIXES,08276,"Ribeirão Tigre, Bacia do rio Tibagi",Characidium zebra,-23.328472222,-50.921694444,09,12,2013
Brasil,Paraná,Assai,MZUEL-PEIXES,08307,"Ribeirão Saltinho, Bacia do rio Tibagi",Characidium zebra,-23.379972222,-50.954805556,13,12,2013
Brasil,Rio Grande do Sul,Balneario Pinhal,MZUEL-PEIXES,08403,Lagoa Cerquinha,Characidium zebra,-30.2315277778,-50.2613611111,17,06,2010
Brasil,Rio Grande do Sul,Porto Alegre,MZUEL-PEIXES,08408,Lagoa Rondinha,Characidium zebra,-30.0331,-51.23,17,06,2010
Brasil,Paraná,Assai,MZUEL-PEIXES,10052,"Ribeirão Água Branca, Bacia do rio Tibagi",Characidium zebra,-23.331111111,-50.9595,06,05,2014
Brasil,Paraná,Assai,MZUEL-PEIXES,10060,"Ribeirão Água Branca, Bacia do rio Tibagi",Characidium zebra,-23.355527778,-50.927833333,06,05,2014
Brasil,Paraná,Jataizinho,MZUEL-PEIXES,10101,"Ribeirão Tigre, Bacia do rio Tibagi",Characidium zebra,-23.3433888889,-50.9001111111,20,06,2014
Brasil,Paraná,Jataizinho,MZUEL-PEIXES,10112,"Ribeirão Tigre, Bacia do rio Tibagi",Characidium zebra,-23.305833333,-50.95825,20,06,2014
Brasil,Paraná,Jaguariaiva,MZUEL-PEIXES,10360,"rio Iapó, bacia do rio Tibagi com rio Itararé",Characidium zebra,-24.251101,-49.705799,27,11,2013
Brasil,Paraná,Sertanopolis,MZUEL-PEIXES,10398,"Riacho Água Mumerica, bacia do rio Tibagi com rio Paranapanema",Characidium zebra,-23.0988888889,-51.1268888889,21,02,2014
Brasil,Paraná,Bela Vista Do Paraiso,MZUEL-PEIXES,10399,"rio Cerne, bacia do rio Tibagi com rio Paranapanema",Characidium zebra,-23.0277222222,-51.1424166667,21,02,2014
Brasil,Mato Grosso,Tangara Da Serra,MZUEL-PEIXES,09160,"Ribeirão do Sapo, tributário do rio Sepetuba",Characidium zebra,-14.5568333333,-57.8127222222,29,08,2013
Brasil,Paraná,Ibipora,MZUEL-PEIXES,10888,"Ribeirão Engenho de Ferro, Bacia do rio Tibagi",Characidium zebra,-23.285416667,-51.011361111,28,08,2014
Brasil,Rio Grande do Sul,Sentinela Do Sul,MZUEL-PEIXES,09233,Arroio Teixeira,Characidium zebra,-30.6204444444,-51.5547222222,27,10,2012
Brasil,Paraná,Jataizinho,MZUEL-PEIXES,11009,"Ribeirão Tigre, Bacia do rio Tibagi",Characidium zebra,-23.305833333,-50.95825,02,09,2014
Brasil,Paraná,Jataizinho,MZUEL-PEIXES,11017,"Ribeirão Tigre, Bacia do rio Tibagi",Characidium zebra,-23.328472222,-50.921694444,02,09,2014
Brasil,Mato Grosso,Poconé,MZUEL-PEIXES,11035,lagoa próxima ao rio Pixaim,Characidium zebra,-16.7472222222,-56.8580555556,09,07,2000
Brasil,Paraná,Assai,MZUEL-PEIXES,11072,"Ribeirão Água Branca, Bacia do rio Tibagi",Characidium zebra,-23.355527778,-50.927833333,28,08,2014
Brasil,Mato Grosso,Poconé,MZUEL-PEIXES,11120,"Rio Pixaím e Corixos próximos, na rodovia Transpantaneira",Characidium zebra,-16.7472222,-56.8580556,06,07,1999
Brasil,Mato Grosso do Sul,Bonito,MZUEL-PEIXES,11122,Rio Miranda,Characidium zebra,-21.2166666667,-56.1833333333,19,10,1999
Brasil,Paraná,Londrina,MZUEL-PEIXES,11425,"Ribeirão Três Bocas, tributário do rio Tibagi, no Parque Ecológico Dr. Daisaku Ikeda",Characidium zebra,-23.385,-51.0758333333,25,10,2013
Brasil,Paraná,Londrina,MZUEL-PEIXES,11426,"Ribeirão Três Bocas, tributário do rio Tibagi, no Parque Ecológico Dr. Daisaku Ikeda",Characidium zebra,-23.385,-51.0758333333,22,11,2013
Brasil,Mato Grosso do Sul,Corumba,MZUEL-PEIXES,09935,"Lagoa marginal do Rio Miranda, na ponte da Estrada Parque",Characidium zebra,-19.5795833333,-57.03725,18,08,2014
Brasil,Paraná,Assai,MZUEL-PEIXES,09983,"Ribeirão Saltinho, Bacia do rio Tibagi",Characidium zebra,-23.377861111,-50.905861111,06,05,2014
Brasil,Paraná,Ibipora,MZUEL-PEIXES,10034,"Ribeirão Engenho de Ferro, Bacia do rio Tibagi",Characidium zebra,-23.285416667,-51.011361111,20,06,2014
Brasil,Mato Grosso do Sul,Corumba,MZUEL-PEIXES,09749,"Corixo Corixão na ponte 13+769 da Estrada Parque, Bacia do Rio Miranda",Characidium zebra,-19.5256777778,-57.040875,20,08,2014
Brasil,Mato Grosso do Sul,Corumba,MZUEL-PEIXES,13087,"Estrada Parque, Próximo a base de estudos da UFMS",Characidium zebra,-19.5124166667,-57.0407777778,19,08,2007
Brasil,Paraná,Londrina,MZUEL-PEIXES,11430,"Ribeirão Três Bocas, tributário do rio Tibagi, no Parque Ecológico Dr. Daisaku Ikeda",Characidium zebra,-23.385,-51.0758333333,12,08,2014
Brasil,Mato Grosso,Poconé,MZUEL-PEIXES,11877,Corixo próximo ao rio Pixaim,Characidium zebra,-16.7472222,-56.8580556,09,07,2000
Brasil,Mato Grosso,Poconé,MZUEL-PEIXES,11881,lagoa próxima ao rio Pixaim,Characidium zebra,-16.7472222222,-56.8580555556,09,07,2000
Brasil,Mato Grosso do Sul,Corumba,MZUEL-PEIXES,12111,"Rio Paraguai, Porto da Manga - Pesqueiro do Rubens",Characidium zebra,-19.1666666667,-57.25,09,01,2002
Brasil,Mato Grosso,Poconé,MZUEL-PEIXES,12136,"Rio Pixaím e Corixos próximos, na rodovia Transpantaneira",Characidium zebra,-16.7472222,-56.8580556,06,07,1999
Brasil,Mato Grosso do Sul,Corumba,MZUEL-PEIXES,12213,Corixo na Estrada Parque,Characidium zebra,-19.5261111111,-57.0405555556,03,09,2002
Brasil,Mato Grosso do Sul,Corumba,MZUEL-PEIXES,12262,"Rio Miranda, na BEP-UFMS",Characidium zebra,-19.5766666667,-57.0180555556,05,09,2002
Brasil,São Paulo,Sao Carlos,MZUEL-PEIXES,12525,"Córrego Feijão, bacia do rio Tietê",Characidium zebra,-22.1144444,-47.7541667,16,05,2005
Brasil,São Paulo,Sao Carlos,MZUEL-PEIXES,12527,"Córrego São José, bacia do rio Tietê",Characidium zebra,-22.0825,-47.8166667,17,05,2005
Brasil,São Paulo,Sao Carlos,MZUEL-PEIXES,12528,"Córrego Feijão, bacia do rio Tietê",Characidium zebra,-22.1538889,-47.8830556,20,05,2005
Brasil,São Paulo,Sao Carlos,MZUEL-PEIXES,12529,"Córrego Feijão, bacia do rio Tietê",Characidium zebra,-22.1030556,-47.7436111,16,05,2005
Brasil,São Paulo,Sao Carlos,MZUEL-PEIXES,12531,"Córrego Feijão, bacia do rio Tietê",Characidium zebra,-22.1483333,-47.7975,18,05,2005
Brasil,São Paulo,Sao Carlos,MZUEL-PEIXES,12532,"Córrego Feijão, bacia do rio Tietê",Characidium zebra,-22.155,-47.8447222,02,12,2005
Brasil,Mato Grosso do Sul,Corumba,MZUEL-PEIXES,12578,"Lagoa na BEP, ao longo da estrada que vai ao Passo do Lontra",Characidium zebra,-19.5727777778,-57.0326111111,17,07,2006
Brasil,Paraná,Sertanopolis,MZUEL-PEIXES,19954,"Rio do Cerne, tributário do Rio Tibagi",Characidium zebra,-23.0265194444,-51.1314027778,05,09,2018
Brasil,Paraná,Sertanopolis,MZUEL-PEIXES,13496,"Riacho Água Mumerica, bacia do rio Tibagi com rio Paranapanema",Characidium zebra,-23.0988888889,-51.1268888889,21,02,2014
Brasil,Paraná,Bela Vista Do Paraiso,MZUEL-PEIXES,13497,"Riacho sem nome, bacia do rio Tibagi com rio Paranapanema",Characidium zebra,-23.0215833333,-51.1328333333,21,02,2014
Brasil,Paraná,Bela Vista Do Paraiso,MZUEL-PEIXES,13498,"rio Cerne, bacia do rio Tibagi com rio Paranapanema",Characidium zebra,-23.0277222222,-51.1424166667,21,02,2014
Brasil,Mato Grosso do Sul,Corumba,MZUEL-PEIXES,14084,"Corixo Corixão, afluente do rio Miranda",Characidium zebra,-19.5258333,-57.0405556,20,08,2015
Brasil,Mato Grosso do Sul,Novo Horizonte Do Sul,MZUEL-PEIXES,14455,"Afluente do rio Tujuri, afluente do rio Guiraí, bacia do rio Ivinhema",Characidium zebra,-22.6974722222,-53.7649722222,12,01,2016
Brasil,Paraná,Sertanopolis,MZUEL-PEIXES,20013,"Água do Meio, Bacia do Rio do Cerno, Bacia do Rio Tibagi",Characidium zebra,-23.0536111111,-51.0927777778,09,11,2018
Brasil,Minas Gerais,Patrocinio,MZUEL-PEIXES,20320,"Ribeirão Salitre, Bacia do Rio Paranaíba",Characidium zebra,-19.0138888889,-46.8269444444,27,07,2019
Brasil,Paraná,Londrina,MZUEL-PEIXES,20549,"Rio Gamelão, tributario do taquara, ponte pr-445",Characidium zebra,-23.6376416,-51.0999944,01,11,2019
Brasil,Paraná,Londrina,MZUEL-PEIXES,14576,"Ribeirão Três Bocas, tributário do rio Tibagi, no Parque Ecológico Dr. Daisaku Ikeda",Characidium zebra,-23.385,-51.0758333333,17,08,2015
Brasil,Paraná,Jataizinho,MZUEL-PEIXES,14668,Ribeirão Taquari,Characidium zebra,-23.1792222222,-50.9419166667,12,04,2005
Brasil,Paraná,Cornelio Procopio,MZUEL-PEIXES,14894,Afluente do rio das Cinzas,Characidium zebra,-23.2232222222,-50.6018055556,01,10,2013
Brasil,Paraná,Cornelio Procopio,MZUEL-PEIXES,14897,Afluente do rio das Cinzas,Characidium zebra,-23.2858055556,-50.5703611111,01,10,2013
Brasil,Paraná,Grandes Rios,MZUEL-PEIXES,15029,"Ribeirão afluente do rio Ivaí, rio Ivaí",Characidium zebra,-24.1642222222,-51.3858055556,08,04,2015
Brasil,Paraná,Sertaneja,MZUEL-PEIXES,15119,Afluente do rio Paranapanema,Characidium zebra,-23.0220277778,-50.7362777778,21,05,2013
Brasil,Paraná,Arapongas,MZUEL-PEIXES,15193,Afluente do rio Pirapó,Characidium zebra,-23.46525,-51.5333888889,06,03,2013
Brasil,Paraná,Imbituva,MZUEL-PEIXES,15407,Rio Imbituva na fazenda Floresta,Characidium zebra,-25.1202777778,-50.3888888889,29,04,2005
Brasil,Paraná,Bela Vista Do Paraiso,MZUEL-PEIXES,15420,"Rio do Cerne, tributário do rio Tibagi",Characidium zebra,-23.0166666667,-51.1166666667,31,07,2005
Brasil,Paraná,Foz Do Iguacu,MZUEL-PEIXES,15653,Rio Iguacu,Characidium zebra,-25.6315306,-54.4753528,18,10,2010
Brasil,Paraná,Foz Do Iguacu,MZUEL-PEIXES,15941,Rio Iguaçu,Characidium zebra,-25.5883306,-54.5638139,04,12,2013
Brasil,Paraná,Foz Do Iguacu,MZUEL-PEIXES,15942,Rio Iguaçu,Characidium zebra,-25.6439806,-54.4616806,09,01,2014
Brasil,Mato Grosso do Sul,Corumba,MZUEL-PEIXES,16101,Rio Miranda BEP/ UFMS,Characidium zebra,-19.5766666667,-57.0180555556,28,08,2011
Brasil,Minas Gerais,Buritizeiro,MZUEL-PEIXES,16462,Rio São Francisco,Characidium zebra,-17.2158055556,-44.9355,07,07,2016
Brasil,Paraná,Londrina,MZUEL-PEIXES,16626,"Ribeirão Três Bocas, no Patrimônio Regina, tributário do rio Tibagi",Characidium zebra,-23.4053055556,-51.2225277778,18,08,1999
Brasil,Paraná,Jataizinho,MZUEL-PEIXES,16944,"Rio Tibagi,corredeira",Characidium zebra,-23.2253888889,-50.9645,29,09,2016
Brasil,Rio Grande do Sul,Itaqui,MZUEL-PEIXES,18813,Rio Uruguai,Characidium zebra,-29.0877055556,-56.4589611111,27,11,2015
Brasil,Paraná,Londrina,MZUEL-PEIXES,18982,"Limoeiro, rio Tibagi",Characidium zebra,-23.353956,-51.008312,30,12,2001
Brasil,São Paulo,Indaiatuba,MZUEL-PEIXES,20801,"Rio Capivari-Mirim, afluente do Rio Capivari, tributário do Rio Tietê, no Sítio Eldorado",Characidium zebra,-23.0360277778,-47.1625555556,16,10,2020
Brasil,Goiás,Goias,MZUEL-PEIXES,20903,"Rio Vermelho, na ponte da GO-164",Characidium zebra,-15.9188888889,-50.1280555556,14,10,2019
Brasil,Goiás,Sanclerlandia,MZUEL-PEIXES,20910,"Rio Fartura, a jusante da GO-164",Characidium zebra,-16.1558333333,-50.3041666667,14,10,2019
Brasil,Paraná,Londrina,MZUEL-PEIXES,21630,"Rio Gamelão, tributario do taquara, ponte pr-445, 2",Characidium zebra,-23.6517972,-51.0961972,22,11,2019
Brasil,São Paulo,Presidente Venceslau,MZUEL-PEIXES,21803,Rio do Peixe,Characidium zebra,-21.6184444444,-51.7113333333,05,12,2018
Brasil,Mato Grosso do Sul,Bataguassu,MZUEL-PEIXES,22547,Córrego Azul (córrego Paredão),Characidium zebra,-21.4418888889,-52.1744166667,07,12,2018
Brasil,São Paulo,Pirajui,MZUEL-PEIXES,22811,Rio Feio,Characidium zebra,-22.0208333333,-49.6061388889,09,12,2018
Brasil,Paraná,Londrina,MZUEL-PEIXES,22949,Ribeirão dos Apertados,Characidium zebra,-23.4570833333,-51.2378333333,20,08,2001
Brasil,São Paulo,Sao Carlos,MZUEL-PEIXES,22980,"Córrego Feijão, tributário do Ribeirão do Feijão, bacia do Jaracé-Guaçu, rio Tietê (trecho 8)",Characidium zebra,-22.01,-47.889999,28,02,2005
Brasil,São Paulo,Sao Carlos,MZUEL-PEIXES,22987,"Córrego Feijão, tributário do Ribeirão do Feijão, bacia do Jaracé-Guaçu, rio Tietê (trecho 8)",Characidium zebra,-22.01,-47.889999,01,12,2005
Brasil,São Paulo,Sao Carlos,MZUEL-PEIXES,23016,"Córrego São José, tributário do Ribeirão do Feijão, bacia do Jaracé-Guaçu, rio Tietê (trecho 5)",Characidium zebra,-22.01,-47.889999,26,02,2005
Brasil,São Paulo,Sao Carlos,MZUEL-PEIXES,23025,"Ribeirão Monjolinho, tributário do Ribeirão do Feijão, bacia do Jaracé-Guaçu, rio Tietê",Characidium zebra,-22.01,-47.889999,27,02,2005
Brasil,Goiás,Arenopolis,MZUEL-PEIXES,23035,"ribeirão Ribeirão, bacia do rio Caiapó, Araguaia",Characidium zebra,-16.4561944444,-51.6615555556,08,09,2000
Brasil,Paraná,Londrina,MZUEL-PEIXES,23287,"Ribeirão Cafezal (trecho médio), triburátio do rio Tibagi, bacia do Paranapanema",Characidium zebra,-23.310301,-51.1628,NA,NA,2009
Brasil,Mato Grosso,Juina,MZUEL-PEIXES,23612,"Rio Vermelho, tributário da margem esquerda do rio Juruena, na MT-183, bacia do Tapajós",Characidium zebra,-11.2523138889,-58.8933777778,18,10,2023
Brasil,Mato Grosso,Aripuana,MZUEL-PEIXES,23627,"Igarapé na margem direita do rio Aripuanã, abaixo das cachoeiras, bacia do Madeira",Characidium zebra,-10.1627444444,-59.4403361111,19,10,2023
Brasil,Mato Grosso,Aripuana,MZUEL-PEIXES,23655,"Igarapé tributário da margem direita do rio Aripuanã na MT-183, acima das cachoeiras, bacia do Madeira",Characidium zebra,-10.2564361111,-59.3877305556,20,10,2023
Brasil,Paraná,Londrina,MZUEL-PEIXES,23761,"Ribeirão Três Bocas, tributário do rio Tibagi, no Parque Ecológico Dr. Daisaku Ikeda",Characidium zebra,-23.385,-51.0758333333,04,09,2024
Brasil,Paraná,California,MZUEL-PEIXES,24062,Ribeirão Água do Oito,Characidium zebra,-23.65,-51.355,11,02,2010
Brasil,Paraná,Assai,MZUEL-PEIXES,08496,"Ribeirão Água Branca, Bacia do rio Tibagi",Characidium zebra,-23.330111111,-50.971166667,27,03,2014
Brasil,Paraná,Assai,MZUEL-PEIXES,08521,"Ribeirão Saltinho, Bacia do rio Tibagi",Characidium zebra,-23.3638055556,-50.9875,27,03,2014
Brasil,Paraná,Ibipora,MZUEL-PEIXES,08609,"Ribeirão Engenho de Ferro, Bacia do rio Tibagi",Characidium zebra,-23.285555556,-51.011277778,28,03,2014
Brasil,Paraná,Sertanopolis,MZUEL-PEIXES,08824,"Ribeirão Couro de Boi, Foz",Characidium zebra,-23.058599,-51.0364,20,05,2009
Brasil,Rio Grande do Sul,Itati,MZUEL-PEIXES,09101,rio Três Forquilhas (vale de Três Forquilhas),Characidium zebra,-29.5118888889,-20.0919722222,24,10,2012
Brasil,São Paulo,Irapua,DZSJRP-PISCES,726,"Córrego Figueira, afluente do rio Cubatão ou Barra Mansa, rio Tietê",Characidium fasciatum,-21.19111,-49.39333,10,03,1988
Brasil,Rondônia,Vale Do Anari,DZSJRP-PISCES,15093,"Bacia do rio Machado, drenagem do rio Madeira. Ponto 22",Characidium zebra,-10.07028,-61.96917,22,10,2011
Brasil,São Paulo,Irapua,DZSJRP-PISCES,16516,"Córrego Figueira, afluente do rio Cubatão ou Barra Mansa, rio Tietê",Characidium zebra,-21.19111,-49.39333,27,10,2012
Brasil,São Paulo,Monte Aprazivel,DZSJRP-PISCES,2829,"Represa Municipal, afluente do rio São José dos Dourados",Characidium fasciatum,-20.77472,-49.72722,06,05,1981
Brasil,Goias,NA,DZSJRP-PISCES,14243,"Rio Preto, afluente do rio São Francisco.",Characidium zebra,-15.66806,-47.25833,18,11,2010
Brasil,São Paulo,Brotas,DZSJRP-PISCES,722,"Bacia do Rio Jacaré - Pepira, afluente do rio Tietê",Characidium fasciatum,-22.27917,-48.11639,31,01,1988
Brasil,Rondônia,Vale Do Anari,DZSJRP-PISCES,16566,"Bacia do rio Machado, drenagem do rio Madeira, ponto 25.",Characidium zebra,-9.54361,-61.64806,08,06,2012
Brasil,Rondônia,Rondônia,DZSJRP-PISCES,16544,"Bacia do Rio Machado, drenagem do rio Madeira, ponto 24.",Characidium zebra,-9.53611,-61.65417,08,06,2012
Brasil,São Paulo,NA,DZSJRP-PISCES,699,"Córrego da Barra Funda, desembocadura, afluente rio Preto, rio Grande",Characidium fasciatum,-20.60889,-49.42028,04,07,1980
Brasil,São Paulo,Irapua,DZSJRP-PISCES,7238,"Córrego Figueira, afluente do rio Cubatão ou Barra Mansa, rio Tietê",Characidium zebra,-21.19111,-49.39333,01,12,2003
Brasil,NA,NA,MHNCI-PEIXES,10234,"Rio Iguaçu, UHE Salto Caxias, coletado à jusante da barragem",Characidium,0,0,NA,NA,NA
Brasil,NA,NA,MHNCI-PEIXES,11851,"Rio do Corno, afluente Capivari, Ribeira",Characidium,0,0,NA,NA,NA
Brasil,SC,NA,MHNCI-PEIXES,10201,"Alto do Rio do Braço, Bacia do Rio Tijucas",Characidium,-27.296025,-48.970142,NA,NA,NA
Brasil,Pr,Antonina,MHNCI-PEIXES,6273,Rio Mergulhão - Pr 340,Characidium,-25.4286003112793,-48.7118988037109,NA,12,1991
Brasil,PR,Morretes,MHNCI-PEIXES,10690,"Rio Sagrado, afluente do Inhundiaquara",Characidium,-25.476900100708,-48.834400177002,NA,NA,NA
Brasil,Pr,Guaraqueçaba,MHNCI-PEIXES,6998,Rio das Antas,Characidium,-25.216667,-48.566667,NA,12,1992
Brasil,Pr,Antonina,MHNCI-PEIXES,6476,"Córrego - Pr 404, Cacatu",Characidium,-25.4286003112793,-48.7118988037109,NA,08,1990
Brasil,Pr,Antonina,MHNCI-PEIXES,6457,"Rio São Joãozinho, Zoada Dágua",Characidium,-25.4286003112793,-48.7118988037109,NA,08,1990
Brasil,Pr,Morretes,MHNCI-PEIXES,6555,"Córregos, Porto de Cima",Characidium,-25.433333,-48.866667,NA,NA,NA
Brasil,Pr,Quatro Barras,MHNCI-PEIXES,8112,"Riacho Foz Klaus Garbus, Graciosa",Characidium,-25.3656005859375,-49.0769004821777,NA,NA,NA
Brasil,PR,Pontal do Paraná,MHNCI-PEIXES,12295,Rio Guaraguaçu,Characidium lanei,-25.6735992431641,-48.511100769043,NA,NA,NA
Brasil,BA,Jeremocho,MHNCI-PEIXES,11480,Rio Vaza Barris,Characidium bahiense,-9.947682,-38.706907,NA,NA,NA
Brasil,SC,Joinville,MHNCI-PEIXES,11103,"Rio da Serra, Alto Quiriri, Bacia do Rio Cubatão",Characidium,-26.3043994903564,-48.8456001281738,NA,NA,NA
Brasil,PR,Antonina,MHNCI-PEIXES,9672,Rio acima do Cabral,Characidium,-25.4286003112793,-48.7118988037109,NA,NA,NA
Brasil,PR,Paranaguá,MHNCI-PEIXES,9708,"Rio Bucólico, acesso a estrada para o Morro Inglês",Characidium,-25.5200004577637,-48.5092010498047,NA,NA,NA
Brasil,SC,Joinville,MHNCI-PEIXES,11632,"Rio Cubatão , Bacia do Rio Cubatão",Characidium,-26.216327,-48.862039,NA,NA,NA
Brasil,PR,Antonina,MHNCI-PEIXES,9669,Rio acima do Cabral,Characidium,-25.4286003112793,-48.7118988037109,NA,NA,NA
Brasil,Pr,Paranaguá,MHNCI-PEIXES,6214,"Estrada do Lixão, Pontal do Sul",Characidium sp,-25.5200004577637,-48.5092010498047,NA,NA,NA
Brasil,SC,Joinville,MHNCI-PEIXES,10875,Rio Dona Cristina,Characidium,-26.379534,-48.922431,NA,NA,NA
Brasil,Pr,Guaratuba,MHNCI-PEIXES,6774,Rio Canavieiras,Characidium,-25.716667,-48.733333,NA,10,1992
Brasil,Pr,Guaraqueçaba,MHNCI-PEIXES,6973,Rio Potinga,Characidium,-25.233333,-48.516667,NA,12,1992
Brasil,Pr,Paranaguá,MHNCI-PEIXES,5901,"Ribeirão Vermelho, Bacia de Paranaguá",Characidium lanei,-25.583333,-48.666667,NA,NA,NA
Brasil,PR,Cerro Azul,MHNCI-PEIXES,10814,"Rio Turvo, Bacia do Rio Ribeira",Characidium,-24.733497,-49.386134,NA,NA,NA
Brasil,Pr,Guaratuba,MHNCI-PEIXES,6779,Afluentes do Rio Cubatãozinho,Characidium,-25.8827991485596,-48.5746994018555,NA,10,1992
Brasil,Pr,Curitiba,MHNCI-PEIXES,8372,Represa Salto Osório,Characidium,-25.4277992248535,-49.2731018066406,NA,NA,NA
Brasil,BA,Jeremocho,MHNCI-PEIXES,11478,Rio Vaza Barris,Characidium bahiense,-9.947682,-38.706907,NA,NA,NA
Brasil,Pr,Quedas do Iguaçu,MHNCI-PEIXES,5986,"Reservatório Salto Osório, Eletrosul, Bacia do Iguaçu",Characidium sp a,-25.4496994018555,-52.9081001281738,NA,08,1991
Brasil,PR,Goioxim,MHNCI-PEIXES,10255,"Rio Juquiá, PT 3, Bacia do Rio Iguaçu",Characidium,-25.221243,-52.040402,NA,NA,NA
Brasil,Pr,Quatro Barras,MHNCI-PEIXES,7344,Rio Taquari - Cháquara Chaminé,Characidium,-25.3656005859375,-49.0769004821777,NA,NA,NA
Brasil,PR,Guaraqueçaba,MHNCI-PEIXES,11204,Rio Morato,Characidium,-25.3066997528076,-48.3288993835449,NA,NA,NA
Brasil,PR,Antonina,MHNCI-PEIXES,12235,"Rio do Turvo, Bacia do Rio Cachoeira",Characidium,-25.289742,-48.678701,NA,NA,NA
Brasil,Pr,Jaguariaíva,MHNCI-PEIXES,5891,"Rio Lambari ), Bacia do Paraná",Characidium schubarti,-24.416667,-49.75,NA,NA,NA
Brasil,Pr,Paranaguá (10km SE da Br-277),MHNCI-PEIXES,5895,"Rio da Vila, Caraguaçu , Bacia de Paranaguá",Characidium lanei,-25.466667,-48.583333,NA,NA,NA
Brasil,Pr,limites Paranaguá - Morretes,MHNCI-PEIXES,5910,"Rio Jacarei, Bacia do Rio Ribeira",Characidium pterostictum,0,0,NA,NA,NA
Brasil,Pr,Quedas do Iguaçu,MHNCI-PEIXES,5955,"Represa de Salto Osório , Eletrosul, Bacia do Iguaçu",Characidium sp a,-25.4496994018555,-52.9081001281738,NA,NA,NA
Brasil,SP,Ribeirão Grande,MHNCI-PEIXES,12138,"Rio das Almas, Alto Paranapanema",Characidium schubartii,-24.147582,-48.347918,NA,NA,NA
Brasil,SP,Ribeirão Grande,MHNCI-PEIXES,12139,"Córrego do Chapéu - Oficina - área da CBE, Bacia do Rio das Almas - Alto Parapanema",Characidium schubartii,-24.167433,-48.336746,NA,NA,NA
Brasil,Pr,Antonina,MHNCI-PEIXES,5625,"Rio do Nunes, Fazenda Thá, Sub Bacia de Antonina",Characidium,-25.4286003112793,-48.7118988037109,NA,NA,NA
Brasil,NA,Santo Inácio,MHNCI-PEIXES,10099,Rio Paranapanema,Characidium,-22.6977996826172,-51.7938995361328,NA,NA,NA
Brasil,Pr,Antonina,MHNCI-PEIXES,6315,Córregos da Fazenda Ana Terra,Characidium,-25.4286003112793,-48.7118988037109,NA,12,1991
Brasil,PR,Antonina,MHNCI-PEIXES,9614,"Rio Mergulhão, sob a ponte BR 101",Characidium,-25.4286003112793,-48.7118988037109,NA,NA,NA
Brasil,PR,Guaraqueçaba,MHNCI-PEIXES,11728,Fazenda Figueira - Rio Engenho (afluente Rio Morato),Characidium pterostictum,-25.3066997528076,-48.3288993835449,NA,NA,NA
Brasil,SC,Major Gercino,MHNCI-PEIXES,10195,Riacho afluente do Rio Tijucas,Characidium,-27.379026,-48.925946,NA,NA,NA
Brasil,NA,NA,MHNCI-PEIXES,12085,"Rio Tibagi, UHE Jataizinho",Characidium,0,0,NA,NA,NA
Brasil,Pr,Quatro Barras,MHNCI-PEIXES,8421,"Foz Klaus, Gorbes",Characidium,-25.3656005859375,-49.0769004821777,NA,11,1988
Brasil,SC,São Francisco do Sul,MHNCI-PEIXES,11294,Riacho,Characidium,-26.198775,-48.534654,NA,NA,NA
Brasil,NA,NA,MHNCI-PEIXES,10722,"Rio Iguaçu, Bacia do Rio Iguaçu",Characidium,0,0,NA,NA,NA
Brasil,PR,Candói,MHNCI-PEIXES,10250,Riacho afluente do Rio Cavernoso,Characidium,-25.315862,-51.869561,NA,NA,NA
Brasil,NA,Nova Prata do Iguaçu,MHNCI-PEIXES,12183,UHE de Salto Caxias,Characidium,-25.6324996948242,-53.3466987609863,NA,NA,NA
Brasil,Pr,Paranaguá,MHNCI-PEIXES,6263,Balneário Shangrilá,Characidium sp,-25.5200004577637,-48.5092010498047,NA,08,1990
Brasil,PR,Antonina,MHNCI-PEIXES,9769,"Rio Lageado, ao lado da casa do estudante universitário, estrada p/ Guaraqueçaba Km 9",Characidium,-25.4286003112793,-48.7118988037109,NA,NA,NA
Brasil,PR,Guaraqueçaba,MHNCI-PEIXES,11735,Rio Morato,Characidium pterostictum,-25.3066997528076,-48.3288993835449,NA,NA,NA
Brasil,Pr,Mangueirinha/ Palmas,MHNCI-PEIXES,7460,Foz do Rio Butia,Characidium,0,0,NA,NA,NA
Brasil,Pr,Pinhão,MHNCI-PEIXES,8603,Rio das Torres,Characidium,-25.6956005096436,-51.6596984863281,21,10,1991
Brasil,Pr,Guaraqueçaba,MHNCI-PEIXES,6439,"Rio da Anta, Pr 404",Characidium,-25.3066997528076,-48.3288993835449,NA,02,1992
Brasil,PR,Antonina,MHNCI-PEIXES,9691,Rio Mergulhão sob a ponte da BR 101,Characidium lanei,-25.4286003112793,-48.7118988037109,NA,NA,NA
Brasil,SC,Joinville,MHNCI-PEIXES,11076,"Rio Cubatão , Bacia do Rio Cubatão",Characidium,-26.217698,-48.861924,NA,NA,NA
Brasil,PR,Paranaguá,MHNCI-PEIXES,9746,"Rio das Pombas, a jusante da confluência com o rio Vermelho",Characidium,-25.5200004577637,-48.5092010498047,NA,NA,NA
Brasil,SP,Ribeirão Grande,MHNCI-PEIXES,10591,"Alto rio Paranapanema, Bacia do Rio das Almas",Characidium,-24.0900001525879,-48.3600006103516,NA,NA,NA
Brasil,Pr,Morretes,MHNCI-PEIXES,6628,Rio Morretes,Characidium,-25.483333,-48.816667,NA,03,1992
Brasil,PR,Morretes,MHNCI-PEIXES,375,"Rio do Sítio, Porto de Cima",Characidium,-25.476900100708,-48.834400177002,NA,02,1953
Brasil,Pr,Guaraqueçaba,MHNCI-PEIXES,7785,Rio Morato - Salto Morato (jusante),Characidium,-25.3066997528076,-48.3288993835449,NA,NA,NA
Brasil,NA,NA,MHNCI-PEIXES,10398,Rio Itaqui,Characidium,0,0,NA,NA,NA
Brasil,PR,Salto Morato,MHNCI-PEIXES,11734,"Rio Morato, dentro da RPPN Salto Morato",Characidium pterostictum,0,0,NA,NA,NA
Brasil,SC,Joinville,MHNCI-PEIXES,10861,Rio do Morro,Characidium,-26.375669,-48.776369,NA,NA,NA
Brasil,PR,NA,MHNCI-PEIXES,8744,Represa de Salto Santiago,Characidium,0,0,NA,NA,NA
Brasil,Pr,Quedas do Iguaçu,MHNCI-PEIXES,6040,"Reservatório Salto Osório, Bacia do Iguaçu",Characidium sp a,-25.4496994018555,-52.9081001281738,NA,08,1991
Brasil,SC,São Francisco do Sul,MHNCI-PEIXES,11277,"Riacho, ponto 2.",Characidium,-26.292541,-48.588908000000004,NA,NA,NA
Brasil,PR,São Francisco do Sul,MHNCI-PEIXES,10836,Rio Acaraí,Characidium,-26.290571,-48.621767,NA,NA,NA
Brasil,PR,Guaraqueçaba,MHNCI-PEIXES,11730,Foz Salto Dourado - Rio Bracinho,Characidium lanei,-25.3066997528076,-48.3288993835449,NA,NA,NA
Brasil,Pr,Guaraqueçaba,MHNCI-PEIXES,6511,"Rio Morato, Fazenda Salto Morato",Characidium,-25.3066997528076,-48.3288993835449,NA,08,1990
Brasil,SP,Ribeirão Grande,MHNCI-PEIXES,12136,"Córrego Fernanades, localizado dentro da Plantação Fernandes - área da CBE, Alto Paranapanema, Bacia do Rio das Almas",Characidium lauroi,-24.15082,-48.431648,NA,NA,NA
Brasil,Pr,Arapoti,MHNCI-PEIXES,8098,"Córrego Afluente da Represa da Fazenda Barra Mansa, Bacia do Itararé",Characidium,-24.1578006744385,-49.8266983032227,NA,NA,NA
Brasil,Pr,Guaraqueçaba,MHNCI-PEIXES,7035,"Rio Capivari, afluente do Rio Tagaçaba",Characidium,-25.183333,-48.516667,NA,12,1992
Brasil,NA,NA,MHNCI-PEIXES,11171,"Riacho afluente do Rio iguaçu, Bacia do Rio Iguaçu",Characidium,-25.558004,-53.62027,NA,NA,NA
Brasil,BA,Jeremocho,MHNCI-PEIXES,11479,Rio Vaza Barris,Characidium bahiense,-9.947682,-38.706907,NA,NA,NA
Brasil,NA,NA,MHNCI-PEIXES,12143,"Riacho sem nome, afluente do Rio das Conchas, Alto Paranapanema, Bacia do Rio das Almas",Characidium lauroi,-24.107896,-55.157589,NA,NA,NA
Brasil,NA,NA,MHNCI-PEIXES,8751,Represa Salto Santiago,Characidium,0,0,NA,NA,NA
Brasil,Pr,Quatro Barras,MHNCI-PEIXES,7266,Rio do Corvo - Pr - 410,Characidium,-25.3656005859375,-49.0769004821777,NA,NA,NA
Brasil,Pr,Morretes,MHNCI-PEIXES,6617,"Rio Passa Sete, Pr 408",Characidium,-25.516667,-48.766667,NA,03,1992
Brasil,PR,Antonina,MHNCI-PEIXES,11726,Córregos da Fazenda Ana Terra,Characidium lanei,-25.4286003112793,-48.7118988037109,NA,NA,NA
Brasil,SP,Sete Barras,MHNCI-PEIXES,10896,Ribeirão da Serra,Characidium,-24.3799991607666,-47.9199981689453,NA,NA,NA
Brasil,SP,Iporanga,MHNCI-PEIXES,11723,Rio Betari,Characidium,-24.5799999237061,-48.5900001525879,NA,NA,NA
Brasil,Pr,Paranaguá,MHNCI-PEIXES,6207,"Estrada do Lixão, Pontal do Sul",Characidium sp,-25.5200004577637,-48.5092010498047,NA,NA,NA
Brasil,PR,Morretes,MHNCI-PEIXES,9619,"Rio Sambaqui, entrada na BR 277",Characidium,-25.476900100708,-48.834400177002,NA,NA,NA
Brasil,SC,NA,MHNCI-PEIXES,9867,Ribeirão do Alho,Characidium,0,0,NA,NA,NA
Brasil,Pr,Guaraqueçaba,MHNCI-PEIXES,7013,Rio Potinga,Characidium,-25.233333,-48.533333,NA,12,1992
Brasil,Pr,Pinhão/ Guarapuava,MHNCI-PEIXES,7742,Rio Jordão - montante Foz Rio Estreito,Characidium,0,0,NA,NA,NA
Brasil,Pr,Guaraqueçaba,MHNCI-PEIXES,6407,"Rio Ipiranga, Estrada para Batuva",Characidium,-25.3066997528076,-48.3288993835449,NA,02,1992
Brasil,Pr,Morretes,MHNCI-PEIXES,6644,Córrego entre Morretes e Porto de Cima,Characidium,-25.466667,-48.833333,NA,03,1992
Brasil,SP,Iporanga,MHNCI-PEIXES,10931,Rio Betari,Characidium pterostictum,-24.5799999237061,-48.5900001525879,NA,NA,NA
Brasil,Pr,Quedas do Iguaçu,MHNCI-PEIXES,5993,"Reservatório Salto Osório, Eletrosul, Bacia do Iguaçu",Characidium sp a,-25.4496994018555,-52.9081001281738,NA,08,1991
Brasil,PR,Guaratuba,MHNCI-PEIXES,8979,"Rio Cubatão, foz Banestado Reflorestadora, Rio Cubatão",Characidium pterostictum,-25.8827991485596,-48.5746994018555,NA,NA,NA
Brasil,PR,Guaraqueçaba,MHNCI-PEIXES,11736,Rio Morato,Characidium pterostictum,-25.3066997528076,-48.3288993835449,NA,NA,NA
Brasil,Pr,Guaraqueçaba,MHNCI-PEIXES,6502,"Ilha do Superagui, Barra do Ararapira",Characidium,-25.3066997528076,-48.3288993835449,NA,08,1991
Brasil,PR,Morretes,MHNCI-PEIXES,10427,"Rio Nhundiaquara, riacho, porto de cima",Characidium,-25.476900100708,-48.834400177002,NA,NA,NA
Brasil,PR,Morretes,MHNCI-PEIXES,365,"Rio do Sítio, Porto de Cima",Characidium,-25.476900100708,-48.834400177002,NA,02,1953
Brasil,Pr,Guaraqueçaba,MHNCI-PEIXES,6701,"Córrego, estrada para Batuva",Characidium,-25.3066997528076,-48.3288993835449,NA,04,1990
Brasil,Pr,Guaraqueçaba,MHNCI-PEIXES,6429,Córrego - Estrada para Batuva,Characidium,-25.3066997528076,-48.3288993835449,NA,02,1992
Brasil,Pr,Morretes,MHNCI-PEIXES,6674,Córrego entre Morretes e Porto de Cima,Characidium,-25.466667,-48.85,NA,03,1992
Brasil,Pr,Morretes,MHNCI-PEIXES,6600,"Rio Barroca, estrada entre São João e Antonina",Characidium,-25.416667,-48.816667,NA,03,1992
Brasil,PR,Salto Morato,MHNCI-PEIXES,11580,"Rio Morato, dentro da RPPN Salto Morato",Characidium,0,0,NA,NA,NA
Brasil,Pr,Morretes,MHNCI-PEIXES,6793,"Rio Sambaqui, Sambaqui",Characidium,-25.55,-48.75,NA,10,1992
Brasil,PR,Jaraguá do Sul,MHNCI-PEIXES,11603,Rio Quati,Characidium,0,0,NA,NA,NA
Brasil,Pr,Guaraqueçaba,MHNCI-PEIXES,6177,"Vila do Superagui, Ilha do Superagui",Characidium,-25.3066997528076,-48.3288993835449,NA,08,1991
Brasil,NA,NA,MHNCI-PEIXES,9912,Rio Espingarda,Characidium,0,0,31,09,1991
Brasil,NA,João Batista,MHNCI-PEIXES,10813,"Localidade de Tigipió, riacho afluente do Rio Tijucas",Characidium,-27.364346,-48.69223,NA,NA,NA
Brasil,PR,Tijucas do Sul,MHNCI-PEIXES,9234,"Riacho Santa Clara, Afluente Rio São João",Characidium sp,-25.9281005859375,-49.1988983154297,NA,NA,NA
Brasil,SC,Joinville,MHNCI-PEIXES,11315,"Rio Cubatão , Bacia do Rio Cubatão",Characidium,-26.216327,-48.862039,NA,NA,NA
Brasil,Pr,Antonina,MHNCI-PEIXES,6301,Córregos da margem esq. Do Rio Cachoeira,Characidium,-25.4286003112793,-48.7118988037109,NA,12,1991
Brasil,Pr,Guaraqueçaba,MHNCI-PEIXES,7028,"Rio Itaqui, loc. De Itaqui",Characidium,-25.3,-48.533333,NA,12,1992
Brasil,Pr,Morretes,MHNCI-PEIXES,7324,Rio Taquaral - Est. Marumbi,Characidium,-25.476900100708,-48.834400177002,NA,NA,NA
Brasil,Pr,Quedas do Iguaçu,MHNCI-PEIXES,5990,"Reservatório Salto Osório, Eletrosul, Bacia do Iguaçu",Characidium sp a,-25.4496994018555,-52.9081001281738,NA,08,1991
Brasil,SP,Barra do Turvo,MHNCI-PEIXES,11259,Ribeira,Characidium,-24.7563991546631,-48.5046997070312,NA,NA,NA
Brasil,SC,Nova Trento,MHNCI-PEIXES,10174,Rio do Braço,Characidium,-27.296006,-48.970687,NA,NA,NA
Brasil,PR,Morretes,MHNCI-PEIXES,12196,"Rio Marumbi, afluente do Inhundiaquara",Characidium,-25.476900100708,-48.834400177002,NA,NA,NA
Brasil,Pr,Paranaguá,MHNCI-PEIXES,6244,"Estrada do Lixão, Pontal do Sul",Characidium sp,-25.5200004577637,-48.5092010498047,NA,NA,NA
Brasil,Pr,Guaraqueçaba,MHNCI-PEIXES,6994,Rio Potinga,Characidium lanei,-25.233333,-48.533333,NA,12,1992
Brasil,Pr,Morretes,MHNCI-PEIXES,6657,Córrego entre Morretes e Porto de Cima,Characidium,-25.466667,-48.833333,NA,03,1992
Brasil,PR,Morretes,MHNCI-PEIXES,517,"Rio do Sítio, Porto de Cima, Sub- bacia do Rio Nhundiaquara",Characidium,-25.476900100708,-48.834400177002,NA,02,1953
Brasil,Pr,Laranjeiras do Sul,MHNCI-PEIXES,6844,"Salto Santiago, Eletrosul, Bacia do Rio Iguaçu",Characidium,-25.4078006744385,-52.4160995483398,NA,09,1991
Brasil,PR,NA,MHNCI-PEIXES,10671,"Rio Iguaçu, Bacia do Rio Iguaçu",Characidium,0,0,NA,NA,NA
Brasil,PR,Guaraqueçaba,MHNCI-PEIXES,11729,Fazenda Figueira - Rio Engenho (afluente Rio Morato),Characidium lanei,-25.3066997528076,-48.3288993835449,NA,NA,NA
Brasil,MS,Coronel Sapacuia,MHNCI-PEIXES,12181,Iguatemi,Characidium,-23.339583,-55.412528,NA,NA,NA
Brasil,PR,Antonina,MHNCI-PEIXES,9750,Rio Santa Rosa sob a ponte da BR 101,Characidium,-25.4286003112793,-48.7118988037109,NA,NA,NA
Brasil,Pr,Guaraqueçaba,MHNCI-PEIXES,6402,"Rio Braço do Macaco, Laranja Azeda",Characidium,-25.3066997528076,-48.3288993835449,NA,02,1992
Brasil,Pr,Guaraqueçaba,MHNCI-PEIXES,6737,Rio Guaraqueçaba,Characidium,-25.3066997528076,-48.3288993835449,NA,02,1988
Brasil,Pr,Jaguariaíva,MHNCI-PEIXES,5886,"Rio Capivari , Bacia do Paraná",Characidium schubarti,-24.25,-49.75,NA,NA,NA
Brasil,PR,São José dos Pinhais,MHNCI-PEIXES,11827,"Papanduva da Serra, Rio Arraial",Characidium,-25.631575,-48.985731,NA,NA,NA
Brasil,PR,Morretes,MHNCI-PEIXES,12197,"Rio do Pinto, afluente do Inhundiaquara",Characidium,-25.476900100708,-48.834400177002,NA,NA,NA
Brasil,Pr,Guaraqueçaba,MHNCI-PEIXES,6685,"Córrego, estrada para Batuva",Characidium,-25.3066997528076,-48.3288993835449,NA,04,1990
Brasil,Pr,Quedas do Iguaçu,MHNCI-PEIXES,8549,Rio Campo Novo (Salto Osório),Characidium,-25.4496994018555,-52.9081001281738,NA,NA,NA
Brasil,Pará,Altamira,GEA,3825,Xingu Rio Bacajá,Characidium fasciatum,-3.20333003997803,-52.2064018249512,NA,NA,NA
Brasil,Pará,Altamira,GEA,3901,Xingu Rio Bacajá,Characidium fasciatum,-3.20333003997803,-52.2064018249512,NA,NA,NA
Brasil,Pará,Altamira,GEA,3903,Xingu Rio Bacajá,Characidium fasciatum,-3.20333003997803,-52.2064018249512,NA,NA,NA
Brasil,Pará,Altamira,GEA,3909,Xingu Rio Bacajá,Characidium fasciatum,-3.20333003997803,-52.2064018249512,NA,NA,NA
Brasil,Pará,Altamira,GEA,3916,Xingu Rio Bacajá,Characidium fasciatum,-3.20333003997803,-52.2064018249512,NA,NA,NA
Brasil,Pará,Altamira,GEA,3917,Xingu Rio Bacajá,Characidium fasciatum,-3.20333003997803,-52.2064018249512,NA,NA,NA
Brasil,Pará,Altamira,GEA,3971,Xingu Rio Bacajá,Characidium fasciatum,-3.20333003997803,-52.2064018249512,NA,NA,NA
Brasil,Pará,Altamira,GEA,5679,Xingu Rio Bacajá,Characidium fasciatum,-3.20333003997803,-52.2064018249512,25,07,2011
Brasil,Pará,Altamira,GEA,5851,Xingu Rio Bacajá,Characidium fasciatum,-3.20333003997803,-52.2064018249512,24,07,2011
Brasil,Pará,Altamira,GEA,5977,Xingu Rio Bacajá,Characidium fasciatum,-3.20333003997803,-52.2064018249512,NA,NA,NA
Brasil,Pará,Altamira,GEA,5979,Xingu Rio Bacajá,Characidium fasciatum,-3.20333003997803,-52.2064018249512,NA,NA,NA
Brasil,Pará,Altamira,GEA,5999,Xingu Rio Bacajá,Characidium fasciatum,-3.20333003997803,-52.2064018249512,NA,NA,NA
Brasil,Pará,Altamira,GEA,6019,Xingu Rio Bacajá,Characidium fasciatum,-3.20333003997803,-52.2064018249512,NA,NA,NA
Brasil,Pará,Altamira,GEA,1241,Xingú Rio Bacajá,Characidium gr. fasciatum,-3.20333003997803,-52.2064018249512,24,07,2011
Brasil,Pará,Altamira,GEA,1351,Xingú Ig. CNEC,Characidium gr. fasciatum,-3.20333003997803,-52.2064018249512,16,12,2007
Brasil,Pará,Altamira,GEA,6384,Xingu Rio Bacajá,Characidium gr. fasciatum,-3.20333003997803,-52.2064018249512,NA,NA,NA
Brasil,Pará,Altamira,GEA,643,Xingú Rio Bacajá,Characidium gr. fasciatum,-3.20333003997803,-52.2064018249512,21,07,2011
Brasil,Pará,NA,GEA,731,Itacaiúnas Ponto 03,Characidium gr. fasciatum,0,0,15,09,2009
Brasil,Pará,Altamira,GEA,3030,Xingu,Characidium sp.,-3.20333003997803,-52.2064018249512,NA,NA,NA
Brasil,Pará,Altamira,GEA,3039,Xingu,Characidium sp.,-3.20333003997803,-52.2064018249512,NA,NA,NA
Colombia,Meta,Puerto López,FPR-COLOMBIA,49818,Laguna de Menegua Río Metica,Characidium cf. catenatum,4.06722222222222,-72.9394444444444,NA,NA,NA
Colombia,Meta,Puerto López,FPR-COLOMBIA,49817,Laguna de Menegua Río Metica,Characidium cf. catenatum,4.06722222222222,-72.9394444444444,NA,NA,NA
Colombia,Meta,Puerto López,FPR-COLOMBIA,49819,Laguna de Menegua Río Metica,Characidium cf. catenatum,4.06722222222222,-72.9394444444444,NA,NA,NA
Colombia,Meta,Puerto López,FPR-COLOMBIA,49804,Laguna de Menegua Río Metica,Characidium fasciatum,4.06722222222222,-72.9394444444444,NA,NA,NA
Colombia,Meta,Puerto López,FPR-COLOMBIA,49802,Laguna de Menegua Río Metica,Characidium fasciatum,4.06722222222222,-72.9394444444444,NA,NA,NA
Colombia,Putumayo,Puerto Leguízamo,FPR-COLOMBIA,49809,Puerto Vélez,Characidium fasciatum,0,0,NA,NA,NA
Colombia,Meta,Puerto López,FPR-COLOMBIA,49807,Laguna de Menegua Río Metica,Characidium fasciatum,4.06722222222222,-72.9394444444444,NA,NA,NA
Colombia,Meta,Puerto Gaitán,FPR-COLOMBIA,49812,Río Meta afluente Río Orinoco,Characidium fasciatum,4.37,-72.0541666666667,NA,NA,NA
Colombia,Meta,Puerto López,FPR-COLOMBIA,49808,Laguna de Menegua Río Metica,Characidium fasciatum,4.06722222222222,-72.9394444444444,NA,NA,NA
Colombia,Meta,Puerto López,FPR-COLOMBIA,49806,Laguna de Menegua Río Metica,Characidium fasciatum,4.06722222222222,-72.9394444444444,NA,NA,NA
Brazil,Minas Gerais,NA,US-ANIMALIA,USNM 100945,"Lassance, Minas Gerais, Brazil",Characidium,0,0,26,3,1935
Brazil,Parana,NA,US-ANIMALIA,USNM 101367,"Rio Tapo, Castro, Parana, Brazil",Characidium,0,0,16,10,1925
Colombia,NA,NA,US-ANIMALIA,USNM 120720,"Colombia, Rio Ariguanicito, tributary of Rio Cesar",Characidium,0,0,24,3,1942
Brazil,Santa Catarina,NA,US-ANIMALIA,USNM 133153,Brazil; Santa Catherina.,Characidium,0,0,NA,NA,NA
Venezuela,Monagas,NA,US-ANIMALIA,USNM 163153,"Venezuela, Monagas, Caicara, Guarapiche River",Characidium,0,0,NA,5,1952
Ecuador,Zamora-Chinchipe Province,NA,US-ANIMALIA,USNM 164063,"Ecuador, Province Santiago-Zamora, Rio Macuma, north tributary upper Rio Morona, upper Amazon",Characidium,-2.167,-77.583,NA,4,1953
Ecuador,NA,NA,US-ANIMALIA,USNM 175127,"Ecuador, Province Napo-Pastaza, Rio Pucuno, tributary of Suno River Pucuno enters Suno at 0 degrees 46' S, 77 degrees 12' W",Characidium,-0.77,-77.2,NA,11,1951
Peru,Loreto Region,Morona District,US-ANIMALIA,USNM 176114,"Peru, Shansho Cano",Characidium,0,0,4,12,1935
Peru,Loreto Region,Morona District,US-ANIMALIA,USNM 176115,"Peru, Shansho Cano",Characidium,0,0,17,8,1935
Paraguay,NA,NA,US-ANIMALIA,USNM 181553,"Paraguay: Arroyo, 143 kilometers from Asuncion on highway to Florida.",Characidium,0,0,25,9,1956
Paraguay,NA,NA,US-ANIMALIA,USNM 181554,Paraguay: Rio Tebicuary near Reciefe.,Characidium,0,0,6,12,1956
Paraguay,NA,NA,US-ANIMALIA,USNM 181725,"Paraguay: Asuncion Bay, Rio Paraguay, near Asuncion.",Characidium,0,0,26,1,1957
Paraguay,Misiones Department,NA,US-ANIMALIA,USNM 181726,"Paraguay: Rio Tebicuary, near Florida, Paraguay",Characidium,0,0,21,9,1956
Venezuela,Bolivar,NA,US-ANIMALIA,USNM 194128,"Venezuela, Bolivar, Rio La Clarita",Characidium,0,0,10,8,1958
Venezuela,Barinas,NA,US-ANIMALIA,USNM 194181,"Venezuela, Corozo River, Edo Barinas, on Barinas Pedeaza Road between Rio Paguzy and Barinas.",Characidium,0,0,16,7,1958
Brazil,Mato Grosso,NA,US-ANIMALIA,USNM 212013,"Small tributary of Batovi River upper Xingu, central Brazil",Characidium,0,0,NA,10,1964
Colombia,Vichada,NA,US-ANIMALIA,USNM 222017,"Colombia, State of Vichada, Rio Orinoco Basin, Rio Muco, 50 kilometers west of San Jose De Ocune",Characidium,4.23,-70.83,3,7,1974
Suriname,Nickerie District,NA,US-ANIMALIA,USNM 225751,"Suriname, Nickerie District, stream at kilometer 212 of Amotopo-Camp Geology Road, at Machine Park-Camp 212",Characidium,3.83,-57.57,15,9,1980
Paraguay,Paraguari Department,NA,US-ANIMALIA,USNM 229435,"Department Paraguari, Paraguay, Parque Nacional Ybycui, Arroyo Mina at La Rosada about 50 meters below the dam.",Characidium,0,0,10,1,1981
Paraguay,San Pedro Department,NA,US-ANIMALIA,USNM 232391,"Paraguay, San Pedro Department, 3 kilometers northwest of Lima",Characidium,0,0,31,10,1981
Venezuela,Delta Amacuro,NA,US-ANIMALIA,USNM 233089,"Venezuela, Delta Amacuro, Rio Orinoco, first small cano on west side of Cano Paloma 100 meters above its mouth, 92 nautical miles upstream of sea buoy.",Characidium,8.48,-61.42,21,2,1978
Venezuela,Delta Amacuro,NA,US-ANIMALIA,USNM 233099,"Venezuela, Delta Amacuro, Rio Orinoco, inlet, 82 nautical miles upstream from sea buoy.",Characidium,8.48,-61.3,22,2,1978
Venezuela,Delta Amacuro,NA,US-ANIMALIA,USNM 233102,"Cano Anabata on north shore of river north of Isla Portuguesa, 117 nautical miles from sea buoy",Characidium,8.6222,-61.7925,14,11,1979
Venezuela,Delta Amacuro,NA,US-ANIMALIA,USNM 233246,"Venezuela, Delta Amacuro, Rio Orinoco, backwater Cano Araguao, 112 nautical miles upstream from sea buoy.",Characidium,8.63,-61.72,21,2,1978
Venezuela,Delta Amacuro,NA,US-ANIMALIA,USNM 233247,"Small cove on south side of river, southwest of Punta Cabrian, between Puerto Ordaz and Barrancas, 152.4 nautical miles from sea buoy",Characidium,8.57,-62.2633,23,11,1979
Venezuela,Delta Amacuro,NA,US-ANIMALIA,USNM 233248,"Venezuela, Delta Amacuro, Rio Orinoco, first small cano on west side of Cano Paloma 100 meters above its mouth, 92 nautical miles upstream from sea buoy.",Characidium,8.48,-61.42,25,2,1978
Venezuela,Monagas,NA,US-ANIMALIA,USNM 233302,"Cano Chivera, Isla Chivera, near Barrancas, 142 nautical miles from sea buoy.",Characidium,8.7,-62.17,13,11,1979
Venezuela,Delta Amacuro,NA,US-ANIMALIA,USNM 233304,"Small cove on south side of river, southwest of Punta Cabrian, between Puerto Ordaz and Barrancas, 152.4 nautical miles from sea buoy",Characidium,8.57,-62.2633,11,11,1979
Venezuela,Delta Amacuro,NA,US-ANIMALIA,USNM 233306,"Rio Arature, about 4 miles upstream from mouth",Characidium,8.55,-60.87,19,11,1979
Venezuela,Bolivar,NA,US-ANIMALIA,USNM 233310,"Rio Orocopiche, about 15 kilometers from mouth in Rio Orinoco, downstream from Route 19 bridge",Characidium,8.05,-63.67,3,11,1979
Venezuela,Delta Amacuro,NA,US-ANIMALIA,USNM 233315,"Venezuela, Delta Amacuro, Rio Orinoco, first small cano on west side of Cano Paloma 100 meters above its mouth, 92 nautical miles upstream of sea buoy.",Characidium,8.48,-61.42,21,2,1978
Venezuela,Bolivar,NA,US-ANIMALIA,USNM 233516,"Rio Orocopiche, about 15 kilometers from mouth in Rio Orinoco, downstream from Route 19 bridge",Characidium,8.05,-63.67,3,11,1979
Venezuela,Delta Amacuro,NA,US-ANIMALIA,USNM 233517,"Shallow lagoon on north side of river, west of Cano Araguaito, 131 nautical miles from sea buoy.",Characidium,8.6783,-62.0067,14,11,1979
Venezuela,Delta Amacuro,NA,US-ANIMALIA,USNM 233522,"Small cano on south shore of Isla Guacujana, 50-51 from sea buoy",Characidium,8.6142,-60.8594,18,11,1979
Venezuela,Monagas,NA,US-ANIMALIA,USNM 233523,"Venezuela, State of Monagas, Rio Orinoco, 161 nautical miles upstream from sea buoy, Laguna Tapatapa on Isla Tapatapa near downstream end of Cano de Limon.",Characidium,8.53,-62.43,16,2,1978
Venezuela,Bolivar,NA,US-ANIMALIA,USNM 233524,"Rio Orocopiche, about 15 kilometers from mouth in Rio Orinoco, downstream from Route 19 bridge",Characidium,8.05,-63.67,3,11,1979
Venezuela,Delta Amacuro,NA,US-ANIMALIA,USNM 233529,"Venezuela, Delta Amacuro, Rio Orinoco, small cano near mouth of Cano Socoroco, 111 nautical miles upstream from sea buoy.",Characidium,8.58,-61.7,20,2,1978
Venezuela,Monagas,NA,US-ANIMALIA,USNM 233531,"Laguna Guatero, near Barrancas, 142 nautical miles from sea buoy",Characidium,8.72,-62.18,12,11,1979
Venezuela,Monagas,NA,US-ANIMALIA,USNM 233596,"Isolated pools on Cocos, small island on north side of river, opposite Los Castillos, between Puerto Ordaz and Barrancas, 162.1 nautical miles from sea buoy",Characidium,8.5117,-62.435,10,11,1979
Venezuela,Delta Amacuro,NA,US-ANIMALIA,USNM 233597,"Venezuela, Delta Amacuro, Rio Orinoco, inlet, 82 nautical miles upstream from sea buoy.",Characidium,8.48,-61.3,22,2,1978
Venezuela,Delta Amacuro,NA,US-ANIMALIA,USNM 233600,"Venezuela, Delta Amacuro, Rio Orinoco, laguna on Isla Tortola, 134 nautical miles upstream from sea buoy.",Characidium,8.68,-62.05,19,2,1978
Venezuela,Monagas,NA,US-ANIMALIA,USNM 235409,"Isolated lagoon on Isla Tapatapa, at Los Castillos, between Puerto Ordaz and Barrancas, 163 nautical miles from sea buoy.",Characidium,8.5267,-62.445,10,11,1979
Venezuela,Delta Amacuro,NA,US-ANIMALIA,USNM 235907,"Venezuela, Delta Amacuro, Rio Orinoco, secondary cano, off Cano Poloma, 92 nautical miles from sea buoy",Characidium,8.47,-61.4267,21,11,1979
Venezuela,Delta Amacuro,NA,US-ANIMALIA,USNM 235908,"Venezuela, Delta Amacuro, Rio Orinoco, small side cano, Cano Araguao, 112 nautical miles upstream from sea buoy.",Characidium,8.63,-61.72,21,2,1978
Venezuela,Delta Amacuro,NA,US-ANIMALIA,USNM 235910,"Venezuela, Delta Amacuro, Rio Orinoco, first small cano on west side of Cano Paloma 100 meters above its mouth, 92 nautical miles upstream from sea buoy.",Characidium,8.48,-61.42,25,2,1978
Venezuela,Delta Amacuro,NA,US-ANIMALIA,USNM 235912,"Venezuela, Delta Amacuro, Rio Orinoco, small cano at mouth of Cano Fiscal, 64 nautical miles upstream from sea buoy.",Characidium,8.53,-61.03,23,2,1978
Venezuela,Delta Amacuro,NA,US-ANIMALIA,USNM 235915,"Venezuela, Delta Amacuro, Rio Orinoco, small cano at mouth of Cano Fiscal, 64 nautical miles upstream from sea buoy.",Characidium,8.53,-61.03,23,2,1978
Venezuela,Delta Amacuro,NA,US-ANIMALIA,USNM 235916,"Venezuela, Delta Amacuro, Rio Orinoco, small cano and marsh on south shore, 83 nautical miles upstream from sea buoy.",Characidium,8.48,-61.3,22,2,1978
Venezuela,Monagas,NA,US-ANIMALIA,USNM 235917,"Isolated lagoon on Isla Tapatapa, at Los Castillos, between Puerto Ordaz and Barrancas, 163 nautical miles from sea buoy.",Characidium,8.5267,-62.445,10,11,1979
Venezuela,Delta Amacuro,NA,US-ANIMALIA,USNM 236421,"Venezuela, Delta Amacuro, Rio Orinoco, cove on sand bar near east end of Isla Portuguesa, 117 nautical miles upstream from sea buoy.",Characidium,8.6,-61.8,20,2,1978
Venezuela,Bolivar,NA,US-ANIMALIA,USNM 236422,"Venezuela, State of Bolivar, Rio Caroni, a) rapids, B) pond Macagua Park, Puerto Ordaz, 185 nautical miles upstream from sea buoy.",Characidium,8.33,-62.7,12,2,1978
Venezuela,Guarico State,NA,US-ANIMALIA,USNM 258007,"Venezuela, Guarico, Rio Orituco where crossed by road from Calabozo.",Characidium,8.87,-67.3,27,1,1983
Venezuela,Guarico State,NA,US-ANIMALIA,USNM 258083,"Venezuela, Guarico, Guariquito River at Government Reserve, east southeast of Calabozo, several points along river",Characidium,8.58,-67.25,27,1,1983
Peru,Madre de Dios Region,NA,US-ANIMALIA,USNM 263883,"Peru, Madre de Dios, stream on south side of Rio Madre de Dios about 10 kilometers downstream of junction of Rio Tambopata and Rio Madre de Dios.",Characidium,-12.5,-69.17,25,8,1983
Brazil,Amapa,NA,US-ANIMALIA,USNM 268211,"Brazil, Amapa, Rio Araguari, 15 kilometers north of Ferreira Gomes, savanna stream with riparian forest",Characidium,0,0,NA,2,1984
Brazil,NA,NA,US-ANIMALIA,USNM 268236,"Brazil, Rio Curna, Serra do Cachimbo, Rodovia Cuiaba-Santarem, Poco De Cachoeira",Characidium,0,0,15,8,1984
Brazil,Acre,NA,US-ANIMALIA,USNM 268237,"Brazil, Acre, Rio Tarauaca, Tarauaca, Lago da Esperanca",Characidium,0,0,1,8,1984
Venezuela,Amazonas,NA,US-ANIMALIA,USNM 270156,"Venezuela, Territorio Federal Amazonas, Departamento Ature, small cano 100 meters before divergence of road to Gavilan and Las Palmas",Characidium,5.58,-67.5,2,12,1984
Brazil,Espirito Santo,NA,US-ANIMALIA,USNM 279259,"Brazil, Espirito Santo, tributary of Rio Sao Mateus, Broco do Norte, near Boa Esperanca",Characidium,-18.58,-40.27,23,3,1985
Brazil,Bahia,NA,US-ANIMALIA,USNM 279273,"Brazil, Bahia, Rio Santa Cruz where Bridge 101 crosses the river, at about kilometer 704. Rio Santa Cruz and Rio do Sul join and enter Atlantic Ocean at Santa Cruz.",Characidium,-16.27,-39.42,22,3,1985
Brazil,Rio Grande do Sul,NA,US-ANIMALIA,USNM 285645,"Arroio Do Salso, Estrada Livramento Rosario Do Sul, Rosario Do Sul, Rio Grandecdo Sul (Afluente Do Rio Ibucui, Uruguai).[Arroio Do Salso, on road from Livramento to Rosario Do Sul, Rosario Do Sul, tributary of Rio Ibicui, Uruguay River Basin]",Characidium,0,0,23,7,1986
Brazil,Rio Grande do Sul,NA,US-ANIMALIA,USNM 285651,"Brazil, Rio Grande Do Sul, Municipiode Livramento, tributary of Rioibicui da Faxina, along road from Livramento to Rosario, 500 meters from turnoff to Baje, (Rio Uruguay Basin).",Characidium,0,0,20,7,1986
Brazil,Rio Grande do Sul,NA,US-ANIMALIA,USNM 285656,"Rio Garupa, Estrada Uruguaiana-Quarai, Divisa Entre Uruguaiana E Quarai, Rio Grande do Sul, (afluente Do Rio Quarai, Rio Uruguai)[Rio Garupa, along road from Uruguaiana and Quarai, divide between Uruguaiana and Quarai, tributary to Rio Quarai, Rio Uruguay Basin]",Characidium,0,0,22,7,1986
Brazil,Parana,NA,US-ANIMALIA,USNM 285766,"Rio Nhundiaquara, Morretes, Parana",Characidium,0,0,27,12,1975
Brazil,Brazilian Federal District,NA,US-ANIMALIA,USNM 285767,"Brazil, Distrito Federal de Brasilia, Mestre D'Armas, a stream west of Planaltina on road between Planaltina and Brasilia flowing into rio Sao Bartolomeu, into rio Corumba into rio Paranahyba and finally into rio Parana",Characidium,0,0,30,9,1977
Brazil,Santa Catarina,NA,US-ANIMALIA,USNM 285769,"Brazil, Santa Catarina, Rio Pique, Morro Cortado, road off Meleiro near Limeria at kilometer 407, bridge 101",Characidium,0,0,22,9,1977
Brazil,Rio Grande do Sul,NA,US-ANIMALIA,USNM 285850,"Sanga Das Aguas Frias (Cerca De 100 Metros Do Rio Uruguai) Irai, Rio Grande do Sul",Characidium,0,0,22,12,1985
Brazil,Rio Grande do Sul,NA,US-ANIMALIA,USNM 285866,"Arroio Lageado Uniao, Em Linha Dos Lima, Palmitinho, Rio Grande do Sul (Afluente Do Rio Pardo, Rio Uruguai)",Characidium,0,0,22,12,1985
Colombia,Choco Department,NA,US-ANIMALIA,USNM 287975,"Colombia, Choco, creek of upper Rio Nercua, large tributary of Rio Truando",Characidium,0,0,28,8,1967
Brazil,Mato Grosso,NA,US-ANIMALIA,USNM 287977,"Small tributary of Batovi River upper Xingu, central Brazil",Characidium,0,0,NA,10,1964
Venezuela,Barinas,NA,US-ANIMALIA,USNM 287981,"Venezuela, Corozo River, Edo Barinas, on Barinas Pedeaza Road between Rio Paguzy and Barinas.",Characidium,0,0,16,7,1958
Brazil,Para,NA,US-ANIMALIA,USNM 287982,"Brazil, State of Para, Belem.",Characidium,0,0,17,12,1973
Brazil,Para,NA,US-ANIMALIA,USNM 287987,"Brazil: Para, Rio Inhangapi at Inhangapi, about 40 miles east of Belem",Characidium,-1.15,-47.15,23,5,1975
Brazil,Parana,NA,US-ANIMALIA,USNM 287988,"Brazil, Parana, small blackwater stream, approximately 5 kilometers south of Guaratuba on road between Guaratuba and Brejatuba.",Characidium,-25.92,-48.62,28,12,1975
Brazil,Parana,NA,US-ANIMALIA,USNM 287992,"Brazil, State of Parana, Rio Sao Joao Perto De Morretes.",Characidium,0,0,27,12,1975
Brazil,Parana,NA,US-ANIMALIA,USNM 287993,"Brazil, Parana, Atlantic forest lowlands a few kilometers from Brejatuba.",Characidium,0,0,28,12,1975
Brazil,Amazonas,NA,US-ANIMALIA,USNM 288898,"Brazil, Amazonas, Rio Urubu, just upstream from ferry crossing at intersection of Rio Urubu and road to Itacoatiara.",Characidium,0,0,17,10,1977
Brazil,Rio Grande do Sul,NA,US-ANIMALIA,USNM 288930,"Brazil, Rio Grande do Sul, Paso Comprido, a Riacho southeast of Porto Alegre, a small tributary of Rio Fuzia, Municipio de Viamao",Characidium,-30.17,-50.97,9,12,1979
Venezuela,Bolivar,NA,US-ANIMALIA,USNM 288933,"Rio Cuyuni, Randal De Paru-Ruvaca, Bolivar.",Characidium,0,0,25,1,1977
Brazil,Mato Grosso,NA,US-ANIMALIA,USNM 288935,"Sozinho, Rod. Cuiba, Campo Grande Munic. De Rondonopolis, Mt.",Characidium,0,0,14,10,1977
Brazil,Bahia,NA,US-ANIMALIA,USNM 288936,"Rio Do Peixe (plus or minus 50 kilometers Ao N De Prado) Munic. De Cumunixatiba, Ba.",Characidium,0,0,20,2,1979
Brazil,NA,NA,US-ANIMALIA,USNM 288937,Brejo da Curva da Morte (Parana) D. F.,Characidium,0,0,3,6,1978
Brazil,Mato Grosso,NA,US-ANIMALIA,USNM 288940,"Rio Cuiaba, Munic. De St. Antonio Do Leverger, Mt.",Characidium,0,0,3,5,1977
Suriname,Nickerie District,NA,US-ANIMALIA,USNM 288941,"Small stream on road, Lucie River Camp to Paramaribo, about 25 kilometers north of where road crosses Sisa Creek, near Work Camp 212 (At kilometer 212)",Characidium,0,0,12,12,1979
Brazil,Parana,NA,US-ANIMALIA,USNM 289473,"Rio Tapo, Castro, Parana, Brazil",Characidium,0,0,16,10,1925
Brazil,Rio de Janeiro,NA,US-ANIMALIA,USNM 289474,"Rio De Janeiro and vicinity, Brazil",Characidium,0,0,NA,NA,NA
Colombia,Choco Department,NA,US-ANIMALIA,USNM 289576,"Colombia, Choco, creek of upper Rio Nercua, large tributary of Rio Truando",Characidium,0,0,28,8,1967
Brazil,Amazonas,NA,US-ANIMALIA,USNM 289578,"Brazil, Amazonas, Rio Preto da Eva, about 2 miles downstream from stream intersection with road from Manaus to Itacoatiara. Took motor canoe down and back.",Characidium,0,0,17,10,1977
Brazil,Mato Grosso,NA,US-ANIMALIA,USNM 289579,"Brazil, Mato Grosso, Upper Xingu River, tributary of Batovi River, Waura Indian Village, Amazon Drainage.",Characidium,-13,-53.5,NA,8,1964
Colombia,Vichada,NA,US-ANIMALIA,USNM 289584,"Colombia, Rio Meta Drainage, Cano Cabluna approximately 30 kilometers towards Puerto Carreno from Puerto Guiatan.",Characidium,0,0,2,4,1974
Colombia,Vichada,NA,US-ANIMALIA,USNM 289585,"Colombia, Rio Vichada.",Characidium,0,0,NA,NA,1974
Brazil,Mato Grosso,NA,US-ANIMALIA,USNM 289992,"Brazil, Mato Grosso, Upper Xingu River, tributary of Batovi River, Waura Indian Village, Amazon Drainage.",Characidium,-13,-53.5,NA,8,1964
Brazil,Sao Paulo,NA,US-ANIMALIA,USNM 289998,"Bought in market, Sao Paulo, Brazil",Characidium,0,0,27,4,1935
Colombia,Meta Department,NA,US-ANIMALIA,USNM 289999,"Colombia, State of Meta, Rio Manacaias at Puerto Guitan.",Characidium,0,0,1,4,1974
Colombia,Meta Department,NA,US-ANIMALIA,USNM 290001,"Colombia, State of Meta, Rio Manacaias at Puerto Guitan.",Characidium,0,0,1,4,1974
Brazil,Sao Paulo,NA,US-ANIMALIA,USNM 290007,"Brasil, Sao Paulo, stream about 1/2 way between Santa Branca and Salesopolis, Rio Paraiba Drainage.",Characidium,-23.45,-45.9,3,12,1979
Brazil,Santa Catarina,NA,US-ANIMALIA,USNM 290013,"Brazil, Santa Catarina, Rio Pique, Morro Cortado, road off Meleiro near Limeria at kilometer 407, bridge 101",Characidium,0,0,22,9,1977
Brazil,Sao Paulo,NA,US-ANIMALIA,USNM 290019,"Lagoa Lunta a Desembocadura Do Corrego Do Machadinho, Corumbatai, Sp.",Characidium,0,0,12,5,1963
Brazil,Brazilian Federal District,NA,US-ANIMALIA,USNM 290176,"Brazil, D.F., Corrego Santa Barbara (tributary Rib. Santana) at waterfall about 25 air kilometers south Barragem Do Paranoa (Bartolomeu/Parana System)",Characidium,-15.88,-47.78,12,11,1984
Brazil,Amazonas,NA,US-ANIMALIA,USNM 290177,"Brazil, Amazonas, Rio Tefe, Jurupari Beach.",Characidium,0,0,1,8,1979
Brazil,Amazonas,NA,US-ANIMALIA,USNM 290180,"Rio Tefe (Am), Jurupari.",Characidium,0,0,3,8,1979
Brazil,Rio de Janeiro,NA,US-ANIMALIA,USNM 290181,"Brasil, Rio de Janeiro, Rio do Mato Grosso, tributary of Rio Roncador which flows into Lago de Saquarema. Water flows from Serra do Mato Grosso",Characidium,-22.88,-42.73,11,11,1982
Brazil,Goias,NA,US-ANIMALIA,USNM 292185,"Brazil, Goias, Riberao Cangalha at road 13 air kilometers north northeast of Formosa (Tocantins Drainage)",Characidium,-15.4,-47.28,13,11,1984
Brazil,Brazilian Federal District,NA,US-ANIMALIA,USNM 292196,"Brazil, D.F., Rio Maranhao, about 35 air kilometers north of Brazilia (Tocantins Drainage)",Characidium,-15.5,-47.83,14,11,1984
Brazil,Goias,NA,US-ANIMALIA,USNM 292197,"Brazil, Goias, Riberao Paranoa do Meio, at road crossing 11 air kilometers north northeast of Formosa (Tocantins Drainage)",Characidium,-15.42,-47.3,13,11,1984
Brazil,Rio Grande do Sul,NA,US-ANIMALIA,USNM 292925,"Brasil, Rio Grande do Sul, Arroio Chasqueiro where crosses under road between Pelotas and Jaguarao, empties into Lagoa Mirim, north of Arroio Grande, bridge, 160 meters",Characidium,0,0,14,12,1979
Brazil,Rio Grande do Sul,NA,US-ANIMALIA,USNM 292926,"Brasil, Rio Grande do Sul, Arroio Chasqueiro where crosses under road between Pelotas and Jaguarao, empties into Lagoa Mirim, north of Arroio Grande, bridge, 160 meters",Characidium,0,0,14,12,1979
Venezuela,Delta Amacuro,NA,US-ANIMALIA,USNM 292937,"Venezuela, Delta Amacuro, Rio Orinoco, secondary cano, off Cano Poloma, 92 nautical miles from sea buoy",Characidium,8.47,-61.4267,21,11,1979
Venezuela,Monagas,NA,US-ANIMALIA,USNM 292938,"Isolated pools on Cocos, small island on north side of river, opposite Los Castillos, between Puerto Ordaz and Barrancas, 162.1 nautical miles from sea buoy",Characidium,8.5117,-62.435,10,11,1979
Peru,NA,NA,US-ANIMALIA,USNM 293182,"Pucallpa, Neshuya, Rio Tahuayo.",Characidium,0,0,19,12,1983
Peru,Ucayali Region,Callería District,US-ANIMALIA,USNM 293187,"Peru, Ucayali, Pucallpa, Carraterra kilometer 155, Rio Hucamayo",Characidium,0,0,6,10,1984
Peru,NA,NA,US-ANIMALIA,USNM 293190,"Peru, Ucayali, Pucallpa, Rio Chio, San Alejan",Characidium,0,0,8,10,1984
Brazil,Rio Grande do Sul,NA,US-ANIMALIA,USNM 297958,"Brazil, Rio Grande do Sul, Rio Sanga Funda, crossing Br 101 Road just south of Terra De Areia",Characidium,-29.62,-50.1,12,2,1988
Brazil,Parana,NA,US-ANIMALIA,USNM 297959,"Brazil, Parana, midwaters of Rio Sagrado (Paranagua Bay Basin), distance 4 kilometers from Brazil 277 road",Characidium,-25.45,-48.87,8,2,1988
Brazil,Sao Paulo,NA,US-ANIMALIA,USNM 297985,"Brazil, Sao Paulo, innominate blackwater stream crossing road Sao Paulo193 at kilometer 56, northwest of Cananeia",Characidium,-24.93,-47.97,21,2,1988
Brazil,Parana,NA,US-ANIMALIA,USNM 297992,"Brazil, Parana, innominate blackwater stream crossing road ""Elisio Pereira Alves Filho"" about 15 kilometers from road Brazil 277, southwest of Paranagua",Characidium,-25.67,-48.55,20,2,1988
Brazil,Bahia,NA,US-ANIMALIA,USNM 298264,"Bahia, Rio do Braco Drainage, 2 kilometers from town of Rio do Braco, Rio do Braco on Fazenda Santa Luzia opposite houses of farm workers and cacau drying sheds.",Characidium,-14.67,-39.27,27,7,1988
Brazil,Bahia,NA,US-ANIMALIA,USNM 298267,"Bahia, Rio Pardo Drainage, Rio Pardo at the Hermogenes Farm, small arm of the main river channel about 1.5 kilometers downstream of the ferry crossing",Characidium,-15.38,-40.2,29,7,1988
Brazil,Bahia,NA,US-ANIMALIA,USNM 298278,"Bahia, Rio do Braco Drainage, 2 kilometers from town of Rio do Braco, Rio do Braco on Fazenda Santa Luzia opposite houses of farm workers and cacau drying sheds.",Characidium,-14.67,-39.27,27,7,1988
Peru,Madre de Dios Region,NA,US-ANIMALIA,USNM 302198,"Peru, Department Madre de Dios, Province Manu, side stream to Rio Alto Madre de Dios, about 1.5 kilometers upstream from Erika, between Salvacion and Atalaya",Characidium,0,0,6,9,1988
Peru,Madre de Dios Region,NA,US-ANIMALIA,USNM 302200,"Peru, Department Madre de Dios, Province Manu, Aguajal, inundated forest, Rio Manu Drainage",Characidium,0,0,22,9,1988
Brazil,Sao Paulo,NA,US-ANIMALIA,USNM 302525,"Brazil, Sao Paulo State, near Santa Rosa de Viterbo, Barragem de Itaipava, Usina Amalia, Pardo River Drainage, Rio Pardo, main channel of river, fish caught with cast nets just below fish ladder",Characidium,-21.42,-47.33,25,10,1984
Brazil,Parana,NA,US-ANIMALIA,USNM 304992,"Brazil, stream in Fazenda Lara Maria, tributary of Ribeirao Amola-Faca, near Balsa Nova, State of Parana, Brazil",Characidium,0,0,2,5,1989
Bolivia,Beni Department,NA,US-ANIMALIA,USNM 305389,"Bolivia, Department,Beni, Ballivia Province, small pond south of El Porvenir Biological Station entrance, 41 air kilometers east of San Borja",Characidium,-14.93,-66.3,23,8,1987
Bolivia,Beni Department,NA,US-ANIMALIA,USNM 305394,"Bolivia, Department Beni, Ballivia Province, Rio Matos below road crossing, 48 kilometers east San Borja",Characidium,-14.92,-66.28,28,8,1987
Bolivia,Beni Department,NA,US-ANIMALIA,USNM 305426,"Bolivia, Department Beni, Ballivia Province, Rio Curiraba at 10 kilometers northeast El Porvenir Biological Station at 40 air kilometers east San Borja",Characidium,-14.92,-66.28,31,8,1987
Bolivia,Beni Department,NA,US-ANIMALIA,USNM 305462,"Bolivia, Department Beni, Ballivia Province, Arroyo Aguas Negras (tributary Rio Curiraba) at 3 kilometers above mouth, at 12 kilometers north El Porvenir Biological Station at 40 air kilometers east San Borja",Characidium,-14.92,-66.28,1,9,1987
Bolivia,Chuquisaca Department,NA,US-ANIMALIA,USNM 305486,"Bolivia, Department Chuquisaca, Rio Camatindi 8 kilometers north border Department Tarija, at 40 kilometers north Villamontes",Characidium,-20.92,-63.4,1,10,1988
Bolivia,Tarija Department,NA,US-ANIMALIA,USNM 305490,"Bolivia, Department Tarija, south tributary to Rio Pilcomayo by road at 15 air kilometers southwest Villamontes",Characidium,-21.33,-63.62,2,10,1988
Brazil,Mato Grosso,NA,US-ANIMALIA,USNM 307596,"Aripuana, Igarape da Chapada",Characidium,0,0,11,11,1978
Brazil,Minas Gerais,NA,US-ANIMALIA,USNM 307826,"Brazil, State of Minas Gerais, Rio Mucuri at Nanuque",Characidium,-17.83,-40.33,27,4,1989
Colombia,Choco Department,NA,US-ANIMALIA,USNM 313953,"Colombia, Choco Province, Rio Salado near Teresita",Characidium,0,0,8,2,1968
Peru,Madre de Dios Region,NA,US-ANIMALIA,USNM 317770,"Peru, Madre de Dios, Manu, Erika, Ada. Eulli. Left side of Alto Madre de Dios River, 1.5 kilometers up river from Erika.",Characidium,0,0,4,9,1989
Brazil,Minas Gerais,NA,US-ANIMALIA,USNM 318092,"Brazil, Minas Gerais, Rio Mucuri approximately 9 kilometers west of town of Presidente Pena along dirt road on Fazenda Gaviao, side branch of main river with some rapids (coordinates are for Presidente Pena)",Characidium,-17.68,-40.92,19,7,1991
Brazil,Bahia,NA,US-ANIMALIA,USNM 318100,"Brazil, Bahia, Rio Itanhem (also known as Rio Alcobaca), approximately 15 kilometers west of Nova Lidice off Bahia 290, side part of main river channel, just below second set of rapids down river from campsite",Characidium,-17.42,-40.07,16,7,1991
Peru,Madre de Dios Region,NA,US-ANIMALIA,USNM 319367,"Manu, Parque Nacional Manu, Pakiitza, Fortaleza Stream",Characidium,0,0,22,4,1991
Brazil,Santa Catarina,NA,US-ANIMALIA,USNM 320216,"Rio Timbo, Sob a Ponte Na Br 280, Porto Uniao, Santa Catarina, Brasil.",Characidium,0,0,5,5,1989
Brazil,Santa Catarina,NA,US-ANIMALIA,USNM 320217,"Rio Lindo, Estrada Pirabeiraba-Campo Alegre (Sc-301), Pirabeiraba, Santa Catarina, Brasil.",Characidium,0,0,4,5,1989
Brazil,Santa Catarina,NA,US-ANIMALIA,USNM 320218,"Rio Negrinho, Sob a Ponte Da Br 280, Rio Negrinho, Santa Catarina, Brasil.",Characidium,0,0,5,5,1989
Brazil,Espirito Santo,NA,US-ANIMALIA,USNM 320220,"Rio Sao Joao Ii, Ponte Na Br 262, Ibatiba, Espirito Santo, Brasil.",Characidium,0,0,6,9,1989
Brazil,Santa Catarina,NA,US-ANIMALIA,USNM 320221,"Rio Garuva, Sob a Ponte Na Br 101, Garuva, Santa Catarina, Brasil.",Characidium,0,0,7,5,1989
Brazil,Parana,NA,US-ANIMALIA,USNM 320235,"Rio Sa Joao, Na Localidade De Pedra Branca, Ararguara, Parana, Brasil.",Characidium,0,0,7,5,1989
Peru,Madre de Dios Region,NA,US-ANIMALIA,USNM 323488,"Peru, Madre de Dios, Manu, Manu National Park, Pakitza, Manu River close to Pachija mouth",Characidium,0,0,10,5,1991
Peru,Madre de Dios Region,NA,US-ANIMALIA,USNM 323495,"Peru, Madre de Dios, Manu, Manu National Park, Pakitza, Fortaleza Stream, 15 feet up stream from the mouth at Manu River",Characidium,0,0,9,5,1991
Brazil,Mato Grosso,NA,US-ANIMALIA,USNM 326333,"Brazil, Mato Grosso, Corrego Caramujo, kilometer 33 west of Caceres on Brazil 174, basin of Rio Jauru, tributary of Rio Paraguai",Characidium,-15.95,-58.1,13,8,1991
Brazil,Mato Grosso,NA,US-ANIMALIA,USNM 326372,"Brazil, Mato Grosso, Rio Guapore at Pontes e Lacerda, Brazil 174",Characidium,-15.2,-59.35,13,8,1991
Brazil,Mato Grosso,NA,US-ANIMALIA,USNM 326385,"Rio Bugres Em Barra Do Bugres (Afl. Rio Paraguai), Barra Do Bugres, Mato Grosso, Brasil.",Characidium,0,0,10,8,1991
Brazil,Mato Grosso,NA,US-ANIMALIA,USNM 326430,"Arroio Cruzando a Estrada Barra Do Bugres/Caceres, ca 51 kilometers Ao Sul De Barra Do Bugres (Afl. Rio Paraguai), Barra Do Bugres, Mato Grosso, Brasil.",Characidium,0,0,11,8,1991
Brazil,Mato Grosso,NA,US-ANIMALIA,USNM 326444,"Rio Paraguai em Caceres e arredores, Caceres, Mato Grosso, Brasil.",Characidium,0,0,11,8,1991
Brazil,Mato Grosso,NA,US-ANIMALIA,USNM 326487,"Rio Jauquara Em Jauquara (Afl. Rio Dos Passaros, Rio Paraguai), Barra Do Bugres, Mato Grosso, Brasil.",Characidium,0,0,10,8,1991
Brazil,Mato Grosso,NA,US-ANIMALIA,USNM 326489,"Ribeirao Chiquerao, about 21 kilometers a Peste de Jangada (Afl. Rio Jangada, Rio Cuiaba), Jangada, Mato Grosso, Brasil.",Characidium,0,0,10,8,1991
Brazil,Mato Grosso,NA,US-ANIMALIA,USNM 326500,"Jangada, Ribeirao Espinheiro, crossing Road Brazil 364 (from Cuiaba to Jangada), 21 kilometers south of Jangada",Characidium,-15.4,-56.38,10,8,1991
Brazil,Mato Grosso,NA,US-ANIMALIA,USNM 326506,"Brazil, Mato Grosso, stream tributary to Rio Paraguai, 30 kilometers from turn off from Brazil 364 onto Mato Grosso 343 to Caceres",Characidium,-15.4,-57.42,11,8,1991
Brazil,Mato Grosso,NA,US-ANIMALIA,USNM 326686,"Riacho 1 Afluente do Rio Preto, Na Estrada Para Sao Francisco, Municipio de Ciamantino, Mato Grasso",Characidium,0,0,24,10,1992
Brazil,Mato Grosso,NA,US-ANIMALIA,USNM 326692,"Riacho Monjolinho (Riacho 2) Afluente Do Rio Preto, Na Estrada Para Sao Francisco, Municipio De Diamantino, Mato Grasso",Characidium,0,0,24,10,1992
Brazil,Mato Grosso,NA,US-ANIMALIA,USNM 326710,"Cabeceira do Rio Preto, Estrada Cuiaba-Santarem, Entre O Posto Gil E O Restaurante Nossa Senhora Aparecida, Municipio De Diamantino, Mato Grosso",Characidium,0,0,24,10,1992
Peru,Madre de Dios Region,NA,US-ANIMALIA,USNM 326819,"Peru, Madre de Dios, Manu, Manu National Park, Pakitza, Cocha Panahua",Characidium,0,0,20,2,1992
Peru,Madre de Dios Region,NA,US-ANIMALIA,USNM 326878,"Peru, Madre de Dios, Manu, Parque Nacional Manu, Pakitza, Quebrada Fortaleza",Characidium,0,0,5,10,1991
Peru,Madre de Dios Region,NA,US-ANIMALIA,USNM 326987,"Peru, Madre de Dios, Tambopata, River Heath Basin, San Antonio Stream",Characidium,0,0,28,5,1992
Peru,Madre de Dios Region,NA,US-ANIMALIA,USNM 327656,"Tambopata, Valencia Lake",Characidium,0,0,14,6,1992
Peru,Loreto Region,NA,US-ANIMALIA,USNM 328286,"Lo, Maynas, Pv Arcadia, R. Napo, Cocha De Conchas",Characidium,-0.9894,-75.3092,2,11,1993
Brazil,Rio Grande do Sul,NA,US-ANIMALIA,USNM 337549,"Rio Cati, Estrada Quarai, Livramento, Municipio Livramento (Rio Uruguai), Rio Grande do Sul",Characidium,0,0,23,7,1986
Brazil,Amazonas,NA,US-ANIMALIA,USNM 338587,"Rio Daraa, (Amazonas) Cachoeira do Aracu, Bacia do Rio Negro (Cachoeira)",Characidium,0,0,10,2,1980
Brazil,Mato Grosso,NA,US-ANIMALIA,USNM 338594,"Dardanelos, Alto Aripuana",Characidium,0,0,15,11,1976
Brazil,Amazonas,NA,US-ANIMALIA,USNM 338601,"Brazil, Amazonas, Rio Negro, Parana do Jacare",Characidium,-0.5,-66.5,7,10,1979
Brazil,Mato Grosso,NA,US-ANIMALIA,USNM 338603,"Igarape Do Aeroporto Aripuana, Acima Cachoeira, INPA 9.11.76 Timbo",Characidium,0,0,11,9,1976
Brazil,NA,NA,US-ANIMALIA,USNM 338604,"Igarapegenip (uncertain), Ceica 20 kilometers Acima Do Daidan Dos, Rio Aripucina, Aripuano.",Characidium,0,0,17,11,1976
Brazil,NA,NA,US-ANIMALIA,USNM 338609,Igarape Da Chapada (Aeroporto) about 5 kilometers Cidado Humboldt INPA (Aripuana),Characidium,0,0,11,11,1976
Brazil,Mato Grosso,NA,US-ANIMALIA,USNM 338610,Aripuana,Characidium,0,0,NA,11,1976
Brazil,Amazonas,NA,US-ANIMALIA,USNM 338617,"Rio Negro Marauia, Praia-Areia Branca",Characidium,0,0,NA,10,1979
Brazil,NA,NA,US-ANIMALIA,USNM 338619,Manaus (uncertain) km=20 (uncertain) uncertain Irape De Recreio. Cocetado Com Rede De Mar Na Areia. Raso=Am. -(uncertain) Ronaldo,Characidium,0,0,21,10,1978
Brazil,Mato Grosso,NA,US-ANIMALIA,USNM 338624,Aripuiana. Abaixo La Cachoceiria,Characidium,0,0,NA,NA,NA
Brazil,Amazonas,NA,US-ANIMALIA,USNM 338632,"Brazil, Amazonas, Rio Negro, Anavilhanas, Lago do Prato, beach.",Characidium,0,0,NA,10,1980
Brazil,Amazonas,NA,US-ANIMALIA,USNM 338633,"Manaus, Itacoatiara kilometer plus or minus 20, igarape de Recreio. Coletado Com Rede De Mao So 6 Troncos = or - 0.5 m. -Coleton Ronaldo",Characidium,0,0,21,10,1978
Brazil,NA,NA,US-ANIMALIA,USNM 338635,Igarape Da Chapada (Aeroporto) about 5 kilometers Cidade Humboldt INPA (Aripuana),Characidium,0,0,11,11,1976
Brazil,NA,NA,US-ANIMALIA,USNM 338638,"Furo Bahia, Acima Cach. Aripuana INPA",Characidium,0,0,8,11,1976
Brazil,Mato Grosso,NA,US-ANIMALIA,USNM 338687,Brazil-Bolivan border region between Guajara-Mirim and Matto Grosso from the Guapore River Drainage.,Characidium,-10.8,-65.38,NA,NA,1970
Venezuela,Delta Amacuro,NA,US-ANIMALIA,USNM 338691,"Venezuela, Delta Amacuro, Rio Orinoco, small cano at mouth of Cano Fiscal, 64 nautical miles upstream from sea buoy.",Characidium,8.53,-61.03,23,2,1978
Brazil,Minas Gerais,NA,US-ANIMALIA,USNM 345694,"Brasil, Minas Gerais, Porteirinha Rio Serra Branca Afluente Do Rio Salinas, Na Br-122, Entre Mato Verde E Porteirinha.",Characidium,0,0,23,7,1994
Brazil,Minas Gerais,NA,US-ANIMALIA,USNM 345731,"Brasil, Minas Gerais, Manga Rio Japore, Na Estrada Entre Manga E Carinhanha.",Characidium,0,0,21,7,1994
Brazil,Minas Gerais,NA,US-ANIMALIA,USNM 345746,"Brasil, Minas Gerais, Montes Claros, Rio Verde, Entre Francisco Sa E Montes Claros.",Characidium,0,0,23,7,1994
Brazil,Bahia,NA,US-ANIMALIA,USNM 345871,"Brasil, Bahia, Correntina; Rio Correntina, Afluente Do Rio Corrente, Em Barra De Sao Jose.",Characidium,0,0,22,7,1994
Brazil,Minas Gerais,NA,US-ANIMALIA,USNM 348450,"Brazil, Minas Gerais, road from Lagoa Santa to Sao Joao de Almeida, kilometer 50, right hand, pond",Characidium,0,0,6,10,1996
Peru,Cusco Region,La Convención Province,US-ANIMALIA,USNM 382997,"Cusco, La Convencion, Rio Camisea, Segakiato",Characidium,0,0,6,11,1998
Guyana,NA,NA,US-ANIMALIA,USNM 397980,Bat Creek,Characidium,0,0,23,11,2001
Brazil,NA,NA,US-ANIMALIA,USNM 88290,"Rio Gastone, Concepcion, Brazil",Characidium,0,0,22,9,1926
Brazil,Bahia,NA,US-ANIMALIA,USNM 432414,"South America, Brazil, Bahia, Formosa do Rio Preto, Rio Preto, no povoado de Cacimbinhas, pela estrada da garganta (Diapolis - Formosa do Rio Preto)",Characidium bahiensis,-11.1411,-46.0669,15,11,2002
Brazil,NA,NA,US-ANIMALIA,USNM 285773,"Riacho Cachito, Afl. Do Rio Jaboatao-Recife, Pe.",Characidium bimaculatum,0,0,6,4,1968
Venezuela,Barinas,NA,US-ANIMALIA,USNM 194170,"Venezuela, Corozo River, Edo Barinas, on Barinas Pedeaza Road between Rio Paguzy and Barinas.",Characidium boaevistae,0,0,16,7,1958
Venezuela,NA,NA,US-ANIMALIA,USNM 288928,"Rio Masparro, Entre Boconoito Y Barrancas, Edo. Barinas (Enfrente Masparro) Venezuela",Characidium boaevistae,0,0,21,10,1977
Colombia,Choco Department,NA,US-ANIMALIA,USNM 313954,"Colombia, Choco Province, Rio Salado near Teresita",Characidium boaevistae,0,0,8,2,1968
Colombia,Choco Department,NA,US-ANIMALIA,USNM 338686,"Small river (R. Cuti-(uncertain)), lower Rio Atrato, near St. Maria, La Nueva",Characidium boaevistae,0,0,29,8,1967
Ecuador,NA,NA,US-ANIMALIA,USNM 164061,"Ecuador, Province Napo-Pastaza, Rio Misagualli, tributary of Upper Napo, mouth of Misagualli River",Characidium boehlkei,-1.05,-77.67,NA,5,1952
Colombia,Cauca Department,NA,US-ANIMALIA,USNM 120146,"Colombia, upper Cauca",Characidium caucanum,0,0,NA,10,1942
Colombia,Valle del Cauca Department,NA,US-ANIMALIA,USNM 79183,"Cali, Colombia",Characidium caucanum,0,0,NA,3,1912
Venezuela,Merida,NA,US-ANIMALIA,USNM 121417,"Venezuela, Rio Chama at Estanques, Estado de Merida",Characidium chupa chupa,0,0,3,4,1942
Venezuela,Merida,NA,US-ANIMALIA,USNM 121418,"Venezuela, Rio Chama, 10 kilometers below Lagunillas, Estado de Merida, Maracaibo Basin",Characidium chupa chupa,0,0,30,3,1942
Venezuela,Merida,NA,US-ANIMALIA,USNM 121419,"Venezuela, Rio Chama at Estanques, Estado de Merida",Characidium chupa chupa,0,0,3,4,1942
Venezuela,Merida,NA,US-ANIMALIA,USNM 121420,"Venezuela, Rio Gonzales, tributary of Rio Chama at La Gonzales, Estado de Merida, Maracaibo Basin",Characidium chupa chupa,0,0,29,3,1942
Colombia,Choco Department,NA,US-ANIMALIA,USNM 288426,"Colombia, Choco, creek of upper Rio Nercua, large tributary of Rio Truando",Characidium chupa chupa,0,0,28,8,1967
Venezuela,Táchira State,NA,US-ANIMALIA,USNM 121415,"Venezuela, Rio Torbes, 1 kilometer above Tariba, Orinoco System",Characidium chupa torbesensis,0,0,31,3,1942
Brazil,Amazonas,NA,US-ANIMALIA,USNM 338598,"Rio Daraa (Amazonas) Cachoeira do Aracu, Bacia do Rio Negro (Cachoeira)",Characidium crandellii,0,0,10,2,1980
Brazil,Amazonas,NA,US-ANIMALIA,USNM 338629,"Brazil, Amazonas, Rio Daraa Cachoeira do Aracu, Bacia do Rio Negro",Characidium crandellii,0,0,10,2,1980
Venezuela,Bolivar,NA,US-ANIMALIA,USNM 219847,"Venezuela: State of Bolivar, Rio Uruyen, tributary of Rio Caroni, south side of Mt. Auyantepui",Characidium declivirostre,0,0,NA,4,1956
Venezuela,Amazonas,NA,US-ANIMALIA,USNM 270161,"Venezuela, Territorio Federal Amazonas, Departamento Ature, Rio Tobogan at balnearia (swimming area), approximately 35 kilometers south of Puerto Ayacucho",Characidium declivirostre,5.5,-67.58,2,12,1984
Brazil,Amazonas,NA,US-ANIMALIA,USNM 338606,"Rio Daraa, (Amazonas) Cachoeira do Aracu, Bacia do Rio Negro (Cachoeira)",Characidium declivirostre,0,0,10,2,1980
Brazil,Amazonas,NA,US-ANIMALIA,USNM 338639,"Rio Daraa (Amazonas) Cachoeira do Aracu, Bacia do Rio Negro (Cachoeira)",Characidium declivirostre,0,0,10,2,1980
Venezuela,Bolivar,NA,US-ANIMALIA,USNM 233532,"Venezuela, State of Bolivar, Rio Caroni, pools and riffles at Parque Cachama 185 nautical miles upstream from sea buoy.",Characidium fasciatum,8.33,-62.7,11,2,1978
Peru,Madre de Dios Region,NA,US-ANIMALIA,USNM 263874,"Peru, Madre de Dios, stream on south side of Rio Madre de Dios about 10 kilometers downstream of junction of Rio Tambopata and Rio Madre de Dios.",Characidium fasciatum,-12.5,-69.17,25,8,1983
Brazil,Rio Grande do Sul,NA,US-ANIMALIA,USNM 285770,"Represa De Camargos, Rio Grande, Mg.",Characidium fasciatum,0,0,23,10,1975
Brazil,Amazonas,NA,US-ANIMALIA,USNM 287978,"Rio Purus, Brasil, tributary of the Rio Ipixuna about 30 kilometers west from Humaita on the Transamazonica",Characidium fasciatum,0,0,25,8,1976
Brazil,Amazonas,NA,US-ANIMALIA,USNM 287991,"Boca De Tapaua, Rio Purus",Characidium fasciatum,0,0,NA,11,1963
Paraguay,NA,NA,US-ANIMALIA,USNM 288899,"Paraguay, Lago Ypacarai",Characidium fasciatum,0,0,13,12,1976
Brazil,NA,NA,US-ANIMALIA,USNM 289993,"Brazil, Rio Corumbatai E Lagoas Marginais",Characidium fasciatum,0,0,25,1,1963
Bolivia,Beni Department,NA,US-ANIMALIA,USNM 301921,"Bolivia, Beni, E.B.B. Campamento Trapiche 500 meters Arriba El Puente. Rio Curiraba.",Characidium fasciatum,0,0,24,7,1988
Bolivia,Beni Department,NA,US-ANIMALIA,USNM 305406,"Bolivia, Department Beni, Ballivia Province, Arroyo Aguas Negras (tributary Rio Curiraba) at 3 kilometers above mouth, at 12 kilometers north El Porvenir Biological Station at 40 air kilometers east San Borja",Characidium fasciatum,-14.92,-66.28,1,9,1987
Bolivia,Beni Department,NA,US-ANIMALIA,USNM 305421,"Bolivia, Department Beni, Ballivia Province, Rio Curiraba at 10 kilometers northeast El Porvenir Biological Station at 40 air kilometers east San Borja",Characidium fasciatum,-14.92,-66.28,31,8,1987
Bolivia,Beni Department,NA,US-ANIMALIA,USNM 305448,"Bolivia, Department Beni, Ballivia Province, Lago Normandia, southeast portion, 40 kilometers east San Borja",Characidium fasciatum,-14.92,-66.3,27,8,1987
Brazil,Sao Paulo,NA,US-ANIMALIA,USNM 313191,"Brazil, Sao Paulo State, (northeast part of Sao Paulo), Rio Cubatao of Rio Grande of upper Rio Parana, near Cajuru. Fazenda Santa Carlota (Rio Pardo Basin)",Characidium fasciatum,-21.3,-47.28,7,11,1989
Brazil,Amazonas,NA,US-ANIMALIA,USNM 338640,"Rio Purus, Brasil, tributary of the Rio Ipixuna about 30 kilometers west from Humaita on the Transamazonica",Characidium fasciatum,0,0,25,8,1976
Brazil,Minas Gerais,NA,US-ANIMALIA,USNM 345657,"Brasil, Minas Gerais, Pedro Leopoldo Riacho Afluente Do Rio Das Velhas, Em Igreja Quebrada, Proximo De Jaguara.",Characidium fasciatum,0,0,19,7,1994
Brazil,Rio de Janeiro,NA,US-ANIMALIA,USNM 129918,"Rio De Janeiro and vicinity, Brazil",Characidium grajahuensis,0,0,NA,NA,NA
Brazil,Bahia,NA,US-ANIMALIA,USNM 279275,"Brazil, Bahia, 5 kilometers north of Prado on dirt road between Prado and Cumuruxatiba (spelled Comoxatiba on map, an old spelling).",Characidium helmeri,-17.3,-39.23,19,3,1985
Brazil,Bahia,NA,US-ANIMALIA,USNM 279276,"Brazil, Bahia, small stream south of CUM. 02 on road between Cumuruxatiba and Itamaraju (Itamaraju is not on SE24 because town was built after completion of BR 101).",Characidium helmeri,-17.02,-39.2,20,3,1985
Brazil,Rio de Janeiro,NA,US-ANIMALIA,USNM 273330,"Brasil, Rio de Janeiro, Rio Jundia, tributary to Lago de Saquarema, along Road Amaral Peixoto, between Sampaio Correia and Bacaxa on map. Collected under and near bridge",Characidium interruptum,-22.85,-42.57,11,11,1982
Brazil,Rio de Janeiro,NA,US-ANIMALIA,USNM 290005,"Brasil, Rio de Janeiro, kilometer 27 on Rodovia Amaral-Peixoto, about 1 kilometer from town of Itapeba in a small tributary of Rio Fundo, near Marica",Characidium interruptum,-22.9,-42.8,27,11,1979
Brazil,Rio de Janeiro,NA,US-ANIMALIA,USNM 290008,"Brazil, Rio de Janeiro, kilometer 58, 5 kilometers east of Sampaio Correia, Municipio de Saquarema, Rio Mato Grosso into Lagoa Saquarema",Characidium interruptum,-22.85,-42.58,27,11,1979
Brazil,NA,NA,US-ANIMALIA,USNM 290173,"Kilometer 3, Paraty-Ubatuba Road, Ubatuba, Sao Paulo.",Characidium japuhybense,0,0,9,3,1979
Brazil,Sao Paulo,NA,US-ANIMALIA,USNM 100869,"Bought in market, Sao Paulo, Brazil",Characidium lagosantense,0,0,27,4,1935
Brazil,Sao Paulo,NA,US-ANIMALIA,USNM 273331,"Brasil, Sao Paulo, south branch of Rio Tavares, Ubatuba System at nursery of ""Flora Brasilia""",Characidium lanei,-23.45,-45.0917,31,10,1982
Paraguay,San Pedro Department,NA,US-ANIMALIA,USNM 290179,"Paraguay, San Pedro Department, 3 kilometers northeast of Lima",Characidium laterale,0,0,31,10,1981
Brazil,Amazonas,NA,US-ANIMALIA,USNM 290009,"Brazil, Amazonas, Rio Negro, Marauia, Cachoeira De Bicho Acu. [Praia].",Characidium longum,0,0,12,10,1979
Brazil,Amazonas,NA,US-ANIMALIA,USNM 292932,"Brazil, Amazonas, Rio Negro, confluence with Rio Marauia, beach.",Characidium longum,0,0,NA,10,1979
Brazil,Amazonas,NA,US-ANIMALIA,USNM 338600,"Rio Negro, Marauia, Praia-Areia Branca 20:00",Characidium longum,0,0,NA,10,1979
Brazil,NA,NA,US-ANIMALIA,USNM 338616,Rio Negro (Marauia) (Praia-Areia Branca),Characidium longum,0,0,NA,10,1979
Colombia,Choco Department,NA,US-ANIMALIA,USNM 288425,"Colombia, Choco, Rio Pavarando, tributary of Rio Salaqui",Characidium marshi,0,0,10,2,1968
Colombia,Choco Department,NA,US-ANIMALIA,USNM 288427,"Colombia, Choco Province, Rio Salado near Teresita",Characidium marshi,0,0,8,2,1968
Brazil,Sao Paulo,NA,US-ANIMALIA,USNM 288896,"Brazil, Sao Paulo, Alto da Serra, road north and east of railroad station (see SW10-7-77-1) for about 2-3 miles, comes close to stream, stream parallels road for 1/4 mile then enters forest to north.",Characidium oiticicai,0,0,7,10,1979
Brazil,Sao Paulo,NA,US-ANIMALIA,USNM 289989,"Brasil, Sao Paulo, headwaters of Rio Tiete, ""Alto Da Serra""-1/2 way on road between Campo Grande and Paranapiacaba, east of Alto Da Serra a couple of miles",Characidium oiticicai,-23.77,-46.32,30,11,1979
Brazil,Sao Paulo,NA,US-ANIMALIA,USNM 304802,"Brasil, Sao Paulo, headwaters of Rio Tiete, small stream to north of Paranapiacaba, about 2-3 kilometers from SWXI-30-1979-1, same drainage.",Characidium oiticicai,-23.77,-46.3,30,11,1979
Brazil,Amazonas,NA,US-ANIMALIA,USNM 268207,"Brazil, Amazonas, Rio Negro, confluence with Rio Marauia, beach.",Characidium pellucidum,0,0,NA,10,1979
Venezuela,Amazonas,NA,US-ANIMALIA,USNM 270152,"Venezuela, Territorio Federal Amazonas, Departamento Rio Negro, small cano off Cano Urami, just upriver of Santa Lucia",Characidium pellucidum,1.28,-66.85,6,12,1984
Venezuela,Amazonas,NA,US-ANIMALIA,USNM 270210,"Venezuela, Territorio Federal Amazonas, Departamento de Ature, Laguna Provincial, approximatley 20 kilometers north of Puerto Ayacuho",Characidium pellucidum,5.83,-67.5,1,12,1984
Brazil,Amazonas,NA,US-ANIMALIA,USNM 338589,Rio Negro (Amazonas) Boca Do Rio Urubaxi (Praia-De Manha),Characidium pellucidum,0,0,6,2,1980
Brazil,Amazonas,NA,US-ANIMALIA,USNM 338593,"Brazil, Amazonas, Rio Negro, Parana do Jacare",Characidium pellucidum,-0.5,-66.5,7,10,1979
Colombia,Valle del Cauca Department,NA,US-ANIMALIA,USNM 120145,"Upper Cauca north of Colombia, Cali",Characidium phoxocephalum,0,0,NA,10,1942
Brazil,Rio Grande do Sul,NA,US-ANIMALIA,USNM 285841,"Rio Tuparendi, Tuparendi, Rio Grande do Sul (Afluente do Rio Santo Cristo, Rio Uruguai)",Characidium pterostictum,0,0,20,12,1985
Brazil,Paraiba,NA,US-ANIMALIA,USNM 288900,"Represa De Sta. Branca, Rio Paraiba",Characidium pterostictum,0,0,10,9,1962
Brazil,Rio Grande do Sul,NA,US-ANIMALIA,USNM 289976,"Brasil, Rio Grande do Sul, Arroio Paradiso, along road between Sao Sebastiao do Cai and Bom Principio, Rio Cai Drainage",Characidium pterostictum,-29.53,-51.33,8,12,1979
Brazil,Santa Catarina,NA,US-ANIMALIA,USNM 326077,"Santa Catarina, Praia Grande, Rio Canoas, 8 kilometers de Praia Grande Em Direcao a Mae Dos Homens, Afl Manpituba.",Characidium pterostictum,0,0,16,1,1991
Brazil,Rio Grande do Sul,NA,US-ANIMALIA,USNM 326083,"Brazil, Rio Grande do Sul, Terra de Areia, Arroio Mitmann in Vila Nova at 10 kilometers on Brazil 101 in direction of Itati, tributary of Rio Tres Forquilhas",Characidium pterostictum,0,0,15,1,1991
Brazil,Rio Grande do Sul,NA,US-ANIMALIA,USNM 338689,"Brasil, Rio Grande do Sul, Arroio Paradiso, along road between Sao Sebastiao do Cai and Bom Principio, Rio Cai Drainage",Characidium pterostictum,-29.53,-51.33,8,12,1979
Ecuador,NA,NA,US-ANIMALIA,USNM 175126,"Ecuador, Province Napo-Pastaza, Rio Pucuno, tributary of Suno River Pucuno enters Suno at 0 degrees 46' S, 77 degrees 12' W",Characidium purpuratum,-0.77,-77.2,NA,11,1951
Peru,Ucayali Region,Callería District,US-ANIMALIA,USNM 338644,"Peru, Ucayali, Pucallpa, Carraterra kilometer 155, Rio Hucamayo",Characidium purpuratum,0,0,6,10,1984
Argentina,NA,NA,US-ANIMALIA,USNM 176106,Argentina.,Characidium rachovii,0,0,NA,NA,NA
Brazil,Rio Grande do Sul,NA,US-ANIMALIA,USNM 273343,"Brasil, Rio Grande do Sul, north end of Banhado do Tigre, ""Middle"" Riacho no Caminho entre Fazenda Cacapava e Seda da Estacao Ecologica do Taim, Municipio Rio Grande",Characidium rachovii,0,0,13,12,1979
Brazil,Rio Grande do Sul,NA,US-ANIMALIA,USNM 289984,"Brasil, Rio Grande do Sul, north end of Banhado do Tigre, ""Middle"" Riacho no Caminho entre Fazenda Cacapava e Seda da Estacao Ecologica do Taim, Municipio Rio Grande",Characidium rachovii,0,0,13,12,1979
Brazil,Parana,NA,US-ANIMALIA,USNM 298000,"Brazil, Parana, Rio da Praia, near Guaratuba",Characidium rachovii,-25.92,-48.57,18,2,1988
Brazil,Rio Grande do Sul,NA,US-ANIMALIA,USNM 304799,"Brasil, Rio Grande do Sul, north end of Banhado do Tigre, ""Middle"" Riacho no Caminho entre Fazenda Cacapava e Seda da Estacao Ecologica do Taim, Municipio Rio Grande",Characidium rachovii,0,0,13,12,1979
Brazil,Rio Grande do Sul,NA,US-ANIMALIA,USNM 310962,"Brasil, Rio Grande do Sul, Arroio Grande, where crosses under road between Pelotas and Jaguarao, about 1 kilometer from City of Arroio Grande",Characidium rachovii,-32.23,-53.08,14,12,1979
Venezuela,Guarico State,NA,US-ANIMALIA,USNM 257997,"Venezuela, Guarico State, Guarico River at Flores Moradas Ranch about 3-4 kilometers east of road from Calabozo to San Fernando",Characidium steindachneri,8.45,-67.42,26,1,1983
Brazil,Acre,NA,US-ANIMALIA,USNM 268239,"Brazil, Acre, Rio Tarauaca, Tarauaca, Praia.",Characidium steindachneri,0,0,1,8,1984
Ecuador,NA,NA,US-ANIMALIA,USNM 289475,"Ecuador, Province Napo-Pastaza, Rio Pucuno, tributary of Suno River Pucuno enters Suno at 0 degrees 46' S, 77 degrees 12' W",Characidium steindachneri,-0.77,-77.2,NA,11,1951
Colombia,Meta Department,NA,US-ANIMALIA,USNM 289996,"Colombia, Meta Department, second cano at 2 kilometers east of Rio Yucao, towards Puertto Lopez",Characidium steindachneri,0,0,3,4,1974
Colombia,Meta Department,NA,US-ANIMALIA,USNM 290004,"Colombia, Department Meta, Yucao River at Meta River",Characidium steindachneri,0,0,2,4,1974
Brazil,NA,NA,US-ANIMALIA,USNM 290174,Rio Aripuana (Abaixo Da Cachoeiro De Dardeneles-Humboldt Aripuana Mg).,Characidium steindachneri,0,0,7,11,1976
Venezuela,Bolivar,NA,US-ANIMALIA,USNM 292929,"Rio Orocopiche, about 15 kilometers from mouth in Rio Orinoco, downstream from Route 19 bridge",Characidium steindachneri,8.05,-63.67,3,11,1979
Venezuela,Bolivar,NA,US-ANIMALIA,USNM 292935,"Rio Orocopiche, about 15 kilometers from mouth in Rio Orinoco, downstream from Route 19 bridge",Characidium steindachneri,8.05,-63.67,3,11,1979
Venezuela,NA,NA,US-ANIMALIA,USNM 313763,"Rio Masparro, Entre Boconoito Y Barrancas, Edo. Barinas (Enfrente Masparro) Venezuela",Characidium steindachneri,0,0,21,10,1977
Brazil,NA,NA,US-ANIMALIA,USNM 317411,"Ingazeiro, St13(3), Dentro Do Canuma, Ladodirei to 20 kilometers Da Boca Do Canuma, Aripuana",Characidium steindachneri,0,0,17,11,1976
Peru,Loreto Region,NA,US-ANIMALIA,USNM 328572,"Peru: Depto. Loreto, Maynas, Pv Arcadia, Rio Napo, Queb. Isla",Characidium steindachneri,0,0,3,11,1993
Peru,Loreto Region,NA,US-ANIMALIA,USNM 329615,"Peru, Loreto, Maynas, Pv Castana, Rio Aguarico mi., Qbda. Castana Negra.",Characidium steindachneri,-0.8036,-75.24,18,10,1993
Brazil,Rondonia,NA,US-ANIMALIA,USNM 338618,"Brazil, Rondonia, Rio Machado, Cururu, lake.",Characidium steindachneri,0,0,2,9,1980
Brazil,Rondonia,NA,US-ANIMALIA,USNM 338620,"Brazil, Rondonia, Rio Machado, Santo Antonio, lake.",Characidium steindachneri,0,0,3,9,1980
Venezuela,Bolivar,NA,US-ANIMALIA,USNM 338684,"Rio Orocopiche, about 15 kilometers from mouth in Rio Orinoco, downstream from Route 19 bridge",Characidium steindachneri,8.05,-63.67,3,11,1979
Brazil,Rio Grande do Sul,NA,US-ANIMALIA,USNM 326082,"Brazil, Rio Grande do Sul, Santo Antonio da Patrulha. Arroio Dos Carvalhos, entre Santo Antonio E Caraa, Afl Rio Dos Sinos",Characidium tenue,0,0,17,1,1991
Brazil,Rio Grande do Sul,NA,US-ANIMALIA,USNM 326115,"Rio Grande do Sul, Osorio, canal entre a Lagoa Da Emboaba E Emboabinha, Na Estrada Osorio-Tramandai",Characidium tenue,0,0,16,1,1991
Brazil,Espirito Santo,NA,US-ANIMALIA,USNM 133902,"Brasil, Corrego de Vaslugana, tributary to Rio Timbui, Espiritu Santo, Santa Teresa",Characidium timbuiensis,0,0,24,11,1942
Brazil,Espirito Santo,NA,US-ANIMALIA,USNM 133903,"Brasil, Corrego de Vaslugana, tributary to Rio Timbui, Espiritu Santo, Santa Teresa",Characidium timbuiensis,0,0,24,11,1942
Guyana,NA,NA,US-ANIMALIA,USNM 288086,"British Guiana, Shrimp Creek",Characidium vintoni,0,0,NA,NA,1908
Guyana,NA,NA,US-ANIMALIA,USNM RAD101032,"British Guiana, Shrimp Creek",Characidium vintoni,0,0,NA,NA,1908
Venezuela,Zulia,NA,US-ANIMALIA,USNM 121409,"Venezuela, Rio Palmar, near Totuma, about 100 kilometers southwest of Maracaibo",Characidium voladorita,0,0,21,2,1942
Venezuela,Merida,NA,US-ANIMALIA,USNM 121411,"Venezuela, Rio Machango, 20 kilometers above bridge, south of Lagunillas, Maracaibo Basin",Characidium voladorita,0,0,21,3,1942
Venezuela,Bolivar,NA,US-ANIMALIA,USNM 235403,"Rio Orocopiche, about 15 kilometers from mouth in Rio Orinoco, downstream from Route 19 bridge",Characidium zebra,8.05,-63.67,3,11,1979
Peru,Loreto Region,NA,US-ANIMALIA,USNM 329335,"Peru: Depto. Loreto, Maynas, Pv Arcadia, R. Napo Md. Queb. Negra 1, En La Queb. Norte.",Characidium zebra,0,0,6,11,1993
Suriname,NA,NA,US-ANIMALIA,USNM 408462,"Left tributary upper Paloemeu River, 1 kilometer downstream of basecamp, Suriname",Characidium zebra,2.47725,-55.638,13,3,2012
Suriname,NA,NA,US-ANIMALIA,USNM 409804,"Upper Paloemeu River, about 500 kilometers downstream of basecamp, Suriname. Collected in the main channel of the river in shallow areas, mostly inner bends of the stream.",Characidium zebra,2.48947,-55.6107,15,3,2012
Suriname,NA,NA,US-ANIMALIA,USNM 409833,"Left tributary creek of upper Paloemeu River, 1.2 kilometers upstream of basecamp, Suriname",Characidium zebra,2.47322,-55.6442,14,3,2012
Brasil,Rio Grande do Sul,Uruguaiana,MCP-PEIXES,46452,Arroio Felizardo (nascente),Characidium sp.,-29.8355555556,-57.09,01,07,2001
Brasil,Rio Grande do Sul,Dom Pedrito,MCP-PEIXES,46737,"Rio Jaguari, estrada São Gabriel e Dom Pedrito",Characidium orientale,-30.6230555556,-54.4433333333,04,02,2010
Brasil,Rio Grande do Sul,Lavras do Sul,MCP-PEIXES,46742,"Rio Jaguari, próximo a vila Ibaré",Characidium rachovii,-30.8205555556,-54.2988888889,04,02,2010
Brasil,Mato Grosso do Sul,Agua Clara,MCP-PEIXES,47040,"Arroio na drenagem dp rio Verde, estrada entre Mutum e a usina São Domingos",Characidium sp.,-20.3758333333,-53.1919444444,16,06,2012
Brasil,Mato Grosso do Sul,São José do Sucuriu,MCP-PEIXES,47046,"Córrego Brioso, afl. do rio Sucuriu, estrada entre Agua Clara e Inocencia.",Characidium sp.,-20.1205555556,-52.5691666667,16,06,2012
Brasil,Mato Grosso do Sul,Agua Clara,MCP-PEIXES,47051,"Ribeirão Tamanduá, drenagem rio Verde, cercanias da UHE São Domingos",Characidium sp.,-20.0675,-53.1891666667,16,06,2012
Brasil,Mato Grosso do Sul,Agua Clara,MCP-PEIXES,47058,"Arroio Caracol, drenagem rio Verde, estrada Mutum e Usina São Domingos",Characidium sp.,-20.0902777778,-53.1802777778,16,06,2012
Brasil,Minas Gerais,Guarda-Mor,MCP-PEIXES,47088,"Córrego Guarda-Mor, próximo a cidade de Guarda Mor (BR-364)",Characidium sp.,-17.7477777778,-47.0944444444,21,01,2012
Brasil,Minas Gerais,Unaí,MCP-PEIXES,47100,"Córrego Cafundó, BR-251 entre Planaltina e Unai, aprox. 20Km de Unai",Characidium sp.,-16.265,-47.0613888889,20,01,2012
Brasil,Minas Gerais,Guarda-Mor,MCP-PEIXES,47174,"Ribeirão Arrenegado, na BR-364 entre Guarda-Mor e Bunti Grande",Characidium sp.,-17.835,-47.0866666667,21,01,2012
Brasil,Minas Gerais,Coromandel,MCP-PEIXES,47199,"Arroio entre Presidente Oligario e Galena, drenagem rio da Prata",Characidium sp.,-18.3355555556,-47.3133333333,21,01,2012
Brasil,Goiás,São Miguel do Passa Quatro,MCP-PEIXES,47237,Córrego na estrada entre Cristianopolis e São Miguel do Passa Quatro,Characidium sp.,-17.0797222222,-48.6566666667,24,01,2012
Brasil,Ceará,Jardim,MCP-PEIXES,47339,Rio Salgado,Characidium bimaculatum,-7.5825,-39.2980555556,26,09,1997
Brasil,Ceará,Crato,MCP-PEIXES,47340,Rio Batateiras,Characidium bimaculatum,-7.2341666667,-39.4094444444,20,08,1997
Brasil,Ceará,Crato,MCP-PEIXES,47341,Rio Batateiras,Characidium bimaculatum,-7.2341666667,-39.4094444444,09,06,1997
Brasil,Ceará,Crato,MCP-PEIXES,47343,Rio Batateiras,Characidium bimaculatum,-7.2341666667,-39.4094444444,29,09,1997
Brasil,Ceará,Crato,MCP-PEIXES,47344,Rio Batateiras,Characidium bimaculatum,-7.2341666667,-39.4094444444,29,09,1997
Brasil,Ceará,Crato,MCP-PEIXES,47345,Rio Batateiras,Characidium bimaculatum,-7.2341666667,-39.4094444444,29,10,1997
Brasil,Ceará,Jardim,MCP-PEIXES,47346,Rio Salgado,Characidium bimaculatum,-7.2341666667,-39.4094444444,01,06,1998
Brasil,Ceará,Crato,MCP-PEIXES,47347,"Rio Batateiras, Sitio Fundão",Characidium bimaculatum,-7.5825,-39.2980555556,28,05,1998
Brasil,Ceará,Crato,MCP-PEIXES,47349,Rio Batateiras,Characidium bimaculatum,-7.2341666667,-39.4094444444,27,11,1997
Brasil,Ceará,Jardim,MCP-PEIXES,47351,Rio Salgado,Characidium bimaculatum,-7.5825,-39.2980555556,08,03,1997
Brasil,Ceará,Jardim,MCP-PEIXES,47352,Rio Salgado,Characidium bimaculatum,-7.5825,-39.2980555556,29,05,1998
Brasil,Ceará,Jardim,MCP-PEIXES,47380,Rio Salgado,Characidium bimaculatum,-7.2341666667,-39.4094444444,27,02,1998
Brasil,Ceará,Crato,MCP-PEIXES,47660,"Rio Batateiras, sitio Fundão",Characidium sp.,-7.2341666667,-39.4094444444,01,06,1998
Brasil,Rio Grande do Sul,Alegrete,MCP-PEIXES,47725,"Afluente do rio Ibirapuitã, ponte estrada URCAMP - Reserva Biológica",Characidium pterostictum,-29.8988888889,-55.7541666667,05,11,2000
Brasil,Amazonas,Apui,MCP-PEIXES,47972,"Igarapé Santa Ursula, rio Juruena",Characidium sp.,-8.5275,-58.4241666667,10,07,2013
Brasil,Amazonas,Apui,MCP-PEIXES,47973,"Igarapé Santa Ursula, rio Juruena",Characidium sp.,-8.5275,-58.4241666667,10,07,2013
Brasil,Amazonas,Apui,MCP-PEIXES,47975,"Igarapé Santa Ursula, rio Juruena",Characidium sp.,-8.5275,-58.4241666667,10,07,2013
Brasil,Amazonas,Apui,MCP-PEIXES,47983,"Igarapé Santa Ursula, rio Juruena",Characidium sp.,-8.5275,-58.4241666667,10,07,2013
Brasil,Santa Catarina,Palhoça,MCP-PEIXES,48020,Rio Aririú,Characidium pterostictum,-27.6738888889,-48.7044444444,01,02,2013
Brasil,Rio Grande do Sul,Nova Treviso,MCP-PEIXES,48419,"Arroio Jararaca, junto a foz no rio da Prata",Characidium sp.,-28.9375,-51.4427777778,24,10,2014
Brasil,Paraíba,Itaporanga,MCP-PEIXES,48626,"Rio Piancó, drenagem do rio Piranhas-Açu, ca 800m do cemitério de Itaporanga",Characidium sp.,-7.3030555556,-38.1380555556,30,01,2015
Brasil,Rio Grande do Sul,Jaquirana,MCP-PEIXES,48743,"Rio das Antas, Passo do Gabriel",Characidium orientale,-28.8055555556,-50.4938888889,10,03,2015
Brasil,Minas Gerais,Itamarandiba,MCP-PEIXES,49294,Cabeceira do rio Itacambira Grande estr. Itacambira-Senador Modestino Gonçalves a 14Km W de Itamarandiba,Characidium sp.,-17.8897222222,-42.9991666667,27,07,2015
Brasil,Minas Gerais,Itamarandiba,MCP-PEIXES,49360,"Rio Itanguá, afl. do rio Araçuai, estr. Itaramandiba-Sen. Modestino, aprox 30Km desde Itaramandiba",Characidium sp.,-17.9105555556,-43.1186111111,27,07,2015
Brasil,Minas Gerais,Morro do Pilar,MCP-PEIXES,49378,"Rio Preto afl. rio Sto Antonio, estr. real entre Morro do Pilar-Santo Antonio do rio Abaxio",Characidium sp.,-19.2475,-43.3325,29,07,2015
Brasil,Mato Grosso do Sul,Agua Clara,MCP-PEIXES,49443,"Rio Verde, UHE São Domingos",Characidium sp.,-20.0833333333,-53.1666666667,01,01,2015
Brasil,Rio Grande do Sul,Lagoa Vermelha,MCP-PEIXES,49469,Arroio Carazinho na estrada entre Lagoa Vermelha - Muitos Capões,Characidium orientale,-28.2741388889,-51.4688611111,20,01,2016
Brasil,Rio Grande do Sul,Santa Bárbara do Sul,MCP-PEIXES,50134,Riacho na estr. vikcinal entre RS506 e BR285,Characidium orientale,-28.4127777778,-53.2486111111,06,05,2016
Brasil,Rio Grande do Sul,Passo Fundo,MCP-PEIXES,50169,"Pequeno afluente do rio Jacui, estrada vicinal entre Marau e Passo Fundo, prox. linha férrea",Characidium pterostictum,-28.3025,-52.3063888889,05,05,2016
Brasil,Minas Gerais,Augusto de Lima,MCP-PEIXES,50183,"Rio Curimataí, sistema do rio das Velhas",Characidium sp.,-17.9925,-44.18,24,05,2009
Brasil,Rio Grande do Sul,Vila Maria,MCP-PEIXES,50186,"Riacho a 500m nordeste de Vila Maria, rio Taquari",Characidium pterostictum,-28.5263888889,-52.1436111111,05,05,2016
Brasil,Rio Grande do Sul,Casca,MCP-PEIXES,50211,"Arrio estrada vicinal a RS324, entre Vila Maria e Casca, rio Taquari",Characidium orientale,-28.545,-52.1088888889,05,05,2016
Brasil,Paraná,Ponta Grossa,MCP-PEIXES,50235,"Rio Caçador, afluente do rio Conceição",Characidium pterostictum,-25.1345,-49.7566388889,06,10,2015
Brasil,Santa Catarina,Joinville,MCP-PEIXES,50468,Rio Lindo sob a ponte da SC 418 ca 100m a NW da BR 101 (Cubatão Norte),Characidium sp.,-26.1966666667,-48.9216666667,07,10,2016
Brasil,Santa Catarina,Schroeder,MCP-PEIXES,50471,"Rio Itapocuzinho, localidade de Ipoupava Sul",Characidium sp.,-26.3494444444,-49.1272222222,08,10,2016
Brasil,Rio Grande do Sul,Jóia,MCP-PEIXES,50914,"Rio Itu (agropecuária dos Hinz), distrito de Coimbra",Characidium pterostictum,-28.7158055556,-54.3309166667,12,10,2016
Brasil,Rio Grande do Sul,São Nicolau,MCP-PEIXES,51127,"Arroio Jabuticabal, afl. rio Piratini ca 6.5Km a NW de São Nicolau",Characidium sp.,-28.1444444444,-55.3055555556,04,02,2017
Brasil,Amazonas,Novo Airão,MCP-PEIXES,51425,"Igarapé Cardinal, trib. do rio Aturiá",Characidium sp.,-1.9980555556,-61.1422222222,23,01,2017
Brasil,Pará,Monte Alegre,MCP-PEIXES,51740,"igarapé do Paraíso, afl. rio Curuá",Characidium sp.,-1.4838888889,-54.8419444444,05,12,2015
Brasil,Pará,Monte Alegre,MCP-PEIXES,51928,"rio Maicurú, na estrada PA-254",Characidium crandellii,-1.6130555556,-54.3769444444,03,12,2015
Brasil,Pará,Santarém,MCP-PEIXES,52044,Rio Arapiuns at Bom Futuro; on the west margin of the main channel of the rio Arapiuns; approximately 70 km upstream to the confluence with Tapajos,Characidium longum,-2.5718611111,-55.3908888889,12,11,2016
Brasil,Santa Catarina,Biguaçú,MCP-PEIXES,52596,"Rio Canudos, Tres Riachos, drenagem do rio Biguaçu",Characidium sp.,-27.4234388889,-48.7537138889,15,09,2017
Brasil,Mato Grosso,Município de General Carneiro,MCP-PEIXES,40350,"Córrego Água Limpa, trib. do Rio das Mortes.",Characidium sp.,-15.3777777778,-53.4,16,05,2005
Brasil,Mato Grosso,Ribeirão Cascalheira,MCP-PEIXES,40358,Córrego ao Norte de Ribeirão Cascalheira.,Characidium sp.,-12.5972222222,-51.7819444444,31,10,2005
Brasil,Mato Grosso,Posto da Mata,MCP-PEIXES,40381,"Córrego Pium, ca 22 Km ao Sul de Posto da Mata, BR 158 entre Posto da Mata e Alô Brasil.",Characidium sp.,-11.8994445801,-51.6572227478,29,10,2005
Brasil,Mato Grosso,São Félix do Araguaia,MCP-PEIXES,40445,rio Preto BR 158 ca 72 Km ao Sul de Porto Alegre do Norte.,Characidium sp.,-11.4630556107,-51.6783332825,28,10,2005
Brasil,Rio Grande do Sul,Walachai,MCP-PEIXES,40505,"rio Cadeia, abaixo da cachoeira, ponte Farroupilha, estrda Walachai Joanita (localidade de rio Loch)",Characidium orientale,-29.4952774048,-51.0472221375,22,03,2006
Brasil,Mato Grosso,Ribeirão Cascalheira,MCP-PEIXES,40575,Córrego ao Norte de Ribeirão Cascalheira.,Characidium sp.,-12.5972223282,-51.7819442749,19,04,2006
Brasil,Mato Grosso,Posto da Mata,MCP-PEIXES,40590,"Córrego Pium, ca 22 Km ao Sul de Posto da Mata, BR 158 entre Posto da Mata e Alô Brasil.",Characidium sp.,-11.8994445801,-51.6572227478,20,04,2006
Brasil,Mato Grosso,Confresa,MCP-PEIXES,40599,rio Paciguara ca 2 Km ao Norte de Confresa BR 158 entre Confresa e Vila Rica.,Characidium sp.,-10.6261111111,-51.5475,22,04,2006
Brasil,Mato Grosso,Ribeirão Cascalheira,MCP-PEIXES,40605,"Córrego Trinta, afluente rio Suiazinho, estrada BR 158 entre Alô Brasil e Ribeirão Cascalheira.",Characidium sp.,-12.2483333333,-51.7125,20,04,2006
Brasil,Mato Grosso,Vila Rica,MCP-PEIXES,40692,"rio Crisostomo na estrada BR 158, entre Vila Rica e Confresa.",Characidium sp.,-10.2425003052,-51.168888092,22,04,2006
Brasil,Mato Grosso,Porto Alegre do Norte,MCP-PEIXES,40709,"rio Piraguaçu ca 12 Km ao Sul de Porto Alegre do Norte, BR 158.",Characidium sp.,-10.9963884354,-51.6216659546,21,04,2006
Brasil,Mato Grosso,Vila Rica,MCP-PEIXES,40770,"rio Crisostomo na estrada BR 158, entre Vila Rica e Confresa.",Characidium sp.,-10.2425003052,-51.168888092,22,04,2006
Brasil,Rio Grande do Sul,Lavras do Sul,MCP-PEIXES,40837,Córrego tributário do arroio das Lavras a 2 km do entroncamento da cidade de Lavras do Sul em direção a Bagé.,Characidium orientale,-30.8338888889,-53.8977777778,31,07,2006
Brasil,Rio Grande do Sul,Nova Roma do Sul,MCP-PEIXES,41023,"Reservatório Lêntico, bacia do rio das Antas.",Characidium orientale,-29.0188888889,-51.4744444444,01,11,2005
Brasil,Paraná,Guaratuba,MCP-PEIXES,41257,"Rio Araraquara na estrada BR - 101, cerca de 6 km no Norte de Garuva.",Characidium sp.,-25.9655555556,-48.8286111111,01,02,2007
Brasil,Santa Catarina,Pirabeiraba,MCP-PEIXES,41284,"Arroio Lindo na SC - 301, cerca de 1000 m a W da BR - 101.",Characidium zebra,-26.1969444444,-48.9219444444,01,02,2007
Brasil,Goiás,Piranhas,MCP-PEIXES,41420,"Rio Piranhas, próximo à foz do Córrego das Pedras",Characidium zebra,-16.5341666667,-51.8327777778,24,07,2006
Colômbia,Cauca,Buenos Aires,MCP-PEIXES,41751,"Rio San Miguel, Via a Timba",Characidium sp.,0,0,19,09,1997
Colômbia,Depto del Valle,Municipio de Yotoco,MCP-PEIXES,41755,Rio Mediacanoa,Characidium phoxocephalum,0,0,13,11,1998
Brasil,Goiás,Piranhas,MCP-PEIXES,41842,"Rio Piranhas, próximo à foz do Córrego das Pedras",Characidium zebra,-16.5341666667,-51.8327777778,15,07,2007
Brasil,Paraná,Cândido de Abreu,MCP-PEIXES,41935,"Rio Nestor, tributário da margem direita do rio Ivaí",Characidium heirmostigmata,-24.4666666667,-50.9,22,11,1994
Brasil,Goiás,Montes Claros de Goiás,MCP-PEIXES,42020,"Córrego Roncador, nas drenagens afluentes da sub-bacia do rio Claro, drenagem do rio Araguaia",Characidium sp.,-16.0694444444,-51.3441666667,27,02,2007
Brasil,Espírito Santo,Muniz Freire,MCP-PEIXES,42068,"Rio Pardo, Usina Hidroelétrica de Muniz Freire (UHMF), bacia do rio Itapemirim",Characidium sp.,-20.7666666667,-41.6833333333,11,03,2000
Brasil,Espírito Santo,Santa Teresa,MCP-PEIXES,42070,"Cóorego Lombardia, Lombardia, bacia do rio Piraquê-Açú",Characidium sp.,-19.875,-40.5361111111,06,10,2003
Brasil,Espírito Santo,Santa Teresa,MCP-PEIXES,42095,Rio Lombardia em Nova Lombardia.,Characidium sp.,-19.8783333333,-40.5375,12,02,2001
Brasil,Espírito Santo,Iúna,MCP-PEIXES,42110,"Córrego Palmital, bacia do rio Itapemirim.",Characidium sp.,-20.35,-41.5166666667,14,01,2003
Brasil,Goiás,Montes Claros de Goiás,MCP-PEIXES,42219,"Córrego Salobrona, nas drenagens afluentes da sub-bacia do rio Claro, drenagem do rio Araguaia",Characidium sp.,-16.0411111111,-51.3719444444,05,06,2007
Brasil,Goiás,Montes Claros de Goiás,MCP-PEIXES,42227,"Córrego Salobrona, nas drenagens afluentes da sub-bacia do rio Claro, drenagem do rio Araguaia",Characidium sp.,-15.9941666667,-51.3766666667,05,06,2007
Brasil,Goiás,Montes Claros de Goiás,MCP-PEIXES,42232,"Córrego Olhos d´água, nas drenagens afluentes da sub-bacia do rio Claro, drenagem do rio Araguaia",Characidium sp.,-16.0725,-51.3297222222,05,06,2007
Brasil,Goiás,Montes Claros de Goiás,MCP-PEIXES,42256,"Córrego Salobrinha, nas drenagens afluentes da sub-bacia do rio Claro, drenagem do rio Araguaia",Characidium sp.,-16.0358333333,-51.4013888889,05,06,2007
Brasil,Goiás,Montes Claros de Goiás,MCP-PEIXES,42320,"Córrego Cachoeirinha, nas drenagens afluentes da sub-bacia do rio Claro, drenagem do rio Araguaia",Characidium sp.,-15.9836111111,-51.4075,27,02,2007
Brasil,Goiás,Montes Claros de Goiás,MCP-PEIXES,42329,"Córrego Varginha, nas drenagens afluentes da sub-bacia do rio Claro, drenagem do rio Araguaia",Characidium sp.,-15.9644444444,-51.3111111111,05,06,2007
Brasil,São Paulo,Iporanga,MCP-PEIXES,42438,"Rio Betari (ou afluente), na localidade de Bairro da Serra, entre Iporanga e Apiaí",Characidium pterostictum,-24.5625,-48.6683333333,06,01,2008
Brasil,São Paulo,Silveiras,MCP-PEIXES,42484,Riacho próximo a localidade de Bairro dos Macacos,Characidium sp.,-22.8083333333,-44.8361111111,08,01,2008
Brasil,Mato Grosso,Sapezal,MCP-PEIXES,42731,rio Papagaio,Characidium sp.,-13.6061111111,-58.4302777778,05,07,2007
Brasil,Amapá,Laranjal do Jari,MCP-PEIXES,42998,Córrego Santa Rosa,Characidium sp.,-0.595,-52.3258333333,10,01,2008
Brasil,Rio Grande do Sul,Bento Gonçalves,MCP-PEIXES,43078,UHE Castro Alves (jusante),Characidium orientale,-29.04,-51.5641666667,01,02,2008
Brasil,Pará,Itaituba,MCP-PEIXES,52961,rio Itapacurá (na cachoeira) entre Miritituba e Pimental,Characidium crandellii,-4.41325,-56.04925,23,10,2016
Brasil,Pará,Rurópolis,MCP-PEIXES,53391,Rio Leitoso,Characidium sp.,-4.0886944444,-54.8965,20,10,2016
Brasil,Pará,Belterra,MCP-PEIXES,53392,Igarapé do Onça na BR163 entre Belterra e Rurópolis,Characidium sp.,-3.5598055556,-54.8692222222,19,10,2016
Brasil,Pará,Rurópolis,MCP-PEIXES,53462,"Rio Santa Cruz em Ponte Grande, afl rio Cuparica 13Km Oeste de Rurópolis rod. transamazonica",Characidium zebra,-4.1202777778,-55.0038333333,21,10,2016
Brasil,Pará,Trairão,MCP-PEIXES,53479,Igarapé afl. do rio Taburari rod. BR-163 entre Tarirão e Caracol,Characidium zebra,-4.8940555556,-56.1788333333,22,10,2016
Brasil,Pará,Rurópolis,MCP-PEIXES,53480,Rio Leitoso,Characidium fasciatum,-4.0886944444,-54.8965,20,10,2016
Brasil,Pará,Uruará,MCP-PEIXES,53490,"Rio Tutuí, rod, transamazonica ca 20 km leste de Placas",Characidium sp.,-3.8593888889,-54.06125,21,10,2016
Brasil,Pará,Itaituba,MCP-PEIXES,53501,rio Itapacurá (na cachoeira) entre Miritituba e Pimental,Characidium sp.,-4.41325,-56.04925,23,10,2016
Brasil,Pará,Itaituba,MCP-PEIXES,53609,Igarapé Capitão na rod. transamazonica entre Comunidade 28 e Vila Rayol,Characidium sp.,-4.3786111111,-56.2758055556,24,10,2016
Brasil,Pará,Placas,MCP-PEIXES,53674,"Igarapé afl. do rio Curuá-Una, entre Rurópolis e Placas",Characidium sp.,-3.9311944444,-54.5955555556,20,10,2016
Brasil,Pará,Itaituba,MCP-PEIXES,53688,Igarapé Capitão na rod. transamazonica entre Comunidade 28 e Vila Rayol,Characidium sp.,-4.3786111111,-56.2758055556,24,10,2016
Brasil,Rio Grande do Sul,Três Cachoeiras,MCP-PEIXES,53875,"Rio do Terra ca 4,5Km SW da estr RS-494",Characidium pterostictum,-29.4486111111,-49.9613888889,19,07,2018
Brasil,Santa Catarina,Praia Grande,MCP-PEIXES,53898,Arroio na localidade de Vila Rosa,Characidium pterostictum,-29.1805555556,-49.9708333333,19,07,2018
Brasil,Santa Catarina,Ermo,MCP-PEIXES,53907,"Rio Itoupava ca de 4Km a leste de Ermo, estr. SC-108 em direção a Jacinto Machado",Characidium pterostictum,-28.9791666667,-49.6736111111,18,07,2018
Brasil,Rio Grande do Sul,Morrinhos do Sul,MCP-PEIXES,54023,Rio do Mengue entre Pixirica e Morro do Forno,Characidium pterostictum,-29.3086111111,-49.9508333333,19,08,2018
Brasil,Rio Grande do Sul,Maquiné,MCP-PEIXES,54059,"Rio Maquiné, balneário da cidade",Characidium pterostictum,-29.6519444444,-50.2086111111,18,08,2018
Brasil,Rio Grande do Sul,Camaquã,MCP-PEIXES,54118,"Arroio Maria Ulghim, jusante, rio Camaquã",Characidium pterostictum,-30.8025,-51.8191666667,30,04,2000
Brasil,Rio Grande do Sul,Camaquã,MCP-PEIXES,54121,"Arroio Maria Ulghim, jusante, rio Camaquã",Characidium tenue,-30.8025,-51.8191666667,30,04,2000
Brasil,Mato Grosso,Itiquira,MCP-PEIXES,54162,"Rio Comprido, afluente do rio Correntes",Characidium chicoi,-17.5345555556,-54.4274722222,12,02,2019
Brasil,Piauí,NA,MCP-PEIXES,54307,Rio Uruçui Vermelho,Characidium sp.,-9.6372527778,-45.6047722222,20,12,2019
Brasil,Goiás,Alto Paraiso de Goias,MCP-PEIXES,54327,"União do Córrego Segredo com Ribeirão São Miguel, praia de Jatoba",Characidium sp.,-14.2464222222,-47.8924361111,17,12,2019
Brasil,Goiás,Alto Paraíso de Gioás,MCP-PEIXES,54346,"Ribeirão das Cobras, estr. GO-239, ca 12,5Km W de Alto Paraiso Goias",Characidium sp.,-14.1613888889,-47.6325,16,12,2019
Brasil,Goiás,Alto Paraiso de Goias,MCP-PEIXES,54404,"Ribeirão São Miguel, praia de Jatoba",Characidium sp.,-14.2459638889,-47.8951805556,17,12,2019
Brasil,Santa Catarina,Jacinto Machado,MCP-PEIXES,55086,"Sanga do Areal, acima da represa",Characidium pterostictum,-29.0727777778,-49.8761111111,27,12,2023
Brasil,Santa Catarina,Timbé do Sul,MCP-PEIXES,55116,"Arroio afluente do Rio itoupava, próximo a Suculentas da Graci",Characidium pterostictum,-28.7883333333,-49.7788888889,07,01,2024
Brasil,Santa Catarina,Grão Pará,MCP-PEIXES,55163,Rio Fortuna ao N do arroio dos Porcos,Characidium pterostictum,-28.0502777778,-49.315,08,01,2024
Brasil,Santa Catarina,Abelardo Luz,MCP-PEIXES,55188,Riacho tributário do médio rio Chapecó,Characidium travassosi,-26.5386111111,-52.4213888889,20,12,2023
Brasil,Santa Catarina,Araquari,MCP-PEIXES,55194,"Áreas alagadas do baixo rio Itapocu, confl.c/rio Piraí, localidade de Rainha",Characidium sp.,-26.5472638889,-48.7048888889,02,02,2024
Brasil,Santa Catarina,canelinha,MCP-PEIXES,55223,Afluente do rio Tijucas,Characidium occidentale,-27.2894444444,-48.795,18,12,2023
Brasil,Santa Catarina,São João Batista,MCP-PEIXES,55229,Arroio afl do rio Tijucas estr. da Cascata dos Fernandes,Characidium pterostictum,-27.3237138889,-48.8464388889,18,12,2023
Brasil,Paraná,Jaguariaiva,MCP-PEIXES,55264,"Riacho tributpario do rio Jaguaricatu, bacia di rio Itararé",Characidium itarare,-24.4927777778,-49.4983333333,19,07,2018
Brasil,Rio Grande do Sul,Rio Pardo,MCP-PEIXES,55364,"Cacimba na drenagem do arroio Francisquinho, localidade Passo do Adão, bacia do rio Jacui",Characidium tenue,-30.1461388889,-52.1946055556,19,11,2024
Brasil,Santa Catarina,Major Gercino,MCP-PEIXES,55392,Rio Tijucas,Characidium pterostictum,-27.4327777778,-48.9675,12,09,2024
Brasil,Rio Grande do Sul,Santana do Livramento,MCP-PEIXES,55585,Arroio Sarandi IV na estrada S. Livramento para Quaraí,Characidium pterostictum,-30.5566666667,-56.1044444444,21,03,2025
Brasil,Rio Grande do Sul,Dom Pedrito,MCP-PEIXES,55587,"Balneário de Dom Pedrito, abaixo da barragem",Characidium pterostictum,-30.9897222222,-54.6908333333,21,03,2025
Brasil,Rio Grande do Sul,Condor,MCP-PEIXES,55642,"Riacho afl do arroio Alegre, propriedade de Guido Wemfland",Characidium sp.,-28.17375,-53.43375,23,03,2025
Brasil,Santa Catarina,Paulo Lopes,MCP-PEIXES,55854,"Alto rio rio Maciambu, local. de Maciambu",Characidium sp.,-27.8221694444,-48.6531833333,18,08,2025
Brasil,Santa Catarina,Barra Velha,MCP-PEIXES,55883,Córrego afl. rio Itajuba,Characidium sp.,-26.6881888889,-48.7035583333,19,08,2025
Brasil,Santa Catarina,Barra Velha,MCP-PEIXES,55887,Córrego afl. rio Itajuba,Characidium sp.,-26.6881888889,-48.7035583333,19,08,2025
Brasil,Roraima,Pacaraima,MCP-PEIXES,55947,Rio Miang tributário rio Surumu,Characidium sp.,4.4911416667,-61.0821472222,25,11,2025
Brasil,Minas Gerais,Itajubá,MCP-PEIXES,55963,"Partae baicxa do rio do Salto conflu. c/ o rio Agua Limpa, drenag. rio Sapucai",Characidium sp.,-22.4673,-45.36065,31,10,2023
Brasil,Santa Catarina,Paulo Lopes,MCP-PEIXES,55973,Confluencia de riacho com o rio Cova Triste localidade de Ambrósio,Characidium sp.,-28.0499472222,-48.7187972222,03,09,2025
Brasil,Santa Catarina,Palhoça,MCP-PEIXES,55979,"Riacho trib rio Cubatão Sul, localidade Guarda do Cubatão",Characidium sp.,-27.7066194444,-48.6918305556,30,09,2025
Brasil,Paraná,Pinhão,MCP-PEIXES,55985,"Afluente do rio Pinhão, bacia rio Jordão",Characidium sp.,-25.7719166667,-51.6103972222,26,10,2025
Brasil,Paraná,Palmerinha,MCP-PEIXES,56007,"Aflu. rio Coutinho, baci do rio Jordão, estrada Palmerinha-Campina do Simão",Characidium travassosi,-25.216525,-51.5989527778,20,10,2025
Brasil,Santa Catarina,Paulo Lopes,MCP-PEIXES,56017,"Alto rio Paulo Lopes, trib rio da Madre",Characidium sp.,-27.9507388889,-48.7398888889,03,10,2025
Brasil,Rio Grande do Sul,Triunfo,MCP-PEIXES,8333,"Varzea do rio Caí, na estrada Tabaí / Canoas km 427 (sist. Lagoa dos Patos).",Characidium sp.,-29.8833332062,-51.3666648865,09,07,1986
Brasil,Rio Grande do Sul,Barra do Ribeiro,MCP-PEIXES,8427,"Açude dos Garcia, junto a estrada BR 116, km 56.",Characidium sp.,-30.3833332062,-51.4333343506,18,06,1985
Brasil,Rio Grande do Sul,Cachoeira do Sul,MCP-PEIXES,8604,unspecified,Characidium sp.,-30.0333328247,-52.9000015259,27,04,1978
Brasil,Rio Grande do Sul,São Francisco de Assis,MCP-PEIXES,9320,Rio Jaguari,Characidium pterostictum,-29.6333332062,-54.8499984741,15,09,1983
Brasil,Rio Grande do Sul,Cacequi,MCP-PEIXES,9350,Rio Saicã,Characidium tenue,-29.8833332062,-55.0333328247,13,09,1983
Brasil,Rio Grande do Sul,Santa Maria,MCP-PEIXES,9429,Poças do rio Vacacaí,Characidium sp.,-29.6833324432,-53.8333320618,12,09,1983
Brasil,Rio Grande do Sul,Rio Pardo,MCP-PEIXES,9525,"Arroio Francisquinho na estrada BR 290, divisa de Butiá e Rio Pardo",Characidium sp.,-30.1700000763,-52.1483345032,24,10,1982
Brasil,Rio Grande do Sul,Bagé,MCP-PEIXES,9545,"Arroio Valente na estrada BR 153, entre Bagé e Aceguá.",Characidium sp.,-31.4666671753,-54.1333351135,25,10,1982
Brasil,Rio Grande do Sul,Pantano Grande,MCP-PEIXES,9578,"Arroio Dom Marcos, ponte na BR 290.",Characidium sp.,-30.2255554199,-52.6191673279,24,10,1982
Brasil,Rio Grande do Sul,Panambi,MCP-PEIXES,9615,"Riacho Raíz Mana em Condor, na estrada Palmeira da Missões - Panambi.",Characidium sp.,-28.2166671753,-53.4833335876,30,09,1982
Brasil,Rio Grande do Sul,Cruzeiro do Sul,MCP-PEIXES,9851,Arroio Sampaio.,Characidium pterostictum,-29.4833335876,-52.1333351135,18,11,1983
Brasil,Rio Grande do Sul,Terra de Areia,MCP-PEIXES,10110,Rio Maquiné junto à foz na lagoa dos Quadros,Characidium sp.,-29.7333335876,-50.1500015259,17,07,1984
Brasil,Rio Grande do Sul,Itaqui,MCP-PEIXES,10154,Foz do rio Ibicuí no rio Uruguai.,Characidium sp.,-29.4166660309,-56.7833328247,19,11,1984
Brasil,Rio Grande do Sul,Ijuí,MCP-PEIXES,10155,"Arroio afluente do rio Ijuí, na estrada São Luiz Gonzaga / Ijuí.",Characidium sp.,-28.3833332062,-53.9166679382,19,11,1984
Uruguai,San José,NA,MCP-PEIXES,10348,Sierra Mahoma,Characidium sp.,-34.5,-56.6666679382,11,12,1982
Brasil,Rio Grande do Sul,Uruguaiana,MCP-PEIXES,10361,Sanga entre a barragem do Campus da PUCRS e a BR 472 (drenagem do rio Uruguai).,Characidium sp.,-29.7666664124,-57.0999984741,14,02,1985
Brasil,Rio Grande do Sul,Triunfo,MCP-PEIXES,10422,"Arroio na área do SITEL, III Pólo Petroquímico (drenagem do rio Caí -> rio Jacuí).",Characidium rachovii,-29.8333339691,-51.3833351135,07,05,1985
Brasil,Rio Grande do Sul,Triunfo,MCP-PEIXES,10424,"Arroio na área do SITEL, III Pólo Petroquímico (drenagem do rio Caí -> rio Jacuí).",Characidium sp.,-29.8333339691,-51.3833351135,07,05,1985
Brasil,Rio Grande do Sul,Uruguaiana,MCP-PEIXES,10563,Brarragem Santana Velha,Characidium tenue,-29.7666664124,-57.0999984741,16,10,1985
Brasil,Santa Catarina,Joinville,MCP-PEIXES,10715,Rio Canela,Characidium sp.,-26.2999992371,-48.8499984741,13,03,1985
Brasil,Rio Grande do Sul,Maquiné,MCP-PEIXES,10759,"Arroio Agua Parada em Maquiné, (drenagem do sistema costeiro do Sul)",Characidium sp.,-29.675,-50.1991666667,25,05,1986
Brasil,Rio Grande do Sul,Maquiné,MCP-PEIXES,10760,"Arroio Agua Parada em Maquiné, (drenagem do sistema costeiro do Sul)",Characidium pterostictum,-29.675,-50.1991666667,25,05,1986
Brasil,Rio Grande do Sul,Três Forquilhas,MCP-PEIXES,10813,"Rio Três Forquilhas, Porto Alágio (drenagem do sistema costeiro do Sul)",Characidium pterostictum,-29.5333333333,-50.0666666667,25,05,1986
Brasil,Rio Grande do Sul,Santana do Livramento,MCP-PEIXES,10922,"Afluente do rio Ibicuí da Faxina, estrada Santana do Livra mento/Rosário do Sul, à 500 m. do entroncamento para Bagé.",Characidium sp.,-30.7833328247,-55.2000007629,20,07,1986
Brasil,Rio Grande do Sul,Jaguarão,MCP-PEIXES,11308,Rio Jaguarão na prainha próximo a foz do rio Telho (sistema leste do Rio Grande do Sul).,Characidium tenue,-32.5166664124,-53.4500007629,07,01,1987
Brasil,Rio Grande do Sul,Encruzilhada do Sul,MCP-PEIXES,11322,Arroio dos Ladrões (drenagem do rio Camaquã -> sistema leste do Rio Grande do Sul),Characidium tenue,-30.6833324432,-52.3333320618,05,05,1987
Brasil,Rio Grande do Sul,Quaraí,MCP-PEIXES,11368,"Arroio Quaraí-Mirim, estrada Quaraí - Alegrete (drenagem do rio Uruguai)",Characidium rachovii,-30.2999992371,-56.3166656494,12,11,1986
Brasil,Rio Grande do Sul,Alegrete,MCP-PEIXES,11378,Sanga na estrada Santana do Livramento/Alegrete.,Characidium rachovii,-29.7833328247,-55.7999992371,13,11,1986
Brasil,Rio Grande do Sul,Quaraí,MCP-PEIXES,11383,"Arroio Quaraí-Mirim, estrada Quaraí - Alegrete (drenagem do rio Uruguai)",Characidium sp.,-30.2999992371,-56.3166656494,12,11,1986
Brasil,Rio Grande do Sul,Alegrete,MCP-PEIXES,11398,Sanga do Leal (drenagem do rio Ibirapuitã -> Uruguai),Characidium rachovii,-30.1833324432,-55.5333328247,11,11,1986
Brasil,Rio Grande do Sul,Quaraí,MCP-PEIXES,11405,"Arroio Garupa, divisa Quarai /Uruguaiana (sistema do rio Uruguai)",Characidium sp.,-30.0666666667,-56.2333333333,11,11,1986
Brasil,Rio Grande do Sul,Arroio Grande,MCP-PEIXES,11408,"Arroio Xasqueiro, na estrada BR-116 entre Pelotas e Arroio Grande (sistema leste do Rio Grande do Sul)",Characidium orientale,-32.1500015259,-53.0333328247,09,01,1987
Brasil,Rio Grande do Sul,Bagé,MCP-PEIXES,11573,"Rio Negro, na ponte da estrada de Bagé para Aceguá (BR293)",Characidium pterostictum,-31.3500003815,-54.0499992371,25,10,1982
Uruguai,Cerro Largo,Arreria,MCP-PEIXES,11575,Lagoa a 10 m do rio Negro.,Characidium pterostictum,-31.8333339691,-54.4666671753,19,05,1984
Brasil,Rio Grande do Sul,Arroio Grande,MCP-PEIXES,11905,"Arroio Xasqueiro, na estrada BR-116 entre Pelotas e Arroio Grande (sistema leste do Rio Grande do Sul)",Characidium tenue,-32.1500015259,-53.0333328247,09,01,1987
Brasil,Rio Grande do Sul,Pantano Grande,MCP-PEIXES,11906,Arroio Capivarí na estrada BR 290.,Characidium tenue,-30.1691665649,-52.2922210693,24,10,1982
Brasil,Rio Grande do Sul,São Pedro do Sul,MCP-PEIXES,11907,Sanga na beira da estrada BR-453.,Characidium occidentale,-29.6333333333,-54.1833333333,13,09,1983
Brasil,Rio Grande do Sul,Bagé,MCP-PEIXES,11956,"Arroio Valente na estrada BR 153, entre Bagé e Aceguá.",Characidium rachovii,-31.4666671753,-54.1333351135,25,10,1982
Brasil,Rio Grande do Sul,Cacequi,MCP-PEIXES,11958,Rio Saicã,Characidium sp.,-29.8833332062,-55.0333328247,13,09,1983
Brasil,Paraná,Morretes,MCP-PEIXES,12171,"Rio São João, ponte na estrada para a Serra da Graciosa (afl. do rio Nhundiaquara, sistema costeiro do sul)",Characidium pterostictum,-25.3999996185,-48.9000015259,26,07,1988
Brasil,São Paulo,São José dos Campos,MCP-PEIXES,12224,"Pocas laterais ao rio Buquira, km 11 da estrada SP-050, em direção a Monteiro Lobato (sist. rio Paraíba do Sul).",Characidium lagosantense,-23.0499992371,-45.7333335876,28,07,1988
Brasil,São Paulo,São José dos Campos,MCP-PEIXES,12235,"Rio Buquira, na estrada SP 050, cerca de 10 km de São José dos Campos (sistema do Paraíba do Sul->costeiro do sudeste)",Characidium sp.,-23.1166667938,-45.9166679382,28,07,1988
Brasil,São Paulo,São José dos Campos,MCP-PEIXES,12246,"Pocas laterais ao rio Buquira, km 11 da estrada SP-050, em direção a Monteiro Lobato (sist. rio Paraíba do Sul).",Characidium pterostictum,-23.0499992371,-45.7333335876,28,07,1988
Brasil,Santa Catarina,Concórdia,MCP-PEIXES,12272,Rio do Peixe em Volta Grande (sistema do rio Uruguai),Characidium sp.,-27.4666671753,-51.8833351135,18,08,1988
Brasil,Santa Catarina,Concórdia,MCP-PEIXES,12488,Rio Jacutinga na estrada Seara / Concórdia (BR-283) (sistema do rio Uruguai).,Characidium serrano,-27.1666660309,-52.1500015259,02,10,1988
Brasil,Rio Grande do Sul,São Nicolau,MCP-PEIXES,12534,"Arroio Canoin, estrada Pirapó / São Nicolau.",Characidium occidentale,-28.1333332062,-55.2333335876,02,11,1988
Brasil,Rio Grande do Sul,São Nicolau,MCP-PEIXES,12699,"Arroio Passo do Alto, próximo a localidade de Mineiral.",Characidium tenue,-28.1833324432,-55.2666664124,05,11,1988
Brasil,Rio Grande do Sul,Santo Antônio das Missões,MCP-PEIXES,12716,"Arroio Passo do Rosário ou Passo da Cancela, estrada São Nicolau/Garruchos.",Characidium pterostictum,-28.2166671753,-55.5,03,11,1988
Brasil,Santa Catarina,Abdon Batista,MCP-PEIXES,12890,"Rio Canoas, estrada Anita Garibaldi/Abdon Batista (afluente do rio Uruguai)",Characidium sp.,-27.6499996185,-51.0666656494,22,01,1989
Brasil,Espírito Santo,Iúna,MCP-PEIXES,34364,"Córrego Palmital, bacia do rio Itapemirim.",Characidium sp.,-20.35,-41.5166666667,14,01,2003
Brasil,Espírito Santo,Mimoso do Sul,MCP-PEIXES,34377,"Córrego Boa Vista, bacia do rio Itabapoana.",Characidium sp.,-21.0666675568,-41.3666648865,03,12,2002
Brasil,Minas Gerais,Iguatama,MCP-PEIXES,34620,"Córrego Desterro, sistema do rio São Francisco.",Characidium fasciatum,-20.1891666667,-45.7516666667,27,09,2003
Brasil,Minas Gerais,Iguatama,MCP-PEIXES,34645,"Córrego Mombaça, afluente do rio São Francisco.",Characidium sp.,-20.1483325958,-45.7427787781,26,09,2003
Brasil,Minas Gerais,Perdões,MCP-PEIXES,34696,"Ribeirão Coelhos, alto rio Grande, bacia do rio Paraná.",Characidium sp.,-21.1263885498,-45.0227775574,29,11,2000
Brasil,Minas Gerais,São João do Paraíso,MCP-PEIXES,34706,"Ribeirão São João do Paraíso, bacia do rio Pardo.",Characidium sp.,-15.3166666667,-42.0333333333,23,06,2000
Brasil,Rio Grande do Sul,Pedro Osório,MCP-PEIXES,34735,"Sanga na estrada Pedro Osório-Basílio, entre os arroio Reduzindo e Mata Olho.",Characidium orientale,-31.921667099,-52.9616661072,15,11,2003
Brasil,Rio Grande do Sul,Herval,MCP-PEIXES,34792,"Arroio Arambaré, na estrada de Pedro Osório para Herval.",Characidium orientale,-31.9769444444,-53.1041666667,15,11,2003
Brasil,Rio Grande do Sul,São Jerônimo,MCP-PEIXES,34804,"Arroio Quitéria, ponte na estrada Butiá/Dom Feliciano (afluente do arroio dos Ratos)",Characidium pterostictum,-30.4147224426,-52.0727767944,02,12,2003
Brasil,Rio Grande do Sul,Roque Gonzales,MCP-PEIXES,34906,"Arroio Cinamomo, afluente do rio Ijuí.",Characidium pterostictum,-28.1113888889,-55.0047222222,29,02,2004
Brasil,Rio Grande do Sul,Salvador das Missões,MCP-PEIXES,34953,"Arroio Alexandrino, afluente do rio Ijuí (margem direita).",Characidium pterostictum,-28.1736106873,-54.8013877869,29,02,2004
Brasil,Rio Grande do Sul,Roque Gonzales,MCP-PEIXES,34972,"Arroio Portão, afluente do rio Ijuí.",Characidium pterostictum,-28.1058330536,-54.9758338928,29,02,2004
Brasil,Rio Grande do Sul,Cerro Largo,MCP-PEIXES,34994,"Arroio Encantado em direção a BR392, afluente do rio Ijuí (margem direita).",Characidium pterostictum,-28.1422222222,-54.7075,29,02,2004
Brasil,Rio Grande do Sul,Bagé,MCP-PEIXES,35129,"Arroio Quebramchinho (afluente do rio Negro), a ca. de 10 km a sudeste de Bagé.",Characidium rachovii,-31.3138888889,-54.0122222222,23,04,2004
Brasil,Rio Grande do Sul,Bagé,MCP-PEIXES,35145,"Arroio Santa Tecla (afluente do rio Negro), próximo à vila San Martin, na estrada BR-293.",Characidium pterostictum,-31.2672222222,-54.1316666667,24,04,2004
Brasil,Rio Grande do Sul,Quaraí,MCP-PEIXES,35153,"Arroio Mata-olho (afluente do rio Quaraí), na estrada de Livramento para Quaraí.",Characidium tenue,-30.5363888889,-56.1411111111,24,04,2004
Brasil,Rio Grande do Sul,Quaraí,MCP-PEIXES,35155,"Arroi (afluente do rio Quaraí) na estrada de Quaraí para Estaçao Férrea Baltazar Brum, a ca. de 5 Km a NE de Quaraí.",Characidium tenue,-30.3430555556,-56.4188888889,25,04,2004
Brasil,Rio Grande do Sul,Quaraí,MCP-PEIXES,35219,"Arroio Quaraí-Mirim, na estrada de Quaraí para Estaçao Férrea Baltazar Brum, a ca. de 20 Km a NE de Quaraí.",Characidium rachovii,-30.2438888889,-56.3063888889,25,04,2004
Brasil,Rio Grande do Sul,Quaraí,MCP-PEIXES,35240,"Arroio Garupá (afluente do rio Quaraí), na estrada de Quaraí para Harmonia, a ca. de 33 Km a NE de Quaraí.",Characidium sp.,-30.1625,-56.2355555556,25,04,2004
Brasil,Rio Grande do Sul,Dezeseis de Novembro,MCP-PEIXES,35311,"Lageado Araçá, afluente do rio Ijuí (margem esquerda).",Characidium pterostictum,-28.2063884735,-54.9494438171,13,06,2004
Brasil,Rio Grande do Sul,Dezeseis de Novembro,MCP-PEIXES,35357,"Arroio Limoeiro, afluente do rio Ijuí (margem direita).",Characidium pterostictum,-28.1947222222,-55.0205555556,12,06,2004
Brasil,Rio Grande do Sul,Roque Gonzales,MCP-PEIXES,35363,"Arroio Portão, afluente do rio Ijuí.",Characidium pterostictum,-28.1058330536,-54.9758338928,12,06,2004
Brasil,Rio Grande do Sul,Rolador,MCP-PEIXES,35367,"Arroio Brum (Lageado), afluente do rio Ijuí (margem direita).",Characidium pterostictum,-28.1861111111,-54.8266666667,12,06,2004
Brasil,Paraná,Antonina,MCP-PEIXES,35588,"Rio Curitibaiba, afluente do rio Xaxim, na PR 340.",Characidium sp.,-25.384721756,-48.7830543518,23,09,2002
Brasil,Minas Gerais,Francisco Dumont,MCP-PEIXES,36681,"Córrego Diamante, na estrada que vai de Buriti Grande a BR-135.",Characidium fasciatum,-17.431388855,-44.1213874817,11,10,2004
Brasil,Minas Gerais,Francisco Dumont,MCP-PEIXES,36683,"Córrego Sumidouro, ca. de 6 Km a W de Francisco Dumont, na estrada para Jequitaí.",Characidium fasciatum,-17.3197222222,-44.2875,11,10,2004
Brasil,Bahia,Alcobaça,MCP-PEIXES,36725,"Córrego afluente do rio Itanhentinga, na localidade de Arraial Pouso Alegre.",Characidium sp.,-17.4088897705,-39.6102790833,30,11,2004
Brasil,Bahia,Caravelas,MCP-PEIXES,36750,Córrego afluente do rio da Fazenda (afluente do rio Peruípe).,Characidium sp.,-17.5963897705,-39.649723053,30,11,2004
Brasil,Bahia,Camacã,MCP-PEIXES,36762,Rio Panelão.,Characidium sp.,-15.4213888889,-39.5205555556,27,11,2004
Brasil,Bahia,Itabuna,MCP-PEIXES,36781,"Córrego Grande, afluente do rio Cachoeira.",Characidium sp.,-14.8847222222,-39.3288888889,25,11,2004
Brasil,Minas Gerais,Francisco Dumont,MCP-PEIXES,36859,"Córrego Diamante, na estrada que vai de Buriti Grande a BR-135.",Characidium zebra,-17.431388855,-44.1213874817,11,10,2004
Brasil,Bahia,Ibirataia,MCP-PEIXES,36933,Arroio afluente do rio Água Branca.,Characidium sp.,-13.9852781296,-39.6572227478,12,10,2004
Brasil,Bahia,Itajuípe,MCP-PEIXES,36940,"Rio Almada, junto a estrada BA-262.",Characidium sp.,-14.6774997711,-39.3980560303,10,10,2004
Brasil,Rio Grande do Sul,Salvador das Missões,MCP-PEIXES,37011,"Arroio Pobre, na estrda para Cerro Largo, afluente do rio Ijuí (margem direita).",Characidium pterostictum,-28.1208324432,-54.8491668701,31,10,2004
Brasil,Rio Grande do Sul,Dezeseis de Novembro,MCP-PEIXES,37051,"Lageado Araçá, afluente do rio Ijuí (margem esquerda).",Characidium pterostictum,-28.2063888889,-54.9494444444,01,11,2004
Brasil,Rio Grande do Sul,Roque Gonzales,MCP-PEIXES,37069,"Arroio Portão, afluente do rio Ijuí.",Characidium pterostictum,-28.1058333333,-54.9758333333,31,10,2004
Brasil,Rio Grande do Sul,Cerro Largo,MCP-PEIXES,37082,"Arroio Brum (Lageado), afluente do rio Ijuí (margem direita).",Characidium tenue,-28.1861111111,-54.8266666667,01,11,2004
Brasil,Minas Gerais,Padre Paraíso,MCP-PEIXES,37091,"Rio São João (afl. do rio Jequitinhonha), na BR-116 entre Padre Paraíso e Itaobim, ca. de 119 Km ao N de Jeofilo Otoni.",Characidium sp.,-16.935,-41.4627777778,10,10,2004
Brasil,Minas Gerais,Francisco Dumont,MCP-PEIXES,37092,Rio Guavinipã na estrada entre Engenheiro Navarro e Francisco Dumont.,Characidium zebra,-17.2766666667,-44.1363888889,11,10,2004
Brasil,Minas Gerais,Flor de MInas,MCP-PEIXES,37095,"Rio São João (afl. do rio Jequitinhonha) em Flor de Minas, ca. de 12 Km ao S do rio Jequitinhonha, na BR-116.",Characidium sp.,-16.6580562592,-41.500831604,10,10,2004
Brasil,Minas Gerais,Barbacena,MCP-PEIXES,37096,"Córrego do Sapateiro (afluente do rio das Mortes), junto à BR-040.",Characidium sp.,-21.2800006866,-43.6419448853,08,10,2004
Brasil,Minas Gerais,Correio de Almeida,MCP-PEIXES,37097,Córrego do Sapateiro ao lado da estrada BR-040 em Correio de Almeida.,Characidium sp.,-21.2977777778,-43.6272222222,08,10,2004
Brasil,Rio Grande do Sul,Roque Gonzales,MCP-PEIXES,37222,"Arroio Cinamomo, afluente do rio Ijuí.",Characidium occidentale,-28.1113891602,-55.0047225952,12,01,2005
Brasil,Rio Grande do Sul,Cerro Largo,MCP-PEIXES,37239,"Arroio Encantado em direção a BR392, afluente do rio Ijuí (margem direita).",Characidium pterostictum,-28.1422222222,-54.7075,13,01,2005
Brasil,Rio Grande do Norte,Taipu,MCP-PEIXES,43322,Rio Ceará Mirim.,Characidium bimaculatum,-5.6166667938,-35.6166648865,13,01,2001
Brasil,Amapá,Laranjal do Jari,MCP-PEIXES,43421,Rio Santo Antônio,Characidium sp.,-0.5105555556,-52.1730555556,16,07,2008
Brasil,Amapá,Laranjal do Jari,MCP-PEIXES,43427,Córrego Boeiro,Characidium sp.,-0.4730555556,-52.1455555556,16,07,2008
Brasil,Goiás,Piranhas,MCP-PEIXES,43715,"Rio Piranhas, próximo á foz do rio São Domingos",Characidium zebra,-16.5516666667,-51.8311111111,10,07,2008
Brasil,Minas Gerais,São Sebastião do Oeste,MCP-PEIXES,43798,Lagoa Marginal do rio Boa Vista,Characidium sp.,-20.2338888889,-44.9163888889,01,02,2007
Brasil,Rio Grande do Sul,Lavras do Sul,MCP-PEIXES,43916,"Arroio Jaguari, aflluente do rio Santa Maria",Characidium sp.,-30.8202777778,-54.2991666667,15,04,2009
Brasil,Rio Grande do Sul,Bom Jesus,MCP-PEIXES,43970,"Arroio Governador, bacia do rio da Antas",Characidium orientale,-28.7397222222,-50.6783333333,19,12,2008
Brasil,Rio de Janeiro,Japeri,MCP-PEIXES,44187,"Rio São Pedro em Jaceruba, afluente do rio Guandu (fora da REBIO Tinguá)",Characidium sp.,-22.6091666667,-43.5688888889,03,04,2003
Brasil,Mato Grosso,Diamantino,MCP-PEIXES,44427,Córrego a 1Km ao Norte da cidade de Diamantino,Characidium zebra,-14.4010277778,-56.4489444444,26,01,2009
Brasil,Mato Grosso,Nova Mutum,MCP-PEIXES,44440,"Rio Criquiri, aprox. 8Km de Nova Mutum",Characidium sp.,-13.8030555556,-56.1563888889,24,01,2009
Brasil,Mato Grosso,Nova Mutum,MCP-PEIXES,44459,"Córrego Ranchão na MT-235, entre N.Mutum e Santa Rita do Trivelato",Characidium sp.,-13.7430555556,-55.8355555556,24,01,2009
Brasil,Mato Grosso,Nova Mutum,MCP-PEIXES,44485,Ribeirão na estrada MT-235 entre Nova Mutum e Santa Rita do Trivelato,Characidium sp.,-13.8152777778,-56.0441666667,24,01,2009
Brasil,Minas Gerais,Serro,MCP-PEIXES,44914,Arroio entre Alvorada de Minas e Serro (provável tributário do rio Santo Antonio),Characidium sp.,-18.7358333333,-43.4286111111,19,01,2010
Brasil,Espírito Santo,Muniz Freire,MCP-PEIXES,44917,Rio Guarani estrada entre BR 262 e Muniz Freire. afluente do rio Itapemirin,Characidium sp.,-20.2783333333,-41.3705555556,24,01,2010
Brasil,Espírito Santo,Montanha,MCP-PEIXES,44945,"Rio Itauna Pequena, estrada ES 130 entre Nanuque e Montana",Characidium sp.,-18.0072222222,-40.3972222222,22,01,2010
Brasil,Minas Gerais,Serro,MCP-PEIXES,44960,"Nascente do rio Jequitinhonha, estrada Serro-Pedro Lessa",Characidium sp.,-18.5722222222,-43.4930555556,19,01,2010
Brasil,Minas Gerais,Alvorada de Minas,MCP-PEIXES,44973,"Arroio Sete Passos, estrada Conceição do Mato Dentro e Alvorada de MInas",Characidium sp.,-18.8611111111,-43.3991666667,19,01,2010
Brasil,São Paulo,Pindamonhangaba,MCP-PEIXES,45113,"Riacho Canjarana, prximo a fezenda Nova Gokula",Characidium sp.,-22.7736111111,-45.4594444444,10,04,2010
Brasil,São Paulo,Pindamonhangaba,MCP-PEIXES,45123,Córrego tributário do Ribeirão Grande na Fazenda São Sebastião do Riberirão Grande,Characidium sp.,-22.785,-45.4555555556,10,04,2010
Brasil,Minas Gerais,Augusto de Lima,MCP-PEIXES,45144,"Rio Curimataí, drenagem do rio das Velhas",Characidium sp.,-17.9925,-44.18,09,12,2009
Brasil,Minas Gerais,Augusto de Lima,MCP-PEIXES,45158,"Rio Curimataí, drenagem do rio das Velhas",Characidium sp.,-17.9925,-44.18,09,12,2009
Brasil,Minas Gerais,Augusto de Lima,MCP-PEIXES,45215,"Rio Curimataí, sistema do rio das Velhas",Characidium sp.,-17.9925,-44.18,24,05,2009
Brasil,Goiás,São Miguel do Araguaia,MCP-PEIXES,45573,"Córrego Formiga, bacia do Araguaia",Characidium zebra,-13.0447222222,-50.3733333333,17,07,2008
Brasil,Rio Grande do Sul,Pelotas,MCP-PEIXES,45818,Arroio Corrientes,Characidium tenue,-31.5627777778,-52.1058333333,20,08,2007
Brasil,Rio Grande do Sul,Pelotas,MCP-PEIXES,45822,Arroio Corrientes,Characidium rachovii,-31.5627777778,-52.1058333333,20,08,2007
Brasil,Rio Grande do Sul,Cerro Largo,MCP-PEIXES,45887,"Rio Ijui, junto a barragem de passo São José",Characidium pterostictum,-28.1772222222,-54.8155555556,09,11,2010
Brasil,Mato Grosso do Sul,Novo Horizonte do Sul,MCP-PEIXES,45921,"Ponte sobre o rio Guiraí, afluente do rio Ivinhema, proximo a Novo Horizonte do Sul",Characidium zebra,-22.6399722222,-54.0070277778,16,12,2010
Brasil,Mato Grosso do Sul,Taquarussu,MCP-PEIXES,45952,"Córrego Baile (ponte), estrada vicinal entre Taquarussu e Nova Andradina",Characidium sp.,-22.3517777778,-53.3412222222,16,12,2010
Brasil,Mato Grosso do Sul,Jardim,MCP-PEIXES,45957,"Córrego na estrada entre a BR267 e o balneário rio da Prata, alfluente do rio Miranda",Characidium zebra,-21.3875,-56.4555555556,18,12,2010
Brasil,Paraná,Foz do Iguaçu,MCP-PEIXES,45962,Canal da pirecema da UHE Itaipu,Characidium sp.,-25.4347222222,-54.5783333333,01,11,2010
Brasil,Rio Grande do Sul,Cerro Largo,MCP-PEIXES,45977,"Rio Ijui, resgate na barragem UHE São José",Characidium sp.,-28.1772222222,-54.8155555556,04,12,2010
Brasil,Roraima,São Luiz,MCP-PEIXES,46105,"Rio Anauzinho, na estrada vicinal a BR-210",Characidium sp.,1.2088888889,-60.1541666667,25,01,2011
Brasil,Roraima,Caroebe,MCP-PEIXES,46174,"Rio Jauaperi, na estrada vicinal 5 aprox. 10Km da BR-210",Characidium sp.,0.9130555556,-59.5730555556,26,01,2011
Brasil,Roraima,Rorainópolis,MCP-PEIXES,46200,"Igarapé Jaburu, na estrada vicinal a BR-174 entre Jundiá e Rorainópolis",Characidium sp.,0.6208333333,-60.5180555556,27,01,2011
Brasil,Paraíba,Guarabira,MCP-PEIXES,31400,"Rio Cachoreira em Guarabira, na estrada Guarabira/Sapé (afluente rio Mamanguape).",Characidium bimaculatum,-6.8852777481,-35.4702758789,27,07,2002
Brasil,Paraíba,Santa Gertrudes,MCP-PEIXES,31401,Riacho na estrada Serra Negra/ BR 230 ca 6 Km da BR 230 (afluente rio Piranhas).,Characidium bimaculatum,-6.907222271,-37.4086112976,26,07,2002
Brasil,Paraná,Morretes,MCP-PEIXES,31839,Rio Borroca (afluente do rio Nhundiaquara).,Characidium sp.,-25.4111118317,-48.8408317566,23,09,2002
Brasil,Paraná,Morretes,MCP-PEIXES,31840,"Arroio afluente do rio Nhundiaquara, na PR 411.",Characidium sp.,-25.4222221375,-48.8747215271,23,09,2002
Brasil,Paraná,Guaraqueçaba,MCP-PEIXES,31842,"Arroio afluente do rio Serra Negra, PR 404 .",Characidium sp.,-25.177778244,-48.3805541992,23,09,2002
Brasil,Paraná,Guaraqueçaba,MCP-PEIXES,31843,"Arroio afluente do rio Serra Negra, PR 404.",Characidium sp.,-25.1736106873,-48.4199981689,23,09,2002
Brasil,Paraná,Morretes,MCP-PEIXES,31845,"Arroio afluente do rio Nhundiaquara na localidade de São João da Graciosa, PR 410.",Characidium sp.,-25.4033336639,-48.8725013733,23,09,2002
Brasil,Santa Catarina,São Francisco do Sul,MCP-PEIXES,31847,"Arroio afluente do rio Miranda na ilha de São Francisco do Sul, estrada para Laranjeiras (-> canal do Linguado).",Characidium sp.,-26.3266658783,-48.6511116028,19,09,2002
Brasil,São Paulo,Peruíbe,MCP-PEIXES,31848,Arroio Cachoeira da Lagoa em Guaraú.,Characidium sp.,-24.3680553436,-47.0547218323,20,09,2002
Brasil,São Paulo,Caraguatatuba,MCP-PEIXES,31849,"Arroio na praia de Massaguaçú, ca de 700 m a oeste da SP 55.",Characidium sp.,-23.5730552673,-45.3272209167,16,10,2002
Brasil,São Paulo,Caraguatatuba,MCP-PEIXES,31853,Arroio pequeno a ca de 2 Km da SP 55.,Characidium sp.,-23.7202777863,-45.4666671753,16,10,2002
Brasil,São Paulo,Mongaguá,MCP-PEIXES,31854,Valo ao lado da estrada a ca de 3 Km da SP 55.,Characidium sp.,-24.1169452667,-46.7327766418,21,09,2002
Brasil,Paraná,Guaraqueçaba,MCP-PEIXES,31856,"Arroio afluente do rio Serra Negra, PR 404 .",Characidium pterostictum,-25.177778244,-48.3805541992,23,09,2002
Brasil,Santa Catarina,Joinville,MCP-PEIXES,31859,"Rio da Prata afluente rio Cubatão (Norte), ca de 5,1 Km da BR 101, na estrada SC 301.",Characidium pterostictum,-26.1758327484,-48.9533348083,20,10,2002
Brasil,Rio de Janeiro,Parati,MCP-PEIXES,31860,"Rio Taquari em Taquari a 2,2 Km da BR 101.",Characidium japuhybense,-23.0413894653,-44.692779541,18,10,2002
Brasil,São Paulo,Eldorado,MCP-PEIXES,31863,Arroio afluente do rio Batatal.,Characidium lanei,-24.6038894653,-48.2788887024,22,09,2002
Brasil,São Paulo,Barra do Turvo,MCP-PEIXES,31865,"Rio Bonito, afluente do rio Pardo, bairro Rio Bonito.",Characidium lanei,-24.8369445801,-48.4908332825,22,09,2002
Brasil,São Paulo,Iporanga,MCP-PEIXES,31867,Arroio afluente do rio Pardo em direção a Barra do Turvo.,Characidium lanei,-24.725276947,-48.536945343,22,09,2002
Brasil,Minas Gerais,Miradouro,MCP-PEIXES,31879,"Córrego dos Alves, bacia do rio Paraíba do Sul.",Characidium sp.,-21.1666660309,-42.25,20,09,2002
Brasil,Rio Grande do Sul,São Francisco de Paula,MCP-PEIXES,32358,"Arroio São Tomé, tributário do rio das ANtas a montante da ponte, a cerca de 8 Km de Cazuza Ferreira.",Characidium orientale,-28.8883342743,-50.618888855,15,02,2003
Brasil,Mato Grosso,Diamantino,MCP-PEIXES,32384,Riacho Caju na localidade de Caju.,Characidium sp.,-14.3630552292,-56.4083328247,17,01,2002
Brasil,Rio Grande do Sul,Jaquirana,MCP-PEIXES,32396,"Arroio Morais, a cerca de 150 m da sua foz com o rio das Antas (camping do Morais).",Characidium orientale,-28.7972221375,-50.4266662598,15,02,2003
Brasil,Rio Grande do Sul,Nova Roma do Sul,MCP-PEIXES,33569,"Rio das Antas, a montante do Cachoeirão (afluente do rio Taquari).",Characidium orientale,-29.0111103058,-51.3727760315,01,10,2002
Brasil,Minas Gerais,Cônego Marinho,MCP-PEIXES,33765,"Rio Peruaçu (cabeceira), Veredas.",Characidium fasciatum,-15.0413885117,-44.638053894,26,03,2003
Brasil,Minas Gerais,Januária,MCP-PEIXES,33789,"Rio Peruaçu Veredas, divisa Januária/São João das Missões, distrito de Várzea Grande.",Characidium fasciatum,-15.0147218704,-44.3408317566,21,03,2003
Brasil,Acre,Bujari,MCP-PEIXES,33846,"Igarapé Marizinho, na estrada BR 364, 86 km a SE de Sena Madureira (alf. rio Atimari).",Characidium sp.,-9.6113888889,-68.2455555556,08,08,2001
Brasil,Acre,Senador Guiomard,MCP-PEIXES,33856,Rio Iquirí (alf. do rio Ituxi -> rio Purus).,Characidium sp.,-10.0786111111,-67.5430555556,06,08,2001
Brasil,Minas Gerais,Bonito de Minas,MCP-PEIXES,33949,"Rio Peruaçu (cabeceira), distrito de Buriti Veredas.",Characidium fasciatum,-14.9644441605,-44.7311096191,26,03,2003
Brasil,Goiás,Piracanjuba,MCP-PEIXES,33960,"Ribeirão Paraíso, afluente do rio da Meia Ponte.",Characidium sp.,-17.3341674805,-49.400554657,11,11,2000
Brasil,Goiás,Posse,MCP-PEIXES,33979,Córrego Bezerra.,Characidium sp.,-14.2672224045,-46.3013877869,06,06,2002
Brasil,Goiás,Mambaí,MCP-PEIXES,33984,Caverna.,Characidium sp.,-14.4833335876,-46.0999984741,13,04,2001
Brasil,Goiás,Mambaí,MCP-PEIXES,33994,Córrego Jataí (-> rio Vermelho -> rio Paranã).,Characidium sp.,-14.4833335876,-46.0999984741,15,12,2002
Brasil,Goiás,Mambaí,MCP-PEIXES,34002,Córrego Vidal.,Characidium sp.,-14.4833335876,-46.0999984741,13,10,2001
Brasil,Goiás,Posse,MCP-PEIXES,34006,Córrego Bezerra.,Characidium sp.,-14.2672224045,-46.3013877869,06,09,2002
Brasil,Goiás,Posse,MCP-PEIXES,34029,Córrego Maria Ferreira.,Characidium sp.,-14.264166832,-46.1913871765,06,09,2002
Brasil,Goiás,Posse,MCP-PEIXES,34033,"Rio Piracanjuba, entre os municípios Posse e Mambaí.",Characidium sp.,-14.2788887024,-46.1863899231,14,12,2002
Brasil,Mato Grosso,Ribeirão Cascalheira,MCP-PEIXES,34161,"Rio São João, afluente do rio das Mortes, na estrada entre Ribeirão Cascalheira e Vila Berrante.",Characidium sp.,-12.9319448471,-51.3472213745,28,07,2003
Brasil,Minas Gerais,Rio Preto,MCP-PEIXES,34215,"Ribeirão Santana, afluente do rio Preto, sistema do rio Paraíba do Sul.",Characidium sp.,-22.0336112976,-43.7649993896,25,06,2002
Brasil,Minas Gerais,Rio Preto,MCP-PEIXES,34223,"Ribeirão Santana, afluente do rio Preto, sistema do rio Paraíba do Sul.",Characidium sp.,-22.0330562592,-43.7822227478,25,06,2002
Brasil,Rio Grande do Sul,Pirapó,MCP-PEIXES,13156,Foz do rio Ijuí-Mirim (afluente do rio Ijuí -> rio Uruguai).,Characidium tenue,-28.0499992371,-55.1833343506,15,03,1989
Brasil,Rio Grande do Sul,Marcelino Ramos,MCP-PEIXES,13314,Rio Ligeiro na estrada Marcelino Ramos / Maximiliano de Almeida (afluente do rio Uruguai).,Characidium serrano,-27.6333332062,-51.8666648865,17,02,1989
Brasil,Rio Grande do Sul,São Borja,MCP-PEIXES,13319,"Arroio do Barreiro, na localidade de Barreiro (sist. rio Uruguai).",Characidium tenue,-28.6666660309,-56.0166664124,23,06,1989
Argentina,Misiones,Azara,MCP-PEIXES,13330,"Arroio Chimiray, 5 km da localidade de Azara, divisa das Provincias de Missiones e Corrientes (afl. do rio Uruguai)",Characidium tenue,-28.0833339691,-55.7000007629,26,06,1989
Argentina,Misiones,Santa Maria,MCP-PEIXES,13450,"Arroio Santa Maria, 8 km da localidade de Santa Maria, divisa de Itacaruaré/Santa Maria. (afl. do rio Uruguai)",Characidium pterostictum,-27.9333324432,-55.4500007629,26,04,1989
Brasil,Rio Grande do Sul,Pirapó,MCP-PEIXES,13553,Foz do rio Ijuí-Mirim (afluente do rio Ijuí -> rio Uruguai),Characidium tenue,-28.0499992371,-55.1833343506,01,08,1989
Brasil,Rio Grande do Sul,Pirapó,MCP-PEIXES,13561,Foz do rio Ijuí-Mirim (afluente do rio Ijuí -> rio Uruguai),Characidium pterostictum,-28.0499992371,-55.1833343506,01,08,1989
Brasil,Rio Grande do Sul,Capão da Canoa,MCP-PEIXES,13644,"Canal da Vila Cornélios, entre lagoa Itapeva e lagoa dos Quadros",Characidium sp.,-29.6166667938,-50.0333328247,01,10,1989
Brasil,Rio Grande do Sul,Eldorado do Sul,MCP-PEIXES,13689,"Sanga na BR 290, a cerca de 2 km da BR 116, afluente do lago Guaíba.",Characidium sp.,-30.0499992371,-51.3833351135,10,11,1989
Brasil,Santa Catarina,Porto União,MCP-PEIXES,13719,"Rio Iguaçu em Porto União, próximo a ponte férrea (sistema do alto rio Paraná)",Characidium sp.,-26.2333335876,-51.0666656494,06,05,1990
Brasil,Santa Catarina,Pirabeiraba,MCP-PEIXES,13747,Rio Lindo (afl. do rio Cubatão) a 1 km do trevo da estrada Pirabeiraba / Campo Alegre,Characidium pterostictum,-26.1666660309,-48.9500007629,09,05,1989
Brasil,Espírito Santo,Castelo,MCP-PEIXES,13773,"Rio afluente do rio Itapemirim paralelo a estrada Castelo / Muniz Freire, na localidade de Ponte São João",Characidium timbuiense,-20.55,-41.25,05,09,1989
Brasil,Rio Grande do Sul,Dom Pedrito,MCP-PEIXES,14135,"Arroio na estrada Dom Pedrito / Bagé, km 219, drenagem do rio Uruguai.",Characidium pterostictum,-31.0499992371,-54.5333328247,14,12,1989
Brasil,Rio Grande do Sul,Três Forquilhas,MCP-PEIXES,14140,"Rio Três Forquilhas, estrada Três Forquilhas / Itati, em frente a propriedade #1969.",Characidium pterostictum,-29.5,-50.0833320618,12,12,1989
Brasil,Rio Grande do Sul,Torres,MCP-PEIXES,14152,"Rio Três Forquilhas, cerca de 100 m antes da ponte da estrada Três Forquilhas / Itati, em frente a igreja.",Characidium pterostictum,-29.5,-50.0833320618,12,12,1989
Brasil,Rio Grande do Sul,Três Forquilhas,MCP-PEIXES,14155,"Rio Três Forquilhas, na segunda barragem após a ponte, próximo a nascente.",Characidium pterostictum,-29.4166660309,-50.1666679382,12,12,1989
Brasil,Espírito Santo,Ibatiba,MCP-PEIXES,14363,"Rio São João II na ponte da estrada BR 262, afluente do rio Itapemirim",Characidium timbuiense,-20.2333335876,-41.5,06,09,1989
Brasil,São Paulo,Cajuru,MCP-PEIXES,14421,"Rio Cubatão, próximo a Cajuru (afl. rio Pardo -> rio Paraná).",Characidium sp.,-21.2999992371,-47.2833328247,07,11,1989
Brasil,Rio Grande do Sul,Caraá,MCP-PEIXES,14620,"Rio dos Sinos, cerca de 5 km acima de Caraá (sist. rio dos Sinos -> rio Jacuí).",Characidium orientale,-29.7666664124,-50.3333320618,17,01,1991
Brasil,Rio Grande do Sul,Caraá,MCP-PEIXES,14635,Rio Caraá em Caraá próximo ao rio dos Sinos (sist. rio dos Sinos -> rio Jacuí).,Characidium sp.,-29.7944450378,-50.4336128235,17,01,1991
Brasil,Rio Grande do Sul,Terra de Areia,MCP-PEIXES,14666,"Rio Três Pinheiros, a 8 km da estrada BR 101 em direção a Itati (afl. do rio Três Forquilhas -> rios Costeiros)",Characidium sp.,-29.5266666667,-50.1052777778,15,01,1991
Brasil,Rio Grande do Sul,Terra de Areia,MCP-PEIXES,14749,"Rio Mitmann em Vila Nova, a 10 km da estrada BR 101 em direção a Itati (afl.rio Três Forquilhas -> rios Costeiros)",Characidium sp.,-29.5166664124,-50.0999984741,15,01,1991
Brasil,Rio Grande do Sul,Uruguaiana,MCP-PEIXES,14765,Sanga no Campus da PUC de Uruguaiana (afluente do rio Uruguai).,Characidium sp.,-29.7666664124,-57.0999984741,19,12,1990
Brasil,Rio Grande do Sul,Terra de Areia,MCP-PEIXES,14808,"Rio Três Pinheiros, a 8 km da estrada BR 101 em direção a Itati (afl. do rio Três Forquilhas -> rios Costeiros)",Characidium pterostictum,-29.5266666667,-50.1052777778,15,01,1991
Brasil,Rio Grande do Sul,Osório,MCP-PEIXES,14820,"Canal entre a lagoa Emboaba e Emboabinha, na estrada Osório / Tramandaí.",Characidium sp.,-29.9500007629,-50.2166671753,16,01,1991
Brasil,Santa Catarina,Praia Grande,MCP-PEIXES,14832,Rio Canoas a 8 km de Praia Grande em direção a Mãe dos Homens (afluente do rio Mampituba -> rios Costeiros).,Characidium pterostictum,-29.2333335876,-50.0166664124,16,01,1991
Brasil,Rio Grande do Sul,Maquiné,MCP-PEIXES,14857,"Arroio Agua Parada, a cerca de 200 m da cidade de Maquiné (afl. do rio Maquiné -> rios Costeiros)",Characidium sp.,-29.6666660309,-50.2000007629,14,01,1991
Brasil,São Paulo,Corumbataí,MCP-PEIXES,14997,Rio Corumbataí na cidade de Corumbataí,Characidium sp.,-22.2166671753,-47.6333351135,20,07,1991
Brasil,Goiás,São Domingos,MCP-PEIXES,15128,Rio São Domingos,Characidium sp.,-13.4166669846,-46.3333320618,29,07,1988
Brasil,Rio Grande do Sul,Cidreira,MCP-PEIXES,15207,"Lagoa da Cerquinha, na praia do Pinhal",Characidium sp.,-30.25,-50.2833328247,18,04,1990
Brasil,Mato Grosso,Barra do Bugres,MCP-PEIXES,15512,Rio Jauquara em Jauquara (afluente do rio dos Pássaros -> rio Paraguai).,Characidium sp.,-15.1666669846,-57.0833320618,10,08,1991
Brasil,Mato Grosso,Cáceres,MCP-PEIXES,15518,Rio Paraguai em Cáceres e arredores,Characidium sp.,-16.0499992371,-57.7000007629,11,08,1991
Brasil,Mato Grosso,Cáceres,MCP-PEIXES,15524,"Arroio Caramujo, na estrada (BR 070) Cuiabá / Porto Velho 33 km a noroeste de Cáceres (afl. do rio Paraguai)",Characidium sp.,-15.8333330154,-57.8666648865,13,08,1991
Brasil,Mato Grosso,Pontes e Lacerda,MCP-PEIXES,15534,Rio Guaporé e área inundada em Pontes e Lacerda (afluente do rio Madeira -> rio Amazonas),Characidium steindachneri,-15.1999998093,-59.3499984741,13,08,1991
Brasil,Mato Grosso,Porto Espiridião,MCP-PEIXES,15535,"Arroio afl. do rio do Bugre, na estrada (BR 174) Porto Espiridião / Pontes e Lacerda, 74 km de Porto Espiridião *",Characidium sp.,-15.5333337784,-59,13,08,1991
Brasil,Goiás,Niquelândia,MCP-PEIXES,15913,"Córrego Fundo, na estrada entre Niquelândia e Colinas.",Characidium sp.,-14.4666662216,-48.2999992371,16,07,1992
Brasil,Goiás,Niquelândia,MCP-PEIXES,15941,"Arroio Forquilha na fazenda Forquilha, estrada entre Niquelândia e a Codemin, a 11km da Codemin.",Characidium sp.,-14.3000001907,-48.4166679382,15,07,1992
Brasil,Goiás,Niquelândia,MCP-PEIXES,16045,"Ribeirão do Engenho, na estrada entre Niquelândia e a Codemin, a 29 km ao Sul da Codemin.",Characidium sp.,-14.4166669846,-48.4666671753,16,07,1992
Brasil,Rio Grande do Sul,São Nicolau,MCP-PEIXES,16140,"Arroio Canoin, estrada Pirapó / São Nicolau.",Characidium serrano,-28.1333332062,-55.2333335876,02,11,1988
Brasil,Santa Catarina,Concórdia,MCP-PEIXES,16141,"Rio Jacutinga, na estrada de Concórdia para Seara (afl. rio Uruguai).",Characidium serrano,-27.1666660309,-52.1666679382,13,12,1992
Brasil,Rio Grande do Sul,Bagé,MCP-PEIXES,16143,Rio Negro a 14 km de Bagé em direção a Aceguá (afluente do rio Uruguai).,Characidium tenue,-31.4666671753,-54.4666671753,09,12,1992
Brasil,Santa Catarina,Porto União,MCP-PEIXES,16148,"Rio Iguaçu em Porto União, próximo a ponte férrea (sistema do alto rio Paraná)",Characidium sp.,-26.2333335876,-51.0666656494,06,05,1990
Brasil,São Paulo,Monteiro Lobato,MCP-PEIXES,16149,"afluente do Buquira, sob a ponte na estrada SP 150 (sistema do rio Paraíba do Sul -> costeiro do sudeste).",Characidium sp.,-22.9500007629,-45.8499984741,28,07,1988
Argentina,Misiones,Santa Maria,MCP-PEIXES,16151,"Arroio Santa Maria, 8 km da localidade de Santa Maria, divisa de Itacaruare/Santa Maria (afl. do rio Uruguai)",Characidium pterostictum,-27.9333324432,-55.4500007629,28,06,1989
Argentina,Misiones,Azara,MCP-PEIXES,16152,"Arroio Chimiray, 5 km da localidade de Azara, divisa das Provincias de Missiones e Corrientes (afl. do rio Uruguai)",Characidium pterostictum,-28.0833339691,-55.7000007629,25,04,1989
Argentina,Misiones,Azara,MCP-PEIXES,16153,"Arroio Chimiray, 5 km da localidade de Azara, divisa das Provincias de Missiones e Corrientes (afl. do rio Uruguai)",Characidium orientale,-28.0833339691,-55.7000007629,25,04,1989
Brasil,Rio Grande do Sul,São Luiz Gonzaga,MCP-PEIXES,16216,"Arroio Ximbocuzinho, na estrada São Luiz Gonzaga/Bocoroca a 4 km da entrada de São Luiz Gonzaga (afl. rio Uruguai).",Characidium pterostictum,-28.4500007629,-54.9666671753,11,12,1992
Brasil,Rio Grande do Sul,Uruguaiana,MCP-PEIXES,16251,"Rio Uruguai, no 'Cantão de São Marcos'.",Characidium rachovii,-29.5041675568,-56.8436126709,10,12,1992
Brasil,Rio Grande do Sul,Uruguaiana,MCP-PEIXES,16252,"Rio Uruguai, no 'Cantão de São Marcos'.",Characidium sp.,-29.5041675568,-56.8436126709,10,12,1992
Brasil,Rio Grande do Sul,Bagé,MCP-PEIXES,16254,Rio Piraizinho na estrada de Bagé para Dom Pedrito (afluente do rio Negro).,Characidium pterostictum,-31.2833328247,-54.1500015259,09,12,1992
Brasil,Rio Grande do Sul,Uruguaiana,MCP-PEIXES,16255,"Lagoa marginal na praia da Formosa, São Marcos (afluente rio Uruguai).",Characidium rachovii,-29.5041675568,-56.8436126709,11,12,1992
Brasil,Rio Grande do Sul,Santana do Livramento,MCP-PEIXES,16286,"Poças próximo ao Rio Ibicuí da Armada, no Passo do Ibicuí da Armada, 16 Km a Leste da BR-158.",Characidium rachovii,-30.6666660309,-55.0333328247,03,04,1993
Brasil,Rio Grande do Sul,Santana do Livramento,MCP-PEIXES,16392,"Valas laterais da estrada para Campo Seco, 15 Km a Leste da BR-158.",Characidium sp.,-30.7000007629,-55.0666656494,03,04,1993
Brasil,Santa Catarina,Apiúna,MCP-PEIXES,16481,Ribeirão São Luis (afluente do Rio Itajaí Açu).,Characidium pterostictum,-27.0333333333,-49.3833333333,15,10,1993
Brasil,Santa Catarina,Taió,MCP-PEIXES,16572,"Sanga na estrada Taió - Passo Manso, na ponte (afluente do rio Itajaí Açu).",Characidium pterostictum,-27.0499992371,-50.1166648865,15,10,1993
Brasil,Santa Catarina,Águas Mornas,MCP-PEIXES,16579,Rio Teresópolis (afluente do rio Cubatão).,Characidium pterostictum,-27.75,-48.9333343506,16,10,1993
Brasil,Rio Grande do Sul,Caçapava do Sul,MCP-PEIXES,16608,"Arroio Santa Bárbara, 12 km a oeste da Vila do Segredo.",Characidium tenue,-30.5499992371,-53.5333328247,10,10,1993
Brasil,Rio Grande do Sul,Caçapava do Sul,MCP-PEIXES,16618,"Arroio Santa Bárbara, 12 km a oeste da Vila do Segredo.",Characidium orientale,-30.5499992371,-53.5333328247,10,10,1993
Brasil,Rio Grande do Sul,Eugênio de Castro,MCP-PEIXES,16756,"Arroio afluente do rio Ijuizinho, 2 km de Eugênio de Castro em direção a Jóia.",Characidium pterostictum,-28.5499992371,-54.1166648865,13,12,1993
Brasil,Rio Grande do Sul,Entre-Ijuís,MCP-PEIXES,16761,"Arroio Lageado do Moinho, afluente do rio Ijuizinho, 7 km a SW de Entre-Ijuís.",Characidium pterostictum,-28.4500007629,-54.3666648865,14,12,1993
Brasil,Rio Grande do Sul,Jaguarão,MCP-PEIXES,16824,Foz do rio Telho com o rio Jaguarão (sistema leste do Rio Grande do Sul),Characidium sp.,-32.5166664124,-53.4500007629,07,01,1987
Brasil,Rio Grande do Sul,Arroio Grande,MCP-PEIXES,16847,"Arroio Xasqueiro, na estrada BR-116 entre Pelotas e Arroio Grande (sistema leste do Rio Grande do Sul)",Characidium orientale,-32.1500015259,-53.0333328247,09,01,1987
Brasil,Minas Gerais,Montes Claros,MCP-PEIXES,16912,Rio Verde Grande na estrada de Montes Claros para Janaúba.,Characidium sp.,-16.6502780914,-43.7136116028,20,07,1993
Brasil,Minas Gerais,Bocaiuva,MCP-PEIXES,16923,"Arroio a 45 km S de Montes Claros, pela estrada BR135 em direção a Bocaiúva.",Characidium sp.,-17.0919437408,-43.8300018311,20,07,1993
Brasil,Bahia,Cocos,MCP-PEIXES,16976,"Rio Tatu em Barra do Cocos, a 7 km de Cocos.",Characidium sp.,-14.239444732700001,-44.5283317566,16,07,1993
Brasil,Minas Gerais,Oliveira,MCP-PEIXES,16982,Córrego Fernão Dias na estrada (BR381) entre Carnópolis de Minas e Oliveira.,Characidium sp.,-20.6861114502,-44.7408332825,21,07,1993
Brasil,Minas Gerais,Curvelo,MCP-PEIXES,17100,"Rio Picão, na estrada entre Curvelo e Monjolos.",Characidium fasciatum,-18.6041660309,-44.2849998474,11,07,1993
Brasil,Rio Grande do Sul,Pedro Osório,MCP-PEIXES,17399,"Lagoa marginal ao rio Piratini, 4 km acima do Passo Novo.",Characidium orientale,-31.8622222222,-52.7993888889,11,11,1992
Brasil,Rio Grande do Sul,Pedro Osório,MCP-PEIXES,17400,Arroio Reduzino (tributário do arroio Basílio -> rio Piratini).,Characidium orientale,-31.9,-52.9166666667,06,11,1992
Brasil,Rio Grande do Sul,Cacequi,MCP-PEIXES,17405,"Arreal do Sodré, desvio do rio Cacequi em Azevedo Sodré.",Characidium sp.,-30.1000003815,-54.6333351135,09,04,1994
Brasil,Rio Grande do Sul,Três de Maio,MCP-PEIXES,17534,"Arroio Quaraizinho, tributário do rio Buricá.",Characidium pterostictum,-27.7833328247,-54.2333335876,12,04,1994
Brasil,Rio Grande do Sul,Pelotas,MCP-PEIXES,17568,"Arroio Totó, estrada para a colônia Z-3.",Characidium rachovii,-31.7666664124,-52.3333320618,08,12,1993
Brasil,Rio Grande do Sul,São Nicolau,MCP-PEIXES,17585,"Arroio Canoin, estrada Pirapó / São Nicolau.",Characidium occidentale,-28.1333332062,-55.2333335876,02,11,1988
Brasil,Bahia,Itororó,MCP-PEIXES,17730,"Arroio afluente do rio Colônia (rio costeiro), em Itororó.",Characidium sp.,-15.1263885498,-40.0716667175,22,01,1995
Brasil,Espírito Santo,São José dos Torres,MCP-PEIXES,17733,"Rio São José dos Torres (costeiro) na estrada BR-101, entre São José dos Torres e Travessão.",Characidium sp.,-21.0786113739,-41.2338905334,27,01,1995
Brasil,Rio de Janeiro,Lumiar,MCP-PEIXES,17738,"Rio Macaé na estrada entre Casemiro de Abreu e Lumiar, cerca de 5 km a leste de Lumiar.",Characidium sp.,-22.3522224426,-42.3025016785,28,01,1995
Brasil,Bahia,Helvécia,MCP-PEIXES,17739,"Arroio afluente do rio Peruipe na estrada entre a BR-101 e Caravelas, cerca de 14 km a oeste da BR-101.",Characidium sp.,-17.8408336639,-39.7002792358,25,01,1995
Brasil,Minas Gerais,Teófilo Otoni,MCP-PEIXES,17740,"Cachoeira do rio Teófilo Otoni (afluente do rio Mucuri), próximo a estrada de Teófilo Otoni para Poté.",Characidium sp.,-17.8416671753,-41.6108322144,19,01,1995
Brasil,Minas Gerais,Teófilo Otoni,MCP-PEIXES,17741,"Rio Todos os Santos (afluente do rio Mucuri), cerca de 30 km a leste de Teófilo Otoni.",Characidium sp.,-17.8902778625,-41.286945343,19,01,1995
Brasil,Bahia,Teixeira de Freitas,MCP-PEIXES,17742,"Rio Santo Antônio (costeiro), na Fazenda Tigre a cerca de 500 m da BR-101 em direção à Santo Antônio.",Characidium sp.,-17.3824996948,-39.6674995422,25,01,1995
Brasil,Minas Gerais,Catuji,MCP-PEIXES,17880,"Arroio afluente do rio Mucuri, na estrada BR-116 entre Teófilo Otoni e Itaobim, cerca de 10 Km ao Sul de Catuji.",Characidium sp.,-17.6433334351,-41.4969444275,20,01,1995
Brasil,Bahia,Arataca,MCP-PEIXES,17881,"Rio Branco na estrada entre a BR-101 e Una, a cerca de 3 km da BR-101.",Characidium sp.,-15.2530555725,-39.443611145,23,01,1995
Brasil,Bahia,Monte Pascoal,MCP-PEIXES,17884,"Rio Caraiva a cerca de 500 m a oeste da estrada BR-101, em Monte Pascoal.",Characidium sp.,-16.7197227478,-39.4597206116,24,01,1995
Brasil,Minas Gerais,Teófilo Otoni,MCP-PEIXES,17885,"Rio Santana (afl. rio Mucuri), na estr. Teófilo Otoni para Carlos Chagas (BR-418) a cerca de 22 Km a leste de T. Otoni",Characidium sp.,-17.844165802,-41.3483314514,19,01,1995
Brasil,Bahia,Itamaraju,MCP-PEIXES,17887,"Rio Jucuruçu (costeiro), numa fazenda acima da cidade de Itamaraju.",Characidium sp.,-17.019443512,-39.5825004578,24,01,1995
Brasil,Bahia,Camacan,MCP-PEIXES,17888,"Rio Branco (afluente do rio Una) na estrada BR-101, próximo à São João da Capelinha.",Characidium sp.,-15.2544441223,-39.4519462585,23,01,1995
Brasil,Minas Gerais,Teófilo Otoni,MCP-PEIXES,17889,"Rio Todos os Santos (afluente do rio Mucuri), na estrada de Teófilo Otoni para Poté.",Characidium sp.,-17.8391666412,-41.6102790833,19,01,1995
Brasil,Minas Gerais,Teófilo Otoni,MCP-PEIXES,17890,"Arroio cruzando a entrada BR-116 logo ao norte de Mucuri, cerca de 38 km ao norte de Teófilo Otoni.",Characidium sp.,-17.5625,-41.4722213745,20,01,1995
Brasil,Bahia,Coaraci,MCP-PEIXES,17894,"Arroio afluente do rio Almada em Duas Barras, na estrada entre Coaraci e Almadina.",Characidium sp.,-14.6511106491,-39.573890686,22,01,1995
Brasil,Bahia,Itagimirim,MCP-PEIXES,17896,"Rio Gabiarra (afl. do rio do Sul), próximo a estrada BR-101, entre Itagimirim e Eunápolis.",Characidium sp.,-16.2613887787,-39.5894432068,23,01,1995
Brasil,Minas Gerais,Teófilo Otoni,MCP-PEIXES,17897,"Rio Mucuri, na estrada de Poté para Ladainha.",Characidium sp.,-17.7797222137,-41.7752761841,19,01,1995
Brasil,Rio de Janeiro,Lumiar,MCP-PEIXES,17898,Rio Macaé na estrada entre Casemiro de Abreu e Macaé.,Characidium sp.,-22.3888893127,-42.2900009155,28,01,1995
Brasil,Minas Gerais,Itaobim,MCP-PEIXES,17901,Rio Jequitinhonha em São Pedro do Jequitinhonha.,Characidium sp.,-16.509721756,-41.3338890076,20,01,1995
Brasil,Bahia,Teixeira de Freitas,MCP-PEIXES,17902,"Rio Taitinga a cerca de 13 km da BR-101, entre Santo Antônio e Jardim Novo.",Characidium sp.,-17.3288879395,-39.7255554199,25,01,1995
Brasil,Bahia,Itabela,MCP-PEIXES,17904,"Rio dos Frades (Costeiro), na estrada BR-101 entre Guaratinga e Monte Pascoal.",Characidium sp.,-16.6191666667,-39.5402777778,24,01,1995
Brasil,Bahia,Buerarema,MCP-PEIXES,17905,"Arroio afluente do rio Pratas em São José, junto da BR-101, a cerca de 39 km ao Sul de Itabuna.",Characidium sp.,-15.1216669083,-39.3702774048,23,01,1995
Brasil,Espírito Santo,Montanha,MCP-PEIXES,17912,"Arroio afluente do rio Itaúnas na estrada entre Montanha e Pinheiro, a cerca de 71 km ao sul de Nanuque.",Characidium sp.,-18.3099994659,-40.2413902283,26,01,1995
Brasil,Paraná,Paranaguá,MCP-PEIXES,18299,"Rio entre km 9 e 10 da BR 277, entre a nova estr. Matinhos / Guaratuba e PR 407 (provavelmente Ribeirão vermelho)",Characidium lanei,-25.5833339691,-48.6666679382,07,02,1988
Brasil,Paraná,Paranaguá,MCP-PEIXES,18300,"Valas artificiais em Guaraguaçú, estrada PR 407, 7 km SE do Rio da Vila (lado sul da estrada)",Characidium lanei,-25.6333333333,-48.5833333333,07,09,1988
Brasil,Rio Grande do Sul,Caraá,MCP-PEIXES,18482,Rio dos Sinos na praia do João Fernandes.,Characidium pterostictum,-29.7741666667,-50.4355555556,14,01,1996
Brasil,Rio Grande do Sul,Uruguaiana,MCP-PEIXES,18692,"Lagoa marginal do rio Uruguai na praia da Formosa, São Marcos.",Characidium sp.,-29.5041675568,-56.8436126709,21,11,1995
Brasil,Rio Grande do Sul,Caraá,MCP-PEIXES,18698,"Rio dos Sinos na praia João Fernandes, próximo a Caraá.",Characidium orientale,-29.7741661072,-50.4355545044,14,12,1995
Brasil,Paraná,Paranaguá,MCP-PEIXES,18733,Rio Cambará sob a ponte da estrada Paranaguá/Matinhos (PR-412).,Characidium lanei,-25.5333328247,-48.5333328247,28,12,1995
Brasil,Rio Grande do Sul,Rio Grande,MCP-PEIXES,19065,Arroio Bolacha,Characidium rachovii,-32.0499992371,-52.0833320618,21,07,1992
Brasil,Rio Grande do Sul,Rio Grande,MCP-PEIXES,19066,Arroio Bolacha,Characidium rachovii,-32.0499992371,-52.0833320618,11,11,1995
Brasil,Rio Grande do Sul,Barra do Ribeiro,MCP-PEIXES,19102,Açude no entroncamento da BR-116 com estrada de acesso a Barra do Ribeiro.,Characidium rachovii,-30.3833332062,-51.4333343506,18,10,1995
Brasil,Santa Catarina,Meleiro,MCP-PEIXES,19172,"Rio São Francisco, a 10 km de Meleiro, em direção a vila Maria (aflu -> Manoel Alves -> Araranguá).",Characidium pterostictum,-28.7000007629,-49.6666679382,14,06,1996
Brasil,Santa Catarina,Ermo,MCP-PEIXES,19180,"Rio Itoupava ao lado da SC-483, 4 km a oeste de Ermo em direção a Jacinto Machado (aflu -> Araranguá).",Characidium pterostictum,-28.9863891602,-49.6777763367,14,06,1996
Brasil,Santa Catarina,Meleiro,MCP-PEIXES,19189,Rio do Cedro na estrada Meleiro/ Forquilhinha (aflu. -> Araranguá).,Characidium pterostictum,-28.7999992371,-49.5666656494,14,06,1996
Brasil,Santa Catarina,Siderópolis,MCP-PEIXES,19190,"Rio São Bento, no balneário Gheller, localidade São Pedro, 8 km a oeste de Nova Veneza (aflu. -> Araranguá).",Characidium pterostictum,-28.6211109161,-49.5527763367,15,06,1996
Brasil,Santa Catarina,Treviso,MCP-PEIXES,19218,Rio Mãe Luzia em Forquilha (afluente do rio Ararangua).,Characidium pterostictum,-28.4611110687,-49.5011100769,15,06,1996
Brasil,Rio Grande do Norte,Taipu,MCP-PEIXES,28456,"Rio Ceará Mirim, distrito de Umari.",Characidium bimaculatum,-5.6294445992,-35.6147232056,24,07,2001
Brasil,Rio Grande do Norte,Taipu,MCP-PEIXES,28466,"Rio Ceará Mirim, distrito de Umari.",Characidium bimaculatum,-5.6297221184,-35.6191673279,24,07,2001
Brasil,Rio Grande do Norte,Santa Luzia,MCP-PEIXES,28682,Rio Punam.,Characidium bimaculatum,-5.3263888359,-35.4655570984,23,07,2001
Brasil,Santa Catarina,Itajaí,MCP-PEIXES,29088,Rio do Meio em direção a localidade de Rio do Meio (afluente do rio Itajaí-Mirim),Characidium pterostictum,-26.9666671753,-48.7166671753,21,02,2002
Brasil,Rio Grande do Sul,Maquiné,MCP-PEIXES,29115,"Arroio Forqueta junto a foz de arroio (afluente rio Maquiné), Barra do Ouro",Characidium pterostictum,-29.5355555556,-50.2058333333,18,12,2001
Brasil,Amazonas,Tefé,MCP-PEIXES,29339,"Rio Tefé, na ilha do Martelo.",Characidium sp.,-3.780277729,-64.9913864136,14,04,2000
Brasil,Amazonas,Alvarães,MCP-PEIXES,29340,"Rio Solimões, na ilha do Prego, oposto ao centro de Alvarães.",Characidium sp.,-3.2105555534,-64.7897186279,18,09,1999
Brasil,Espírito Santo,Muniz Freire,MCP-PEIXES,29472,Córrego Rico.,Characidium sp.,-20.3925,-41.4127777778,27,03,2001
Brasil,Espírito Santo,Santa Teresa,MCP-PEIXES,29515,Rio da Penha no sítio do Rubinho (bacia do rio Timbuí).,Characidium sp.,-19.9666671753,-40.5333328247,24,10,2001
Brasil,Mato Grosso,Nobres,MCP-PEIXES,30157,Rio Serragem II na BR163 entre Nobres e Diamantino.,Characidium sp.,-14.6324996948,-56.2727775574,16,01,2002
Brasil,Mato Grosso,Diamantino,MCP-PEIXES,30158,"Arroio na estrada MT-010 de Diamantino para São José do Rio Claro, a 51 km a NW de Diamantino.",Characidium sp.,-14.0127773285,-56.5363883972,17,01,2002
Brasil,Mato Grosso,Marcelândia,MCP-PEIXES,30162,"Ribeirão Camparina na estrada MT-320 entre Santa Helena e Marcelândia, a 79 km a SE da BR-163.",Characidium sp.,-11.1075000763,-54.5508346558,26,01,2002
Brasil,Mato Grosso,Marcelândia,MCP-PEIXES,30164,"Ribeirão Vermelho na estrada de Santa Helena para Marcelândia, a 60 km a SE da BR-163.",Characidium sp.,-11.0894441605,-54.7163887024,26,01,2002
Brasil,Mato Grosso,Vera,MCP-PEIXES,30166,Córrego afluente do rio Caibi na estrada MT-140 entre Santa Carmen e Vera.,Characidium sp.,-12.177778244,-55.3397216797,28,01,2002
Brasil,Mato Grosso,Marcelândia,MCP-PEIXES,30169,"Córrego afluente do rio Manissamá-Miçu na estrada MT-423 a cerca de 9,5 Km a SE de Marcelândia.",Characidium sp.,-11.1480560303,-54.4613876343,27,01,2002
Brasil,Mato Grosso,Marcelândia,MCP-PEIXES,30171,Rio Manissamá-Miçu na estrada MT-423 a cerca de 7 Km a SE de Marcelândia.,Characidium sp.,-11.1283330917,-54.4761123657,27,01,2002
Brasil,Mato Grosso,Nova Ubiratã,MCP-PEIXES,30172,"Riacho afluente do rio Tartaruga na estrada entre Novo Mato Grosso e Nova Ubiratã, a cerca de 44 Km WSW de N.M.Grosso.",Characidium sp.,-13.0452775955,-55.2058334351,30,01,2002
Brasil,Mato Grosso,São José do Rio Claro,MCP-PEIXES,30173,"Riacho na estrada entre MT-010 e Nova Mutum, a cerca de 11 Km a oeste da balsa do rio Arinos.",Characidium sp.,-13.6230554581,-56.4883346558,17,01,2002
Brasil,Mato Grosso,Santa Carmen,MCP-PEIXES,30174,"Rio Azul na estrada MT-140, a cerca de 7 Km a NNW de Santa Carmen.",Characidium sp.,-11.9116668701,-55.2966651917,28,01,2002
Brasil,Mato Grosso,Tabaporã,MCP-PEIXES,30175,"Córrego Galigueira ou Sucuri, na estrada MT-220, a cerca de 121 km a leste de Porto dos Gauchos.",Characidium sp.,-11.5619440079,-56.3794441223,20,01,2002
Brasil,Mato Grosso,Tapurah,MCP-PEIXES,30180,"Riacho na estrada MT-338, a cerca de 89 km a norte de Tapurah.",Characidium sp.,-12.0302782059,-56.5663871765,19,01,2002
Brasil,Mato Grosso,Nova Canaã do Norte,MCP-PEIXES,30184,Rio Kaiapá na estrada MT-320 a cerca de 5 km ao norte de Nova Canaã do Norte.,Characidium sp.,-10.6044445038,-55.7072219849,22,01,2002
Brasil,Mato Grosso,Sorriso,MCP-PEIXES,30185,"Riacho afluente do rio Celeste a cerca de 47 Km a NW de Nova Ubiratã, na estrada para Sorriso.",Characidium sp.,-12.7630558014,-55.5180549622,30,01,2002
Brasil,Mato Grosso,Nova Ubiratã,MCP-PEIXES,30196,"Rio Ferro na estrada entre Novo Mato Grosso e Nova Ubiratã, a ca. de 25 km a SW de Novo Mato Grosso.",Characidium sp.,-13.0588884354,-55.0366668701,30,01,2002
Brasil,Mato Grosso,Carlinda,MCP-PEIXES,30199,"Rio Teles Pires, na balsa da estrada MT-208 entre Carlinda e Nova Guarita.",Characidium steindachneri,-10.1186113358,-55.5688896179,23,01,2002
Brasil,Mato Grosso,Marcelândia,MCP-PEIXES,30201,Córrego afluente do rio Manissamá-Miçu na estrada MT-423 a cerca de 11.6 Km a SE de Marcelândia.,Characidium sp.,-11.1627779007,-54.4502792358,27,01,2002
Brasil,Mato Grosso,Vera,MCP-PEIXES,30205,"Rio Tartaruga na estrada entre Vera e Feliz Natal, a 20 Km a NE de Vera.",Characidium sp.,-12.2391662598,-55.119720459,29,01,2002
Brasil,Mato Grosso,Simione,MCP-PEIXES,30480,"Riacho na estrada MT-338, a cerca de 131 km a norte de Tapurah.",Characidium steindachneri,-11.7944440842,-56.7358322144,19,01,2002
Brasil,Mato Grosso,Simione,MCP-PEIXES,30500,"Riacho na estrada MT-338, a cerca de 158 km a norte de Tapurah.",Characidium sp.,-11.7036113739,-56.9380569458,19,01,2002
Brasil,Mato Grosso,Tapurah,MCP-PEIXES,30501,"Córrego na estrada entre a balsa do rio Arinos e Tapurah, a cerca de 6 km a leste de Tapurah.",Characidium sp.,-12.735833168,-56.561668396,18,01,2002
Brasil,Rio Grande do Norte,São Miguel,MCP-PEIXES,30970,Arroio afluente do rio Apodi na estrada São Miguel/Encanto ca 22 Km de São Miguel (afluente do rio Bonsucesso).,Characidium bimaculatum,-6.1224999428,-38.3488883972,25,07,2002
Brasil,Rio Grande do Norte,OlhoD'água do Borges,MCP-PEIXES,31085,Riacho do Olho D'água em Olho d'água do Borges.,Characidium bimaculatum,-5.9558334351,-37.7152786255,25,07,2002
Brasil,Paraíba,Coremas,MCP-PEIXES,31089,Açude na estrada Coremas/São Bento do Pombal ca 2 Km de São Bento do Pombal (afluente rio Piancó-> rio Piranhas).,Characidium bimaculatum,-6.9108333588,-37.7433319092,26,07,2002
Brasil,Ceará,Barro Alto,MCP-PEIXES,31258,Rio Jaguaribe,Characidium bimaculatum,-6.4544444084,-39.3841667175,25,07,2002
Brasil,Paraíba,Pombal,MCP-PEIXES,31393,"Rio Caiçara na estrada Pombal/Serra Negra, na estrada BR 427 (afluente rio Piranhas).",Characidium bimaculatum,-6.7219443321,-37.6580543518,26,07,2002
Brasil,Rio Grande do Sul,Rolador,MCP-PEIXES,37260,"Arroio Forte, afluente do rio Ijuí (margem esquerda).",Characidium pterostictum,-28.2566661835,-54.881942749,12,01,2005
Brasil,Rio Grande do Sul,Dezeseis de Novembro,MCP-PEIXES,37276,"Lageado Araçá, afluente do rio Ijuí (margem esquerda).",Characidium pterostictum,-28.2063888889,-54.9494444444,12,01,2005
Brasil,Rio Grande do Sul,Dezeseis de Novembro,MCP-PEIXES,37296,"Arroio Limoeiro, afluente do rio Ijuí (margem direita).",Characidium pterostictum,-28.1947222222,-55.0205555556,11,01,2005
Peru,Loreto,Jenaro Herrera,MCP-PEIXES,37423,"Quebrada (afluente da Quebrada Parnayari), a ca. de 2 Km de Jenaro Herrera.",Characidium pteroides,-4.9183333333,-73.6533333333,12,01,2004
Brasil,Paraíba,Cruz do Espirito Santo,MCP-PEIXES,37597,Rio Paraíba próximo à Cruz do Espirito Santo.,Characidium bimaculatum,-7.1527777778,-35.1077777778,29,01,2005
Brasil,Paraíba,Guarabira,MCP-PEIXES,37598,"Riacho afluente do rio Mamaguape, entre Guarabiri e Pirpirituba.",Characidium bimaculatum,-6.7902779579,-35.4897232056,29,01,2005
Brasil,Rio Grande do Sul,Pedro Osório,MCP-PEIXES,38346,"Arroio afluente do arroio Arambaré próximo de Carvalho de Freitas, ca. de 35 Km de Pedro Osório, ponte Linha do Trem.",Characidium pterostictum,-31.8641666667,-52.8233333333,22,04,2005
Brasil,Rio Grande do Sul,Cerrito,MCP-PEIXES,38355,"Rio Piratini na BR-293, entre Pelotas e Pinheiro Machado.",Characidium pterostictum,-31.7188892365,-52.899723053,24,04,2005
Brasil,Rio Grande do Sul,Pedro Osório,MCP-PEIXES,38366,"Arroio Lageado afluente do arroio Arambaré, na estação Férrea Carvalho Freitas.",Characidium pterostictum,-31.8641662598,-52.8233337402,22,04,2005
Brasil,Mato Grosso,Mirassol d`Oeste,MCP-PEIXES,38740,"Riacho afluente do rio Caeté, tributário rio Jauru, na BR-174 ca. de 72 Km a NW do rio Paraguai.",Characidium zebra,-15.8261111111,-58.1958333333,11,07,2004
Brasil,Mato Grosso,Poconé,MCP-PEIXES,38743,Estrada MT-060 em direção a Poconé.,Characidium laterale,-15.7447223663,-56.3355560303,10,07,2004
Brasil,Mato Grosso,Jauru,MCP-PEIXES,38751,"Córrego dos Bagres, na estrada MT-120 entre a BR-174 e Jauru, ca. de 3 Km ao N da BR-174.",Characidium zebra,-15.6394443512,-58.7350006104,11,07,2004
Brasil,Mato Grosso,Figueirópolis d´Oeste,MCP-PEIXES,38764,"Riacho (afluente do Córrego dos Bagres) na BR-174, ca. de 3 Km a NW da estrada para Jauru (MT-388).",Characidium zebra,-15.6466666667,-58.7472222222,11,07,2004
Brasil,Mato Grosso,Poconé,MCP-PEIXES,39020,"Ribeirão Figueira, ca. de 4 Km ao S da estrada BR-070.",Characidium zebra,-15.9675,-56.9233333333,10,07,2004
Brasil,Mato Grosso,Várzea Grande,MCP-PEIXES,39042,"Rio Pari, na estrada entre a BR-070 e a Fazenda Seco, ca. de 7 Km da BR-070.",Characidium zebra,-15.6688890457,-56.4858322144,10,07,2004
Brasil,Rondônia,Nova Mamoré,MCP-PEIXES,39358,"Rio Ribeirão na BR-425, ca. de 62 Km ao S da BR-364.",Characidium sp.,-10.2319440842,-65.2819442749,25,07,2004
Brasil,Rondônia,Rio Crespo,MCP-PEIXES,39360,"Rio Preto do Crespo, cerca de 13 km ao N de Rio Crespo.",Characidium sp.,-9.5988888889,-62.8786111111,17,07,2004
Brasil,Rondônia,Vilhena,MCP-PEIXES,39361,"Ribeirão (afluente do rio Comemoração) na BR364, entre Vilhena e Pimenta Bueno.",Characidium sp.,-12.4416666031,-60.5638885498,14,07,2004
Brasil,Mato Grosso,Sapezal,MCP-PEIXES,39362,Rio Papagaio em frente ao Balneário do Pubi.,Characidium declivirostre,-13.5597219467,-58.4086112976,13,07,2004
Brasil,Rondônia,Rio Crespo,MCP-PEIXES,39363,"Igarapé afluente do rio Preto do Crespo, ca. 20 km aleste da BR364, em direção a Rio Crespo.",Characidium sp.,-9.7058333333,-62.9272222222,17,07,2004
Brasil,Mato Grosso,Vila Bela da Santíssima Trindade,MCP-PEIXES,39376,Poça ao lado da estrada (Km 10) entre Pontes e Lacerda e Vila Bela da Santíssima Trindade.,Characidium sp.,-15.07472229,-59.6977767944,11,07,2004
Brasil,Acre,Sena Madureira,MCP-PEIXES,39377,"Igarapé afluente do rio Coatis, entre Sena Madureira e o rio Coatis, na BR-364.",Characidium sp.,-9.2030553818,-68.5416641235,21,07,2004
Brasil,Mato Grosso,Nova Lacerda,MCP-PEIXES,39379,Rio Galera (afluente do rio Guaporé) no balneário Galera.,Characidium sp.,-14.4830551147,-59.5852775574,12,07,2004
Brasil,Mato Grosso,Vila Bela da Santíssima Trindade,MCP-PEIXES,39380,Arroio no Km 10 da estrada entre Pontes e Lacerda e Vila Bela da Santíssima Trindade (afluente do rio Guaporé).,Characidium sp.,-15.2005558014,-59.4083328247,11,07,2004
Brasil,Rondônia,Jaru,MCP-PEIXES,39383,"Igarapé próximo a Jaru, ca. de 66 Km de Ji-Paraná, na BR-364.",Characidium sp.,-10.5399999619,-62.3933334351,16,07,2004
Brasil,Mato Grosso,Nova Lacerda,MCP-PEIXES,39384,Rio Galera (afluente do rio Guaporé) no balneário Galera.,Characidium sp.,-14.4830551147,-59.5852775574,12,07,2004
Brasil,Rondônia,Rio Crespo,MCP-PEIXES,39386,"Rio Preto do Crespo, cerca de 13 km ao N de Rio Crespo.",Characidium sp.,-9.5988888889,-62.8786111111,17,07,2004
Brasil,Acre,Sena Madureira,MCP-PEIXES,39388,"Igarapé Taquari, entre o rio Atimani e Sena Madureira, na BR-364.",Characidium sp.,-9.4636106491,-68.3786087036,21,07,2004
Brasil,Amazonas,Humaitá,MCP-PEIXES,39390,"Igarapé São João, afluente do Ipixuna, BR319, cerca de 60 km ao sul de Humaitá.",Characidium sp.,-7.9313888889,-63.3341666667,28,07,2004
Brasil,Rondônia,Porto Velho,MCP-PEIXES,39391,Rio São Sebastião na BR-364 (tributário margem direita do rio Abunâ).,Characidium sp.,-9.6472225189,-65.6027755737,19,07,2004
Brasil,Rondônia,Cacoal,MCP-PEIXES,39392,"Riacho afluente do rio Machado, ca. de 8 Km a SE de Cacoal, na BR-364.",Characidium sp.,-11.4666666667,-61.4055555556,15,07,2004
Brasil,Mato Grosso,Pontes e Lacerda,MCP-PEIXES,39394,"Rio Pindaituba (afluente do rio Guaporé) na BR-174, entre Pontes e Lacerda e Comodoro.",Characidium sp.,-15.0113887787,-59.2883338928,12,07,2004
Brasil,Amazonas,Humaitá,MCP-PEIXES,39395,"Igarapé do Doze, cruzando a transamazônica, ca. de 12 Km a W de Humaitá em direção a Lábrea.",Characidium sp.,-7.5736112595,-63.1108322144,27,07,2004
Brasil,Mato Grosso,Nova Lacerda,MCP-PEIXES,39396,Córrego Retiro (afluente do rio Guaporé) na BR-174.,Characidium sp.,-14.801944732700001,-59.3233337402,12,07,2004
Brasil,Rondônia,Pimenta Bueno,MCP-PEIXES,39399,Rio Marco Rondon na BR-364 em Marco Rondon.,Characidium sp.,-12.0144443512,-60.8597221375,14,07,2004
Brasil,Rondônia,Jaru,MCP-PEIXES,39401,"Pequeno igarapé correndo para SW (margem esquerda do rio Jaru) na BR-364, entre Jaru e Ariquemes.",Characidium sp.,-10.4025001526,-62.5208320618,16,07,2004
Brasil,Acre,Bujari,MCP-PEIXES,39402,Igarapé Marizinho na BR-364 (drenagem do rio Antimari).,Characidium sp.,-9.6113888889,-68.2444444444,20,07,2004
Brasil,Rondônia,Nova Mamoré,MCP-PEIXES,39403,"Igarapé Misericórdia na BR-425, entre a BR-364 e Guajará-Mirim, ca. de 68 Km da BR-364.",Characidium sp.,-10.2827777863,-65.2958297729,25,07,2004
Brasil,Rondônia,Nova Mamoré,MCP-PEIXES,39404,"Rio Ribeirão na BR-425, ca. de 62 Km ao S da BR-364.",Characidium sp.,-10.2319440842,-65.2819442749,25,07,2004
Brasil,Acre,Sena Madureira,MCP-PEIXES,39405,"Ribeirão afluente do igarapé Coatis, ca. de 21 Km a SE de Sena Madureira na BR-364.",Characidium sp.,-9.2786111111,-68.4952777778,21,07,2004
Brasil,Rondônia,Jaci-Paraná,MCP-PEIXES,39409,"Igarapé Sem Nome (afluente do rio Madeira) na BR-364, ca. de 51 km a SW de Jaci Paraná.",Characidium sp.,-9.478055954,-64.7730560303,19,07,2004
Brasil,Mato Grosso,Pontes e Lacerda,MCP-PEIXES,39410,"Rio Pindaituba (afluente do rio Guaporé) na BR-174, entre Pontes e Lacerda e Comodoro.",Characidium sp.,-15.0113887787,-59.2883338928,12,07,2004
Brasil,Amazonas,Humaitá,MCP-PEIXES,39412,"Rio Ipixuna no Balneário Porto Alegre, ca. de 7,6 Km a W da BR-319.",Characidium sp.,-7.4947222222,-63.3011111111,27,07,2004
Brasil,Rondônia,Nova Mamoré,MCP-PEIXES,39423,"Rio da Lage na BR-425, entre a BR-364 e Guajará-Mirim, ca. de 87 Km da BR-364.",Characidium sp.,-10.4430551529,-65.3444442749,25,07,2004
Brasil,Mato Grosso,Pontes e Lacerda,MCP-PEIXES,39424,"Rio Bugre, ca. de 42 Km ao N do Rio Guaporé pela BR-174.",Characidium sp.,-14.8597222222,-59.2991666667,12,07,2004
Brasil,Acre,Sena Madureira,MCP-PEIXES,39427,"Igarapé afluente do rio Caeté, ca. de 6 Km a W de Sena Madureira, na BR-364.",Characidium sp.,-9.0755555556,-68.6908333333,21,07,2004
Brasil,Mato Grosso,Poconé,MCP-PEIXES,39428,"Arroio na estrada BR-070/Poconé, Km 42 (MT-070).",Characidium sp.,-15.9980554581,-56.4791679382,10,07,2004
Brasil,Mato Grosso,Sapezal,MCP-PEIXES,39431,Rio Papagaio em frente ao Balneário do Pubi.,Characidium sp.,-13.5597219467,-58.4086112976,13,07,2004
Brasil,Amazonas,Humaitá,MCP-PEIXES,39433,"Igarapé, cerca de 43 km a leste do rio Madeira, pela rodovia Transamazônica.",Characidium sp.,-7.6197222222,-62.6825,27,07,2004
Brasil,Mato Grosso,Campos de Júlio,MCP-PEIXES,39434,"Rio Formiga (afluente do rio Juruena), na BR 364 (MT 235) entre Campos de Júlio e Sapezal.",Characidium sp.,-13.6836109161,-59.2030563354,13,07,2004
Brasil,Rondônia,Porto Velho,MCP-PEIXES,39440,Rio Jaci-Paraná na BR-364 entre Porto Velho e Jaci-Paraná.,Characidium sp.,-9.2563888889,-64.3869444444,18,07,2004
Brasil,Acre,Capixaba,MCP-PEIXES,39441,Igarapé afluente do rio Acre na BR-317.,Characidium sp.,-10.4419444444,-67.7111111111,22,07,2004
Brasil,Acre,Brasiléia,MCP-PEIXES,39443,"Igarapé afluente do rio Xapuri, ca. de 3,5 Km da BR-317.",Characidium sp.,-10.8586111111,-69.0388888889,23,07,2004
Brasil,Mato Grosso,Cáceres,MCP-PEIXES,39444,"Córrego Caramujo (tributário do córr. Padre Inácio, margem direita do rio Paraguai), ca. de 36 Km a NW de Cáceres.",Characidium sp.,-15.8369445801,-57.8797225952,11,07,2004
Brasil,Rondônia,Cacoal,MCP-PEIXES,39446,"Igarapé Encontro (trib. margem direita do rio Machado), próximo ao Km 272 da BR-364, entre Cacoal e Castanhal.",Characidium sp.,-11.4377775192,-61.555557251,15,07,2004
Brasil,Rondônia,Pimenta Bueno,MCP-PEIXES,39450,"Córrego afluente do rio Machado, ca. de 1 Km da BR-364 em dirção à balsa entre Pimenta Bueno e Cacoal.",Characidium sp.,-11.5536108017,-61.3130569458,15,07,2004
Brasil,Mato Grosso,Nova Lacerda,MCP-PEIXES,39451,"Rio Papagaio, ca. de 119 Km ao N do rio Guaporé, na BR-174.",Characidium sp.,-14.3100004196,-59.6672210693,12,07,2004
Brasil,Rondônia,Porto Velho,MCP-PEIXES,39453,"Igarapé tributário da margem direita do rio Madeira, entre Taquarás e igarapé Taquerás, na BR-425.",Characidium sp.,-9.9175,-65.2669444444,25,07,2004
Brasil,Rondônia,Ouro Preto do Oeste,MCP-PEIXES,39454,"Pequeno igarapé no Km 365 da BR-364, ca. de 22 Km ao NW da ponte do rio Machado.",Characidium sp.,-10.7705555556,-62.1038888889,16,07,2004
Brasil,Acre,Capixaba,MCP-PEIXES,39456,"Igarapé afluente do rio Acre na BR-317, entre Rio Branco e Xapuri.",Characidium sp.,-10.5808333333,-67.6883333333,22,07,2004
Brasil,Rondônia,Ji-Paraná,MCP-PEIXES,39457,"Pequeno tributário da margem direita do rio Machado, ca. de 8 Km ao S da ponte de Ji-Paraná na BR-364.",Characidium sp.,-10.9522222222,-61.9208333333,15,07,2004
Brasil,Rondônia,Guajará-Mirim,MCP-PEIXES,39458,"Igarapé na BR-425, entre a BR-364 e Guajará-Mirim, ca. de 117 Km da BR-364.",Characidium sp.,-10.6875,-65.2713851929,25,07,2004
Brasil,Mato Grosso,Sapezal,MCP-PEIXES,39460,"Córrego Água Quente, na estrada entre Sapezal e o Rio Papagaio.",Characidium sp.,-13.5402777778,-58.7255555556,13,07,2004
Brasil,Rondônia,Ariquemes,MCP-PEIXES,39462,Igarapé São José (bacia Quatro Cachoeiras) na BR-364.,Characidium sp.,-10.2333333333,-62.7477777778,16,07,2004
Brasil,Acre,Brasiléia,MCP-PEIXES,39463,"Pequeno igarapé (tributário do igarapé Sal-Cinza), drenagem do Xapuri.",Characidium sp.,-10.8027777778,-69.3955555556,23,07,2004
Brasil,Rondônia,Ouro Preto do Oeste,MCP-PEIXES,39464,Igarapé Boa Vista na BR-364.,Characidium sp.,-10.7502775192,-62.168056488,16,07,2004
Brasil,Acre,Bujari,MCP-PEIXES,39465,"Rio Riozinho do Andirá na BR364, entre Rio Branco e Sena Madureira.",Characidium sp.,-9.7225,-68.1291666667,20,07,2004
Brasil,Rondônia,Cacoal,MCP-PEIXES,39468,"Pequeno córrego afluente do Igarapé Grande na BR-364, entre Cacoal e Ji-Paraná.",Characidium sp.,-11.3872222222,-61.7705555556,15,07,2004
Brasil,Acre,Xapuri,MCP-PEIXES,39470,"Pequeno Igarapé (tributário do rio Iná), ca. de 6 Km da BR-317 na estrada para Vai Quem Quer.",Characidium sp.,-10.7363888889,-68.1877777778,22,07,2004
Brasil,Mato Grosso,Vila Bela da Santíssima Trindade,MCP-PEIXES,39471,"Rio Guaporé, perto da ponte da estrada de Vila Bela da Santíssima Trindade.",Characidium sp.,-15.0063886642,-59.9555549622,11,07,2004
Brasil,Acre,Sena Madureira,MCP-PEIXES,39472,"Igarapé Sem Nome (afluente do rio Taquari), ca. de 50 Km a SE de Sena Madureira na BR-364.",Characidium sp.,-9.4358329773,-68.4041671753,21,07,2004
Brasil,Rondônia,Nova Mamoré,MCP-PEIXES,39544,"Igarapé Piriquita na BR-425, entre a BR-364 e Guajará-Mirim, ca. de 48 Km da BR-364.",Characidium sp.,-10.1094446182,-65.2902755737,25,07,2004
Brasil,Amazonas,Canutama,MCP-PEIXES,39545,"Rio Açuá, ca. de 129 Km ao S de Humaitá pela BR-319.",Characidium sp.,-8.1969444444,-63.8630555556,28,07,2004
Brasil,Acre,Sena Madureira,MCP-PEIXES,39546,"Ribeirão afluente do rio Iaco, ca. de 8 Km de Sena Madureira na BR-364.",Characidium sp.,-9.1227777778,-68.6027777778,21,07,2004
Brasil,Rondônia,Jaru,MCP-PEIXES,39548,"Pequeno igarapé correndo para NE (margem direita do rio Jaru) na BR-364, entre Ouro Preto D'Oeste e Jaru.",Characidium sp.,-10.5697221756,-62.3702774048,16,07,2004
Brasil,Mato Grosso,Poconé,MCP-PEIXES,39641,"Corixo (canal) na estrada Transpanteneira em direção ao Porto Manga, ca. de 16 Km de Poconé.",Characidium zebra,-16.3497222222,-56.6447222222,10,07,2004
Brasil,Amazonas,Humaitá,MCP-PEIXES,39703,"Rio Maicimirim, ca. de 45 Km a L do Rio Madeira pela rodovia Transamazônica.",Characidium sp.,-7.6322221756,-62.6622238159,27,07,2004
Brasil,Amazonas,Humaitá,MCP-PEIXES,39873,"Rio Maicimirim, ca. de 45 Km a L do Rio Madeira pela rodovia Transamazônica.",Characidium sp.,-7.6322221756,-62.6622238159,27,07,2004
Brasil,Bahia,Jeremoabo,MCP-PEIXES,40038,"rio Vaza Barris, Apa Serra Branca, Raso da Catarina.",Characidium sp.,-9.9475,-38.715,18,01,2006
Brasil,Mato Grosso,Vila Rica,MCP-PEIXES,40182,"Arroio na estrada secundária entre Vila Rica e Confresa, afluente Ribeirão Gameleira.",Characidium sp.,-10.525,-51.4108333333,25,10,2005
Brasil,Mato Grosso,Confresa,MCP-PEIXES,40185,rio Paciguara ca 2 Km ao Norte de Confresa BR 158 entre Confresa e Vila Rica.,Characidium sp.,-10.6261111111,-51.5475,27,10,2005
Brasil,Rio Grande do Sul,Osório,MCP-PEIXES,22451,Canal de ligação entre a lagoa Emboaba e Emboabinha.,Characidium sp.,-29.9658336639,-50.2291679382,28,11,1998
Brasil,Paraná,Pérola do Oeste,MCP-PEIXES,22604,Rio Lageado Liso na estrada BR 163; entre Planalto e Pérola do Oeste,Characidium sp.,-25.7336111111,-53.7997222222,06,12,1998
Brasil,Paraná,Guarapuava,MCP-PEIXES,22605,"Arroio no Km 386 na estrada BR 373, em direção a Larangeiras do Sul, entre Guarapuava e Lagoa Seca.",Characidium travassosi,-25.44,-51.8355555556,05,12,1998
Brasil,Paraná,Paulo Frontin,MCP-PEIXES,22607,Arroio Barra Grande na estrada BR 153.,Characidium sp.,-25.995,-50.8666666667,05,12,1998
Brasil,Paraná,Cruzeiro do Iguaçú,MCP-PEIXES,22608,Praia da represa do Salto Caxias na localidade foz do Chopim.,Characidium sp.,-25.5680555556,-53.1227777778,07,12,1998
Brasil,Paraná,Marmelândia,MCP-PEIXES,22609,"Rio Iguaçú, na estrada PR 182.",Characidium sp.,-25.5638888889,-53.5752777778,06,12,1998
Brasil,Rio Grande do Sul,Faxinal do Soturno,MCP-PEIXES,22727,Arroio afluente do rio Soturno a ca. de 4 km a NNW de Faxinal do Soturno.,Characidium orientale,-29.5486106873,-53.4647216797,01,04,1999
Brasil,Rio Grande do Sul,Lagoa Vermelha,MCP-PEIXES,22792,"Arroio Carazinho, na estrada entre Lagoa Vermelha e Vacaria (afluente do rio Taquari).",Characidium pterostictum,-28.2933330536,-51.4116668701,03,04,1999
Brasil,Rio Grande do Sul,Muitos Capões,MCP-PEIXES,22802,"Arroio Tavoqua, próximo a Fazenda Cambará. (afluente do rio Taquari).",Characidium pterostictum,-28.3641662598,-51.2980537415,03,04,1999
Brasil,Rio Grande do Sul,Osório,MCP-PEIXES,22823,Canal de ligação entre a lagoa Emboaba e Emboabinha.,Characidium sp.,-29.9658336639,-50.2291679382,17,04,1999
Brasil,Rio Grande do Sul,São Francisco de Assis,MCP-PEIXES,23099,Rio Jaguari-Mirim a ca. de 5 km a SE de São Francisco de Assis.,Characidium pterostictum,-29.6008338928,-55.0855560303,08,05,1999
Brasil,Rio Grande do Sul,São Sepé,MCP-PEIXES,23117,"Rio São Sepé, em ponte lateral a BR 153, a ca. de 3km ao Sul de São Sepé.",Characidium tenue,-30.1855564117,-53.5597229004,07,05,1999
Brasil,Rio Grande do Sul,São Francisco de Assis,MCP-PEIXES,23133,Arroio Sanga Funda a ca. de 15 Km a SE de São Francisco de Assis.,Characidium pterostictum,-29.650554657,-55.0016670227,07,05,1999
Brasil,Rio Grande do Sul,São Francisco de Assis,MCP-PEIXES,23165,Rio Inhacunda em São Francisco de Assis a ca. de 500 metros acima da olaria.,Characidium tenue,-29.5408325195,-55.1291656494,08,05,1999
Brasil,Mato Grosso,Chapada dos Guimarães,MCP-PEIXES,23482,"Arroio na fazenda do Chapéu, APM Manso.",Characidium sp.,-15.4666662216,-55.75,01,02,1999
Brasil,Minas Gerais,Juvenilia,MCP-PEIXES,23491,Rio Carinhanha na fazenda da Fundacao Caio Martins).,Characidium sp.,-14.25,-44.1500015259,30,07,1993
Brasil,Santa Catarina,Praia Grande,MCP-PEIXES,23540,Rio Mampituba entre Mãe dos Homens e São Roque.,Characidium pterostictum,-29.2469444275,-50.0699996948,21,07,1999
Brasil,Santa Catarina,Praia Grande,MCP-PEIXES,23548,Arroio Facão em Mãe dos Homens.,Characidium pterostictum,-29.2380561829,-50.0458335876,21,07,1999
Brasil,Santa Catarina,Praia Grande,MCP-PEIXES,23559,Arroio afluente do rio Sertão a ca. de 6 km a NE de Praia Grande em direção a Jacinto Machado.,Characidium pterostictum,-29.1616668701,-49.9138870239,21,07,1999
Brasil,Santa Catarina,Praia Grande,MCP-PEIXES,23567,"Arroio Malacara a ca. de 3,6 km a NW de Praia Grande, em direção a Jacinto Machado.",Characidium pterostictum,-29.1758327484,-49.9275016785,21,07,1999
Brasil,Santa Catarina,Praia Grande,MCP-PEIXES,23617,Arroio Maia Coco em Vila Rosa a ca. de 5 km a NW de Praia Grande.,Characidium pterostictum,-29.1702785492,-49.9802780151,21,07,1999
Brasil,Rio Grande do Sul,Itati,MCP-PEIXES,23671,Arroio do Padre na estrada entre Terra de Areia e Tainhas.,Characidium pterostictum,-29.4863891602,-50.1199989319,20,07,1999
Brasil,Rio Grande do Sul,Itati,MCP-PEIXES,23681,"Arroio do Padre a ca. de 0,4 km a montante da igreja do arroio do Padre.",Characidium pterostictum,-29.4913883209,-50.1433334351,20,07,1999
Brasil,Rio Grande do Sul,Mampituba,MCP-PEIXES,23730,"Rio Panela, afluente do rio da Praça",Characidium pterostictum,-29.2530555556,-50.0297222222,20,07,1999
Brasil,Rio Grande do Sul,Sentinela do Sul,MCP-PEIXES,23811,Arroio Capivaras na estrada de Sentinela do Sul para Vila Aurora.,Characidium sp.,-30.6574993134,-51.6033325195,26,06,1999
Brasil,Rio Grande do Sul,Sentinela do Sul,MCP-PEIXES,23812,"Arroio do Tigre, afluente do arroio Velhaco, na estrada de Cerro Grande do Sul para Camaquã.",Characidium sp.,-30.7416667938,-51.7738876343,26,06,1999
Brasil,Rio Grande do Sul,Turucu,MCP-PEIXES,23813,"Arroio Contagem na BR-116, próximo a Capão do Almoço.",Characidium tenue,-31.572221756,-52.263053894,27,06,1999
Brasil,Rio Grande do Sul,Sentinela do Sul,MCP-PEIXES,23815,Arroio Velhaco na estrada de Cerro Grande do Sul para Camaquã.,Characidium sp.,-30.6894435883,-51.6974983215,26,06,1999
Brasil,Rio Grande do Sul,Turucu,MCP-PEIXES,23816,"Arroio Contagem na BR-116, próximo a Capão do Almoço.",Characidium orientale,-31.572221756,-52.263053894,27,06,1999
Brasil,Rio Grande do Sul,Sentinela do Sul,MCP-PEIXES,23817,"Arroio do Tigre, afluente do arroio Velhaco, na estrada de Cerro Grande do Sul para Camaquã.",Characidium pterostictum,-30.7416667938,-51.7738876343,26,06,1999
Brasil,Rio Grande do Sul,Dom Feliciano,MCP-PEIXES,23818,Rio Sutil na estrada entre Camaquã e Dom Feliciano.,Characidium pterostictum,-30.6961116791,-52.0602760315,26,06,1999
Brasil,Rio Grande do Sul,Sentinela do Sul,MCP-PEIXES,23819,Arroio Velhaco na estrada de Cerro Grande do Sul para Camaquã.,Characidium orientale,-30.6894435883,-51.6974983215,26,06,1999
Brasil,Rio Grande do Sul,Sentinela do Sul,MCP-PEIXES,23821,"Arroio Faxinal, afluente do arroio Velhaco, na estrada de Cerro Grande do Sul para Camaquã.",Characidium pterostictum,-30.7299995422,-51.7566680908,26,06,1999
Brasil,Rio Grande do Sul,Sentinela do Sul,MCP-PEIXES,23823,"Arroio Faxinal, afluente do arroio Velhaco, na estrada de Cerro Grande do Sul para Camaquã.",Characidium sp.,-30.7299995422,-51.7566680908,26,06,1999
Brasil,Rio Grande do Sul,Pedro Osório,MCP-PEIXES,25085,Arroio Mata Olho na estrada entre Pedro Osório e a localidade de Basílio (-> rio Piratini),Characidium pterostictum,-31.915555954,-53.0047225952,20,11,1999
Brasil,Rio Grande do Sul,Piratini,MCP-PEIXES,25086,Sanga na estrada entre Pinheiro Machado e Piratini (-> rio Piratini),Characidium pterostictum,-31.4483337402,-53.1772232056,21,11,1999
Brasil,Rio Grande do Sul,Pedro Osório,MCP-PEIXES,25088,Sanga a ca. de 500 m da BR 293 entre Piratini e Pelotas (-> arroio Passo das Pedras -> rio Piratini),Characidium orientale,-31.7436103821,-52.6916656494,21,11,1999
Brasil,Rio Grande do Sul,Piratini,MCP-PEIXES,25094,Arroio Tamanduá na estrada entre Basílio e Pinheiro Machado (-> rio Piratini),Characidium pterostictum,-31.8072223663,-53.0236129761,20,11,1999
Brasil,Rio Grande do Sul,Pedro Osório,MCP-PEIXES,25099,Arroio Arambaré na estrada entre Pedro Osório e a localidade de Basílio (-> rio Piratini),Characidium pterostictum,-31.9097213745,-53.0277786255,20,11,1999
Brasil,Rio Grande do Sul,Pinheiro Machado,MCP-PEIXES,25100,"Arroio dos Pires, junto a ponte da estrada de ferro em Passo dos Pires (-> rio Piratini)",Characidium pterostictum,-31.6333332062,-53.4500007629,21,11,1999
Brasil,Rio Grande do Sul,Pedro Osório,MCP-PEIXES,25157,Arroio Reduzindo na estrada entre Pedro Osório e a localidade de Basílio (-> rio Piratini),Characidium pterostictum,-31.9088897705,-52.9275016785,20,11,1999
Brasil,Rio Grande do Sul,São Francisco de Assis,MCP-PEIXES,25184,Rio Inhacunda em São Francisco de Assis na saída para Manuel Viana.,Characidium tenue,-29.5475006104,-55.136390686,28,09,1999
Brasil,São Paulo,Salesópolis,MCP-PEIXES,25271,"Rio Paraitinga, acima da cidade.",Characidium oiticicai,-23.5238895416,-45.8025016785,17,12,1999
Brasil,São Paulo,Salesópolis,MCP-PEIXES,25272,"Rio Paraitinga, acima da cidade.",Characidium sp.,-23.5238895416,-45.8025016785,17,12,1999
Brasil,Rio Grande do Sul,Terra de Areia,MCP-PEIXES,25295,"Rio Três Pinheiros, sob a ponte na estrada para Vila Itati, a ca. de 7 km ao Norte da BR 101.",Characidium pterostictum,-29.5266666412,-50.1058349609,29,12,1999
Brasil,Rio Grande do Sul,Terra de Areia,MCP-PEIXES,25323,Rio Três Forquilhas em frente a igreja da Vila Itati.,Characidium pterostictum,-29.5119438171,-50.0919456482,29,12,1999
Brasil,Rio Grande do Sul,Esmeralda,MCP-PEIXES,19364,"Rio Pelotas no passo da Pedra Oveira, estrada Pinhal da Serra/Anita Garibaldi.",Characidium serrano,-27.7975006104,-51.1783332825,12,11,1996
Brasil,Rio Grande do Sul,Tupitinga,MCP-PEIXES,19381,Rio Canoas na estrada Tupitinga/Celso Ramos.,Characidium serrano,-27.5863895416,-51.4025001526,13,11,1996
Brasil,Rio Grande do Sul,Cachoeira do Sul,MCP-PEIXES,19420,"Lagoas na margem esquerda do rio Jacuí, junto a ponte da estrada de ligação da BR290 - Cachoeira do Sul",Characidium sp.,-30.05,-52.9,22,01,1996
Brasil,Rio Grande do Sul,Candelária,MCP-PEIXES,19426,"Rio Pardo, na estrada de Santa Cruz/Candelária.",Characidium sp.,-29.6766666667,-52.7719444444,21,01,1996
Brasil,Rio Grande do Sul,Candelária,MCP-PEIXES,19446,"Rio Pardo, na estrada de Santa Cruz/Candelária.",Characidium pterostictum,-29.6766666667,-52.7719444444,21,01,1996
Brasil,Rio Grande do Sul,Bom Retiro do Sul,MCP-PEIXES,19465,Rio Taquari em Bom Retiro do Sul.,Characidium orientale,-29.6000003815,-51.9500007629,29,10,1996
Brasil,Rio Grande do Sul,Coxilha,MCP-PEIXES,19558,Nascente do rio Caraguatá na fazenda Dückel.,Characidium vestigipinne,-28.1369438171,-52.3025016785,10,05,1996
Brasil,Rio Grande do Sul,Quaraí,MCP-PEIXES,19567,Rio Quaraí-Mirim na estrada Uruguaiana/Quaraí.,Characidium rachovii,-30.2580547333,-56.5102767944,13,09,1996
Brasil,Rio Grande do Sul,Encruzilhada do Sul,MCP-PEIXES,19638,"Arroio Abrânio, estrada Encruzilhada do Sul/Canguçu, 41,3 km de Encruzilhada do Sul (alf. rio Camaquã).",Characidium tenue,-30.8833332062,-52.5333328247,18,12,1996
Brasil,São Paulo,Iporanga,MCP-PEIXES,19849,"Córrego seco em Bairro da Serra, ca. 13 Km WNW de Iporanga.",Characidium pterostictum,-24.5511112213,-48.6855545044,10,01,1997
Brasil,São Paulo,Iporanga,MCP-PEIXES,19850,"Córrego seco em Bairro da Serra, ca. 13 Km WNW de Iporanga.",Characidium pterostictum,-24.5511112213,-48.6855545044,10,01,1997
Brasil,São Paulo,Iporanga,MCP-PEIXES,19852,"Rio Betari na ponte pensil do Bairro da Serra, ca. 13 Km WNW de Iporanga.",Characidium pterostictum,-24.5544452667,-48.6791648865,10,01,1997
Brasil,São Paulo,Eldorado,MCP-PEIXES,19853,Córrego Sujo na estrada entre Arcado e Braço ca. 2 Km sudoeste da estrada Iporanga/Eldorado.,Characidium pterostictum,-24.6047229767,-48.2794456482,11,01,1997
Brasil,São Paulo,Eldorado,MCP-PEIXES,19854,"Ribeirão Arealzinho, Vila do Sossego, 6 Km ao sul de Barra do Braço.",Characidium pterostictum,-24.6608333588,-48.2761116028,11,01,1997
Brasil,São Paulo,São Luis Paraitinga,MCP-PEIXES,19860,"Ribeirão do Pinga, tributário do Ribeirão do Chapéu, em Catuçaba.",Characidium sp.,-23.2436103821,-45.2088890076,14,01,1997
Brasil,São Paulo,Silveiras,MCP-PEIXES,19861,"Ribeirão Macacos, 3 Km SE do Bairro dos Macacos. (afl. do rio paraitinga).",Characidium lauroi,-22.8036117554,-44.8183326721,16,01,1997
Brasil,Rio de Janeiro,Cachoeiras de Macacu,MCP-PEIXES,19865,"Rio da Toca, junto a foz do rio Macacu, estrada da Nova Friburgo/Cachoeiras de Macacu, RJ 116 Km 44",Characidium vidali,-22.4511108398,-42.6488876343,19,01,1997
Brasil,Rio de Janeiro,Macaé,MCP-PEIXES,19867,Rio do Salto ca. 14 Km NW de Rio Dourado (BR101) (afl. rio Macaé).,Characidium sp.,-22.3863887787,-42.1219444275,20,01,1997
Brasil,Rio de Janeiro,Parati,MCP-PEIXES,19868,"Arroio afl. do rio Parati Mirim, Km 207 da BR101, estrada Parati/Ubatuba.",Characidium japuhybense,-23.3411102295,-44.7458343506,22,01,1997
Brasil,Rio Grande do Sul,Ronda Alta,MCP-PEIXES,20206,Recanto da Barragem de Passo Fundo - Eletrosul UPPF.,Characidium tenue,-27.6691665649,-52.756942749,05,09,1997
Brasil,Goiás,Caldas Novas,MCP-PEIXES,20341,"Rio Corumbá, afluente do Paranaíba, região dos municípios de Caldas Novas, Corumbaína, Pires do Rio e Ipameri.",Characidium sp.,-18,-49,07,09,1996
Brasil,Santa Catarina,Mondaí,MCP-PEIXES,20437,Rio Uruguai.,Characidium sp.,-27.0866661072,-53.3769454956,03,05,1997
Brasil,Rio Grande do Sul,Pedro Osório,MCP-PEIXES,20544,"Arroio na estrada Pedro Osório - Basílio, ca de 13 Km de Pedro Osório.",Characidium orientale,-31.915555954,-52.9480552673,22,12,1997
Brasil,Rio Grande do Sul,Coxilha,MCP-PEIXES,20561,"Nascente do rio Caraguatá, cerce de 200 m da RS-135 entre Coxilha e Passo Fundo (atrás do Posto Coxilha).",Characidium vestigipinne,-28.1369438171,-52.3025016785,27,09,1997
Brasil,Rio Grande do Sul,Osório,MCP-PEIXES,20725,Canal de ligação entre a lagoa Emboaba e Emboabinha.,Characidium sp.,-29.9658336639,-50.2291679382,27,03,1998
Brasil,Rio Grande do Sul,Pedro Osório,MCP-PEIXES,20842,Arroio Reduzinho entre Pedro Osório e Basílio,Characidium orientale,-31.9069442749,-52.9280548096,15,11,1997
Brasil,Rio Grande do Sul,Erval,MCP-PEIXES,20843,Sanga afluente do arroio Arambaré (afl. rio Santa Maria -> rio Piratini) entre Pedro Osório e Airosa Galvão,Characidium orientale,-31.971944809,-53.094165802,15,11,1997
Brasil,Rio Grande do Sul,Três Forquilhas,MCP-PEIXES,21094,Rio Tres Forquilhas (nascentes),Characidium pterostictum,-29.5333328247,-50.0833320618,23,09,1997
Brasil,Rio Grande do Sul,Soledade,MCP-PEIXES,21202,"Arroio na estrada Soledade/Arvorezinha, ca 10km SE da BR 386 (afluente rio Taquari).",Characidium pterostictum,-28.8047218323,-52.3722229004,25,08,1998
Brasil,Rio Grande do Sul,Soledade,MCP-PEIXES,21215,"Arroio Despraiado, na estrada entre Soledade e Arvorezinha, ca 4km a SE da BR 386.",Characidium pterostictum,-28.8072223663,-52.4297218323,25,08,1998
Brasil,Rio Grande do Sul,Agudo,MCP-PEIXES,21247,Arroio Linha das Flores ca 10km a NNW de Agudo na estrada para UHE Dona Francisca.,Characidium pterostictum,-29.6005555556,-53.2802777778,22,08,1998
Brasil,Rio Grande do Sul,Tunas,MCP-PEIXES,21268,"Arroio Passo das Éguas, na estrada entre Tunas e Jacuizinho.",Characidium pterostictum,-29.0508327484,-53.0172233582,24,08,1998
Brasil,Rio Grande do Sul,São José do Norte,MCP-PEIXES,21360,Arroio no balneario de Bujuru.,Characidium rachovii,-31.671667099,-51.4075012207,21,09,1998
Brasil,Rio Grande do Sul,Quinze de Novembro,MCP-PEIXES,21444,"Arroio afluente da barragem de Passo Real a ca. de 7,1 km a NNW de Fortaleza dos Valos em direção a Santa Clara Ingaí",Characidium pterostictum,-28.7419452667,-53.2169456482,12,10,1998
Brasil,Rio Grande do Sul,Fortaleza dos Valos,MCP-PEIXES,21474,Arroio afluente do rio Ingaí a ca. de 4 km ao N da Fazenda Colorados,Characidium tenue,-28.8722229004,-53.2802772522,11,10,1998
Brasil,Rio Grande do Sul,Pinhal Grande,MCP-PEIXES,21483,Rio Ferreira entre Pinhal Grande e Itauba.,Characidium orientale,-29.2769451141,-53.2480545044,11,10,1998
Brasil,Rio Grande do Sul,Soledade,MCP-PEIXES,21498,Rio Espraiado no camping Beira Rio na BR 386 entre Soledade e Passo Fundo.,Characidium pterostictum,-28.7222213745,-52.5591659546,12,10,1998
Brasil,Rio Grande do Sul,Sinimbu,MCP-PEIXES,21578,"Rio Pequeno (=Sinimbu), a ca. de 2 km ao N de Sinimbu",Characidium orientale,-29.5174999237,-52.5125007629,13,10,1998
Brasil,Rio Grande do Sul,Quaraí,MCP-PEIXES,21646,Rio Quaraí-Mirim na estrada Uruguaiana/Quaraí.,Characidium sp.,-30.2558326721,-56.5063896179,27,10,1998
Brasil,Rio Grande do Sul,Uruguaiana,MCP-PEIXES,21654,"Rio Uruguai e poças laterais na praia da Formosa, São Marcos.",Characidium sp.,-29.4983329773,-56.8199996948,27,10,1998
Brasil,Pará,Ulianópolis,MCP-PEIXES,21748,"Rio Porão, ca. 50 km ao NNW de Ulianópolis (afluente do rio Gurupi).",Characidium sp.,-3.3586111069,-47.2555541992,16,07,1998
Brasil,Pará,Concórdia do Pará,MCP-PEIXES,21749,"Igarapé Bujarú, ca. 20 km a ESE da Acará, na estrada Acará/Concórdia do Pará (afl. rio Guamá).",Characidium sp.,-1.993055582,-48.0352783203,19,07,1998
Brasil,Pará,Santa Luzia do Pará,MCP-PEIXES,21751,"Rio afluente do rio Caeté, na estrada Pará/Maranhão (BR 316).",Characidium sp.,-1.4630556107,-46.9538879395,23,07,1998
Brasil,Pará,Dom Eliseu,MCP-PEIXES,21754,"Rio Itinga, na divisa Maranhao/Pará, ca. 58 km ao N de Açailândia (afluente do rio Gurupi).",Characidium sp.,-4.4438886642,-47.5325012207,16,07,1998
Brasil,Pará,Santa Luzia do Pará,MCP-PEIXES,21755,"Rio Peritoró, na estrada Pará/Maranhão (BR 316) (afl. do rio Piriá).",Characidium sp.,-1.6369444132,-46.7972221375,23,07,1998
Brasil,Maranhão,Timon,MCP-PEIXES,21756,"Igarapé do Pinto na estrada Pará/Maranhão (BR 316), ca. 58 km a ESE de Caxias.",Characidium sp.,-5.0602779388,-42.893611908,26,07,1998
Brasil,Pará,Ulianópolis,MCP-PEIXES,21758,"Rio Piria, na localidade de Piria, ca. 39 km ao NNW de Ulianópolis (afluente do rio Gurupi).",Characidium sp.,-3.4549999237,-47.2702789307,16,07,1998
Brasil,Distrito Federal,Brasília,MCP-PEIXES,21759,"Ribeirão Santana afluente do rio São João, na estrada cidade Ocidental/Brasília.",Characidium sp.,-16.0152778625,-47.8005561829,13,07,1998
Brasil,Piauí,Teresina,MCP-PEIXES,21760,Riacho Palo (ou riacho Formosa) em Formosa.,Characidium sp.,-5.2408332825,-42.6719436646,27,07,1998
Brasil,Pará,Irituia,MCP-PEIXES,21764,"Igarapé na estrada Belém/Brasília (BR 010), entre Mãe do Rio e Irituia (afl. rio Guamá).",Characidium sp.,-1.8488888741,-47.5205574036,19,07,1998
Brasil,Pará,Tailândia,MCP-PEIXES,21766,"Rio Turiaçu, na estrada Tailândia/Moju (afl. rio Acará).",Characidium sp.,-2.4302778244,-48.7383346558,18,07,1998
Brasil,Pará,Irituia,MCP-PEIXES,21781,"Rio Jauara, na estrada Belém/Brasília (BR 010), entre Mãe do Rio e Irituia (afl. rio Guamá).",Characidium sp.,-1.9247221947,-47.5224990845,19,07,1998
Brasil,Rio Grande do Sul,Sto Antonio Planalto,MCP-PEIXES,22132,"Rio da Glória, ca. 1500 m a leste da estrada BR 386, entre Tio HUgo e Carazinho.",Characidium pterostictum,-28.3505554199,-52.7211112976,18,01,1999
Brasil,Rio Grande do Sul,Vila Maria,MCP-PEIXES,22231,"Arroio Porongas ca. 1,5 km a NE de Vila Maria (afluente do rio Taquari).",Characidium pterostictum,-28.5261116028,-52.1394462585,20,01,1999
Brasil,Rio Grande do Sul,Passo Fundo,MCP-PEIXES,22249,"Arroio Carreta Quebrada, ca. 8 km a SSE de Capinzal.",Characidium pterostictum,-28.4466667175,-52.3844451904,19,01,1999
Brasil,Rio Grande do Sul,Maquiné,MCP-PEIXES,25355,Arroio Água Parada (-> rio Maquiné).,Characidium pterostictum,-29.6919441223,-50.2441673279,18,08,1999
Brasil,São Paulo,Salesópolis,MCP-PEIXES,25558,Rio Paraitinga na cachoeira da Porteira.,Characidium sp.,-23.5269451141,-45.7644462585,17,12,1999
Brasil,Paraná,Capanema,MCP-PEIXES,25594,"Rio Lageado Grande, na estrada Flor da Serra/Capanema, ca. 10 km a Oeste do trevo para Alto Faraday.",Characidium sp.,-25.6111111111,-53.7052777778,28,03,2000
Brasil,Rio Grande do Sul,São Francisco de Paula,MCP-PEIXES,25684,Rio Contendas na estrada Aratinga/Tainhas.,Characidium pterostictum,-29.2833328247,-50.2666664124,20,03,2000
Brasil,Rio Grande do Sul,Bagé,MCP-PEIXES,25802,"Arroio do Tigre, estrada secundária Bagé/Lavras do Sul.",Characidium pterostictum,-31.0797214508,-53.9008331299,27,04,2000
Brasil,Rio Grande do Sul,Bagé,MCP-PEIXES,25873,"Arroio Camaquã Chico, estrada secundária Bagé/Lavras do Sul.",Characidium pterostictum,-30.9074993134,-53.8202781677,27,04,2000
Brasil,Rio Grande do Sul,Caçapava do Sul,MCP-PEIXES,25883,Sanga afluente do arroio Seival na estrada entre Caçapava do Sul e Lavras do Sul,Characidium pterostictum,-30.7333335876,-53.7011108398,26,04,2000
Brasil,Rio Grande do Sul,Lavras do Sul,MCP-PEIXES,25915,Arroio afluente do rio Camaquã Chico,Characidium pterostictum,-31.0116672516,-54.0652770996,26,04,2000
Brasil,Rio Grande do Sul,Lavras do Sul,MCP-PEIXES,25925,Arroio da Mantiqueira,Characidium pterostictum,-30.9066666667,-53.9683333333,26,04,2000
Brasil,Rio Grande do Sul,Caçapava do Sul,MCP-PEIXES,25956,Arroio Seival na estrada entre Caçapava do Sul e Lavras do Sul,Characidium tenue,-30.7405548096,-53.7097206116,26,04,2000
Brasil,Rio Grande do Sul,Maquiné,MCP-PEIXES,26112,Arroio Forqueta (-> rio Maquiné).,Characidium pterostictum,-29.5450000763,-50.2391662598,01,02,2000
Brasil,Rio Grande do Sul,Nova Palma,MCP-PEIXES,26566,Arroio Caemborá próximo a localidade de Caemborá.,Characidium pterostictum,-29.480556488,-53.2972221375,11,11,2000
Brasil,Rio Grande do Sul,Santana do Livramento,MCP-PEIXES,26742,Arroio Ibicuí da Faxina na BR 158 em direção a Santana do Livramento.,Characidium sp.,-30.7919445038,-55.2097206116,29,11,2000
Brasil,Rio Grande do Sul,Santana do Livramento,MCP-PEIXES,26764,Arroio Ibicuí da Faxina na BR 158 em direção a Santana do Livramento.,Characidium tenue,-30.7919445038,-55.2097206116,29,11,2000
Brasil,Rio Grande do Sul,Cacequi,MCP-PEIXES,26816,Rio Ibicuí Mirim na divisa entre São Vicente do Sul e Cacequi.,Characidium tenue,-29.8394451141,-54.7980537415,29,11,2000
Brasil,Rio Grande do Sul,Júlio de Castilhos,MCP-PEIXES,26854,"Arroio Tipiáia, a ca. de 13 km ao Norte de Júlio de Castilhos, na estrada para Cruz Alta.",Characidium pterostictum,-29.1038894653,-53.5733337402,28,11,2000
Brasil,Rio Grande do Sul,Agudo,MCP-PEIXES,26973,"Arroio Corupá, na estrada entre Agudo e UHE Dona Francisca",Characidium tenue,-29.5650005341,-53.2858314514,01,02,2001
Panamá,Darién,El Real,MCP-PEIXES,27068,"Rio Pirre, acima de El Real (acima da zona de maré).",Characidium marshi,8.1000003815,-77.75,16,02,1985
Brasil,Rio Grande do Sul,Candiota,MCP-PEIXES,27186,Arroio Quebra Jugo no passo dos Pinheiros (PO01).,Characidium orientale,-31.5497226715,-53.7713890076,02,01,2001
Brasil,Rio Grande do Sul,Candiota,MCP-PEIXES,27189,"Arroio Candiota, no passo do Cerro, próximo à confluência com o rio Jaguarão (CA07).",Characidium pterostictum,-31.8325004578,-53.8552780151,02,01,2001
Brasil,Rio Grande do Sul,Candiota,MCP-PEIXES,27270,Arroio Candiota no Passo da Pinguela (CA03).,Characidium orientale,-31.6697216034,-53.6616668701,16,02,2001
Brasil,Rio Grande do Sul,Candiota,MCP-PEIXES,27299,"Arroio Candiota, no passo do Cerro, próximo à confluência com o rio Jaguarão (CA07).",Characidium orientale,-31.8325004578,-53.8552780151,17,02,2001
Brasil,Espírito Santo,Santa Maria de Jetibá,MCP-PEIXES,27331,"Rio Santa Maria da Vitória, em Santa Maria de Jetibá.",Characidium sp.,-20.0333333333,-40.7333333333,27,07,2000
Brasil,Rio Grande do Sul,São Francisco de Assis,MCP-PEIXES,27454,Córrego afluente do rio Inhacunda em São Francisco de Assis a ca. de 300 metros acima da olaria.,Characidium pterostictum,-29.540555954,-55.1294441223,12,05,2001
Brasil,Rio Grande do Sul,São Francisco de Assis,MCP-PEIXES,27460,Córrego afluente do rio Inhacunda em São Francisco de Assis a ca. de 300 metros acima da olaria.,Characidium tenue,-29.540555954,-55.1294441223,12,05,2001
Brasil,Rio Grande do Sul,Santiago,MCP-PEIXES,27467,"Rio Itu, na estrada Santiago/Rincão dos Dorneles, ca. 12 km a NW de Santiago (afl. rio Ibicui).",Characidium pterostictum,-29.1491661072,-54.9944458008,12,05,2001
Brasil,Rio Grande do Sul,Santiago,MCP-PEIXES,27489,"Rio Itu, afluente do rio Ibicui.",Characidium sp.,-29.1758327484,-55.1100006104,12,05,2001
Brasil,Rio Grande do Sul,Santiago,MCP-PEIXES,27490,"Rio Itu, afluente do rio Ibicui.",Characidium pterostictum,-29.1758327484,-55.1100006104,12,05,2001
Brasil,Rio Grande do Sul,São Francisco de Assis,MCP-PEIXES,27509,"Arroio Taquari, ca 10 km ao sul de vila Kramer (alf. rio Miracatu -> rio Ibicui).",Characidium pterostictum,-29.3963890076,-55.1477775574,12,05,2001
Brasil,Rio Grande do Sul,Tupanciretã,MCP-PEIXES,27520,"Rio Santana, próximo a localidade de Jari (alf. rio Jaguari -> rio Ibicui).",Characidium occidentale,-29.2425003052,-54.2797241211,11,05,2001
Brasil,Rio Grande do Sul,Tupanciretã,MCP-PEIXES,27522,"Arroio Santana, próximo a Rincão dos Cardoso (alf. rio Jaguari -> rio Ibicui).",Characidium pterostictum,-29.2458324432,-54.3527793884,11,05,2001
Brasil,Rio Grande do Sul,Santiago,MCP-PEIXES,27536,"Arroio Lagoão, na estrada secundária Santiago/Manoel de Freitas (afl. rio Itu -> rio Ibicui).",Characidium pterostictum,-29.1358337402,-55.0238876343,12,05,2001
Brasil,Rio Grande do Sul,Jaguari,MCP-PEIXES,27540,"Arroio do Funcho, estrada BR 453/Ijucapirama, ca. 3 km a NE da BR 453 (alf. rio do Tigre -> Jaguari -> rio Ibicui).",Characidium pterostictum,-29.4702777863,-54.6663894653,11,05,2001
Brasil,Rio Grande do Sul,Tupanciretã,MCP-PEIXES,27547,"Arroio afluente do rio Santana, próximo a localidade de Jari (alf. rio Jaguari -> rio Ibicui).",Characidium pterostictum,-29.2322216034,-54.356388092,11,05,2001
Brasil,Rio Grande do Sul,Tupanciretã,MCP-PEIXES,27624,"Rio Santana, próximo a localidade de Jari (alf. rio Jaguari -> rio Ibicui).",Characidium pterostictum,-29.2425003052,-54.2797241211,11,05,2001
Brasil,Rio Grande do Sul,Jaguari,MCP-PEIXES,27635,"Arroio Caracol, na estrada BR 453/ Jari (alf. rio Jaguari -> rio Ibicui).",Characidium pterostictum,-29.4166660309,-54.5875015259,11,05,2001
Brasil,Rio Grande do Sul,São Francisco de Assis,MCP-PEIXES,27662,"Arroio Caraí-Passo, na estrada São Fco. de Assis/Manuel Viana (alf rio Ibicui).",Characidium sp.,-29.5174999237,-55.1802787781,12,05,2001
Brasil,Espírito Santo,Santa Teresa,MCP-PEIXES,27679,Rio Lombardia em Nova Lombardia.,Characidium sp.,-19.8783333333,-40.5375,12,02,2001
Brasil,Bahia,Trancoso,MCP-PEIXES,27739,Rio Trancoso.,Characidium sp.,-16.584444046,-39.150554657,07,04,2001
Brasil,Espírito Santo,Pedro Canário,MCP-PEIXES,27740,Córrego do Engano (sistema do rio Itaúnas).,Characidium sp.,-18.2075004578,-40.0447235107,16,02,2001
Peru,Loreto,Nauta,MCP-PEIXES,28166,Quebrada a 62 km SW de Iquitos na estrada para Nauta.,Characidium sp.,-4.2591667175,-73.5030517578,06,08,2000
Brasil,Minas Gerais,Paracatu,MCP-PEIXES,28283,Córrego na estrada Paracatu/João Pinheiro (BR 040).,Characidium sp.,-17.3041667938,-46.7711105347,24,01,2001
Brasil,Minas Gerais,Vazante,MCP-PEIXES,28284,Córrego na estrada Vazante/Lagamar (sistema do rio Santa Catarina).,Characidium sp.,-18.0572223663,-46.8708343506,25,01,2001
Brasil,Minas Gerais,Guarda-Mor,MCP-PEIXES,28285,Córrego na estrada Guarda-Mor/Vazante (siatema do rio Claro).,Characidium sp.,-17.9069442749,-47.0408325195,25,01,2001
Brasil,Minas Gerais,Presidente Olegário,MCP-PEIXES,28289,Córrego na estrada Presidente Olegário/Galena (sistema do rio da Prata).,Characidium sp.,-18.3172225952,-46.1430549622,25,01,2001
Brasil,Minas Gerais,Claro de Minas,MCP-PEIXES,28292,"Rio Pirapitinga, estrada Guarda-Mor/Vazante (sistema do rio Claro).",Characidium sp.,-17.9441661835,-46.9688873291,25,01,2001
Brasil,Minas Gerais,Claro de Minas,MCP-PEIXES,28294,"Rio Pirapitinga, estrada Guarda-Mor/Vazante (sistema do rio Claro).",Characidium sp.,-17.9441661835,-46.9688873291,25,01,2001
Brasil,Minas Gerais,Lagamar,MCP-PEIXES,28297,"Nascentes do rio Paracatu, na fazenda Matinha, cerca de 19 km da cidade de Lagamar.",Characidium sp.,-18.1975002289,-46.6547241211,25,01,2001
Brasil,São Paulo,Piracicaba,MCP-PEIXES,28365,"Rio Piracicaba, na cidade de Piracicaba.",Characidium sp.,-22.721944809,-47.655834198,29,01,2001
Brasil,Minas Gerais,Cruzeiro Fortaleza,MCP-PEIXES,28366,"Córrego Jacú, na estrada Rio Serra do Salitre/Brejo Bonito (sistema do rio Quebra Anzol).",Characidium sp.,-19.0063896179,-46.6602783203,26,01,2001
Brasil,Goiás,Davinópolis,MCP-PEIXES,28367,"Córrego na estrada Davinópolis em direção a balsa do Paranaíba, cerca de 6 km de Davinópolis.",Characidium sp.,-18.1602783203,-47.511390686,22,01,2001
Brasil,Minas Gerais,Rio Paranaíba,MCP-PEIXES,28368,"Ribeirão de Fora, estrada Rio Paranaíba/Serra do Salitre.",Characidium sp.,-19.1994438171,-46.363609314,26,01,2001
Brasil,São Paulo,Sete Barras,MCP-PEIXES,28371,"Rio Ipiranga, estrada Juquiá/Sete Barras (afl. rio Juquiá).",Characidium sp.,-24.3163890839,-47.8527793884,29,01,2001
Brasil,Goiás,Davinópolis,MCP-PEIXES,28374,Rio São Bento.,Characidium sp.,-18.1161117554,-47.6202774048,22,01,2001
bresil,NA,NA,RECOLNAT_MNHN_IC,1909-0309,NA,Characidium interruptum,0,0,NA,NA,NA
bolivie,NA,NA,RECOLNAT_MNHN_IC,1989-1497,NA,Characidium bolivianum,0,0,20,6,1983
guyane francaise,cayenne,NA,RECOLNAT_MNHN_IC,1981-0219,NA,Characidium catenatum,2.233,-52.867,1,10,1976
guyane francaise,cayenne,NA,RECOLNAT_MNHN_IC,1981-0351,NA,Characidium catenatum,0,0,6,10,1976
guyane francaise,cayenne,NA,RECOLNAT_MNHN_IC,1981-0472,NA,Characidium catenatum,0,0,14,11,1976
perou,NA,NA,RECOLNAT_MNHN_IC,1982-0547,NA,Characidium etheostoma,0,0,NA,8,1978
guyane francaise,st.laurent du maroni,NA,RECOLNAT_MNHN_IC,2000-6110,NA,Characidium fasciadorsale,2.817,-53.533,NA,NA,2000
guyane francaise,st.laurent du maroni,NA,RECOLNAT_MNHN_IC,2000-6222,NA,Characidium fasciadorsale,2.817,-53.533,NA,NA,2000
guyane francaise,st.laurent du maroni,NA,RECOLNAT_MNHN_IC,2000-6432,NA,Characidium fasciadorsale,0,0,NA,NA,2000
guyane francaise,st.laurent du maroni,NA,RECOLNAT_MNHN_IC,2000-6450,NA,Characidium fasciadorsale,0,0,NA,10,2000
guyane francaise,st.laurent du maroni,NA,RECOLNAT_MNHN_IC,2000-6461,NA,Characidium fasciadorsale,3.283,-54.067,NA,10,2000
guyane francaise,st.laurent du maroni,NA,RECOLNAT_MNHN_IC,2001-1538,NA,Characidium fasciadorsale,0,0,4,3,1980
guyane francaise,st.laurent du maroni,NA,RECOLNAT_MNHN_IC,2001-1863,NA,Characidium fasciadorsale,0,0,27,9,1997
guyane francaise,cayenne,NA,RECOLNAT_MNHN_IC,2001-1865,NA,Characidium fasciadorsale,0,0,3,10,1979
guyane francaise,st.laurent du maroni,NA,RECOLNAT_MNHN_IC,2001-1866,NA,Characidium fasciadorsale,0,0,NA,NA,NA
guyane francaise,st.laurent du maroni,NA,RECOLNAT_MNHN_IC,2003-0051,NA,Characidium fasciadorsale,0,0,31,10,2002
guyane francaise,cayenne,NA,RECOLNAT_MNHN_IC,2003-2509,NA,Characidium fasciadorsale,0,0,9,11,2003
guyane francaise,st.laurent du maroni,NA,RECOLNAT_MNHN_IC,2004-0409,NA,Characidium fasciadorsale,0,0,NA,11,2003
guyane francaise,st.laurent du maroni,NA,RECOLNAT_MNHN_IC,2004-0506,NA,Characidium fasciadorsale,0,0,NA,11,2003
guyane francaise,NA,NA,RECOLNAT_MNHN_IC,2004-3008,NA,Characidium fasciadorsale,0,0,11,11,2001
guyane francaise,NA,NA,RECOLNAT_MNHN_IC,2004-3043,NA,Characidium fasciadorsale,0,0,12,11,2001
guyane francaise,NA,NA,RECOLNAT_MNHN_IC,2004-3049,NA,Characidium fasciadorsale,0,0,10,11,2001
guyane francaise,st.laurent du maroni,NA,RECOLNAT_MNHN_IC,2000-6041,NA,Characidium fasciatum,0,0,27,10,2000
bresil,NA,NA,RECOLNAT_MNHN_IC,1990-0262,NA,Characidium lagosantensis,0,0,NA,NA,1876
guyane francaise,cayenne,NA,RECOLNAT_MNHN_IC,2000-1339,NA,Characidium pteroides,0,0,NA,10,1984
bresil,amapa,NA,RECOLNAT_MNHN_IC,1998-0156,NA,Characidium sp.,2.15,-51,26,8,1992
guyane francaise,st.laurent du maroni,NA,RECOLNAT_MNHN_IC,2000-6422,NA,Characidium sp.,2.817,-53.533,NA,NA,2000
guyane francaise,guyane française,NA,RECOLNAT_MNHN_IC,2002-3556,NA,Characidium sp.,2.291,-54.535,20,10,2002
guyane francaise,cayenne,NA,RECOLNAT_MNHN_IC,2003-2503,NA,Characidium sp.,0,0,7,11,2003
Brasil,Mato Grosso do Sul,Maracajú,INPA-PEIXES,35368,NA,Characidium aff. gomesi,-21.6144,-55.1683,17,12,2010
Brasil,Amazonas,Manaus,INPA-PEIXES,29931,NA,Characidium aff. pteroides,-3.10194,-60.025,06,07,2005
Brasil,Amazonas,Manaus,INPA-PEIXES,30348,NA,Characidium aff. pteroides,-3.10194,-60.025,10,07,2005
Brasil,Amazonas,Manaus,INPA-PEIXES,30539,NA,Characidium aff. pteroides,-3.10194,-60.025,14,06,2008
Brasil,Roraima,Caracaraí,INPA-PEIXES,37017,NA,Characidium aff. pteroides,1.81611,-61.1281,24,09,2006
Brasil,Amazonas,São Gabriel da Cachoeira,INPA-PEIXES,9207,NA,Characidium aff. pteroides,-0.130278,-67.0892,30,03,1990
Brasil,Rondônia,NA,INPA-PEIXES,12889,NA,Characidium aff. zebra,0,0,04,07,1992
Brasil,Mato Grosso,Aripuanã,INPA-PEIXES,28800,NA,Characidium aff. zebra,-10.1667,-59.4594,10,07,2007
Brasil,Rondônia,Ji-parana,INPA-PEIXES,32517,NA,Characidium aff. zebra,-10.8853,-61.9517,23,04,2009
Brasil,Mato Grosso do Sul,Ivinhema,INPA-PEIXES,35344,NA,Characidium aff. zebra,-22.3047,-53.8153,17,12,2010
Brasil,Mato Grosso do Sul,Maracajú,INPA-PEIXES,35369,NA,Characidium aff. zebra,-21.6144,-55.1683,17,12,2010
Brasil,Mato Grosso,N. S. do Livramento,INPA-PEIXES,36217,NA,Characidium aff. zebra,0,0,07,05,2009
Brasil,Mato Grosso,N. S. do Livramento,INPA-PEIXES,37532,NA,Characidium aff. zebra,0,0,20,03,2011
Brasil,Rondônia,Ji-Paraná,INPA-PEIXES,1716,NA,Characidium catenatum,-10.8853,-61.9517,01,10,1985
Brasil,Roraima,Mucajaí,INPA-PEIXES,1723,NA,Characidium catenatum,2.43,-60.9,19,02,1987
Brasil,Roraima,Normandia,INPA-PEIXES,36884,NA,Characidium cf. pellucidum,3.88111,-59.6228,22,09,2011
Brasil,Amazonas,Manaus,INPA-PEIXES,20102,NA,Characidium cf. pteroides,-3.10194,-60.025,21,10,2001
Brasil,Amazonas,NA,INPA-PEIXES,25368,NA,Characidium cf. pteroides,0,0,08,06,2004
Brasil,Amazonas,Manaus,INPA-PEIXES,26261,NA,Characidium cf. pteroides,-3.10194,-60.025,02,09,2006
Brasil,Mato Grosso,Aripuanã,INPA-PEIXES,41041,NA,Characidium cf. pteroides,-10.1667,-59.4594,09,11,1976
Brasil,Amazonas,Tapauá,INPA-PEIXES,42100,NA,Characidium cf. steindachneri,-5.62833,-63.1833,17,08,2012
Brasil,Mato Grosso,Aripuanã,INPA-PEIXES,39171,NA,Characidium cf. zebra,-10.1667,-59.4594,09,11,1976
Brasil,Amazonas,São Gabriel da Cachoeira,INPA-PEIXES,14131,NA,Characidium crandellii,-0.130278,-67.0892,04,03,1994
Brasil,Roraima,Boa Vista,INPA-PEIXES,1635,NA,Characidium crandellii,2.81972,-60.6733,31,03,1987
Brasil,Amapá,NA,INPA-PEIXES,4909,NA,Characidium crandellii,0,0,22,03,1991
Brasil,Pará,Oriximiná,INPA-PEIXES,7780,NA,Characidium crandellii,-1.76556,-55.8661,10,04,1985
Brasil,Pará,Oriximiná,INPA-PEIXES,7802,NA,Characidium crandellii,-1.76556,-55.8661,11,10,1985
Brasil,Pará,Oriximiná,INPA-PEIXES,7810,NA,Characidium crandellii,-1.76556,-55.8661,10,10,1985
Brasil,Pará,NA,INPA-PEIXES,14112,NA,Characidium declivirostre,0,0,24,09,1997
Brasil,Amazonas,São Gabriel da Cachoeira,INPA-PEIXES,14135,NA,Characidium declivirostre,-0.130278,-67.0892,03,03,1994
Brasil,Amazonas,Presidente Figueiredo,INPA-PEIXES,1735,NA,Characidium gr. blennioides,-2.03444,-60.025,08,10,1987
Brasil,Pará,Oriximiná,INPA-PEIXES,1732,NA,Characidium declivirostre,-1.76556,-55.8661,19,05,1986
Brasil,Amazonas,Presidente Figueiredo,INPA-PEIXES,41024,NA,Characidium declivirostre,-2.03444,-60.025,23,11,1985
Brasil,Rondônia,Ariquemes,INPA-PEIXES,1046,NA,Characidium fasciatum,-9.91333,-63.0408,31,07,1985
Brasil,Rondônia,Ariquemes,INPA-PEIXES,1059,NA,Characidium fasciatum,-9.91333,-63.0408,17,08,1985
Brasil,Mato Grosso,Figueiropolis D'Oeste,INPA-PEIXES,1660,NA,Characidium fasciatum,-15.445,-58.7403,30,09,1984
Brasil,Mato Grosso,Indiavaí,INPA-PEIXES,1661,NA,Characidium fasciatum,-15.4944,-58.5728,29,09,1984
Brasil,Mato Grosso,Vila Bela da Santíssima Trindade,INPA-PEIXES,1674,NA,Characidium fasciatum,-15.0081,-59.9506,02,10,1984
Brasil,Mato Grosso,Aripuanã,INPA-PEIXES,1701,NA,Characidium fasciatum,-10.1667,-59.4594,NA,NA,NA
Brasil,Mato Grosso,Aripuanã,INPA-PEIXES,1702,NA,Characidium fasciatum,-10.1667,-59.4594,16,11,1976
Brasil,Pará,Tucuruí,INPA-PEIXES,1703,NA,Characidium fasciatum,-3.76611,-49.6725,24,11,1981
Brasil,Pará,Tucuruí,INPA-PEIXES,1709,NA,Characidium fasciatum,-3.76611,-49.6725,26,11,1981
Brasil,Pará,Tucuruí,INPA-PEIXES,1712,NA,Characidium fasciatum,-3.76611,-49.6725,08,07,1982
Brasil,Rondônia,Pimenta Bueno,INPA-PEIXES,1717,NA,Characidium fasciatum,-11.6725,-61.193600000000004,21,11,1984
Brasil,Rondônia,Ji-Paraná,INPA-PEIXES,1718,NA,Characidium fasciatum,-10.8853,-61.9517,09,11,1983
Brasil,Rondônia,Ji-Paraná,INPA-PEIXES,1719,NA,Characidium fasciatum,-10.8853,-61.9517,02,06,1984
Brasil,Rondônia,Ji-Paraná,INPA-PEIXES,1720,NA,Characidium fasciatum,-10.8853,-61.9517,09,11,1983
Brasil,Rondônia,Ji-Paraná,INPA-PEIXES,1721,NA,Characidium fasciatum,-10.8853,-61.9517,01,10,1985
Brasil,Pará,Canaã dos Carajás,INPA-PEIXES,25669,NA,Characidium fasciatum,-6.49694,-49.8783,10,10,1999
Brasil,Pará,Oriximiná,INPA-PEIXES,26788,NA,Characidium fasciatum,-1.76556,-55.8661,27,11,2006
Brasil,Pará,Oriximiná,INPA-PEIXES,7809,NA,Characidium gr. crandellii,-1.76556,-55.8661,11,10,1985
Brasil,Amazonas,Pari-cachoeira,INPA-PEIXES,9200,NA,Characidium gr. fasciatum,0,0,19,03,1990
Brasil,Amazonas,Manaus,INPA-PEIXES,9698,NA,Characidium gr. pteroides,-3.10194,-60.025,27,08,1994
Brasil,Roraima,Boa Vista,INPA-PEIXES,1673,NA,Characidium hasemani,2.81972,-60.6733,22,04,1987
Brasil,Roraima,Mucajaí,INPA-PEIXES,1678,NA,Characidium hasemani,2.43,-60.9,18,02,1987
Brasil,Roraima,Mucajaí,INPA-PEIXES,1747,NA,Characidium hasemani,2.43,-60.9,23,02,1987
Brasil,Rondônia,Vale do Guaporé,INPA-PEIXES,21801,NA,Characidium pellucidium,0,0,01,06,2003
Brasil,Rondônia,Ariquemes,INPA-PEIXES,1671,NA,Characidium pteroides,-9.91333,-63.0408,30,07,1985
Brasil,Amazonas,São Gabriel da Cachoeira,INPA-PEIXES,1744,NA,Characidium pteroides,-0.130278,-67.0892,17,11,1980
Brasil,Amazonas,Manaus,INPA-PEIXES,20099,NA,Characidium pteroides,-3.10194,-60.025,21,10,2001
Brasil,Pará,Porto Trombetas,INPA-PEIXES,26330,NA,Characidium pteroides,0,0,09,09,2006
Brasil,Amazonas,Coari,INPA-PEIXES,27281,NA,Characidium pteroides,-4.085,-63.1414,07,09,2006
Brasil,Amazonas,Rio Preto da Eva,INPA-PEIXES,29884,NA,Characidium pteroides,-2.69944,-59.6997,08,06,2006
Brasil,Mato Grosso,Aripuanã,INPA-PEIXES,14137,NA,Characidium sp.,-10.1667,-59.4594,09,11,1976
Brasil,Amazonas,Manaus,INPA-PEIXES,15860,NA,Characidium sp.,-3.10194,-60.025,22,12,1995
Brasil,Amazonas,Manaus,INPA-PEIXES,15963,NA,Characidium sp.,-3.10194,-60.025,06,09,1993
Brasil,Mato Grosso,Aripuanã,INPA-PEIXES,16461,NA,Characidium sp.,-10.1667,-59.4594,10,11,1976
Brasil,Pará,Itupiranga,INPA-PEIXES,1725,NA,Characidium sp.,-5.13472,-49.3267,24,11,1981
Brasil,Rondônia,Vale do Guaporé,INPA-PEIXES,21803,NA,Characidium sp.,0,0,01,06,2003
Brasil,Rondônia,Vale do Guaporé,INPA-PEIXES,21812,NA,Characidium sp.,0,0,01,06,2003
Brasil,Amazonas,NA,INPA-PEIXES,25462,NA,Characidium sp.,0,0,01,08,2004
Brasil,Amazonas,Apuí,INPA-PEIXES,26159,NA,Characidium sp.,-7.19722,-59.8914,03,07,2006
Brasil,Amazonas,Apuí,INPA-PEIXES,26704,NA,Characidium sp.,-7.19722,-59.8914,03,07,2006
Brasil,Acre,Manoel Urbano,INPA-PEIXES,28524,NA,Characidium sp.,-8.83889,-69.2597,26,10,2004
Brasil,Amazonas,Apuí,INPA-PEIXES,33491,NA,Characidium sp.,-7.19722,-59.8914,05,11,2008
Brasil,Amazonas,Apuí,INPA-PEIXES,33558,NA,Characidium sp.,-7.19722,-59.8914,13,11,2008
Brasil,Amazonas,Santa Isabel do Rio Negro,INPA-PEIXES,37747,NA,Characidium sp.,-0.413889,-65.0192,29,03,2012
Brasil,Goias,Monte Alegre de Goias,INPA-PEIXES,39948,NA,Characidium sp.,-13.2564,-46.9006,11,09,2013
Brasil,Goias,Monte Alegre de Goias,INPA-PEIXES,39949,NA,Characidium sp.,-13.2564,-46.9006,13,09,2013
Brasil,Mato Grosso,Figueiropolis,INPA-PEIXES,565,NA,Characidium sp.,0,0,04,10,1984
Brasil,Pará,Trairão,INPA-PEIXES,6807,NA,Characidium sp.,-4.57444,-55.943600000000004,20,10,1991
Brasil,Amazonas,Coari,INPA-PEIXES,27190,NA,Characidium sp.1,-4.085,-63.1414,17,09,2006
Brasil,Amazonas,Coari,INPA-PEIXES,27532,NA,Characidium sp.1,-4.085,-63.1414,07,09,2006
Brasil,Mato Grosso,Juruena,INPA-PEIXES,29090,NA,Characidium sp.1,-10.3181,-58.3589,28,08,2007
Brasil,Mato Grosso,Juruena,INPA-PEIXES,29119,NA,Characidium sp.1,-10.3181,-58.3589,27,08,2007
Brasil,Pará,Rurópolis,INPA-PEIXES,34123,NA,Characidium sp.1,-4.09556,-54.9103,07,09,2009
Brasil,Pará,Rurópolis,INPA-PEIXES,34138,NA,Characidium sp.1,-4.09556,-54.9103,08,09,2009
Brasil,Pará,Rurópolis,INPA-PEIXES,34162,NA,Characidium sp.1,-4.09556,-54.9103,10,09,2009
Brasil,Pará,Rurópolis,INPA-PEIXES,34185,NA,Characidium sp.1,-4.09556,-54.9103,15,09,2009
Brasil,Pará,Rurópolis,INPA-PEIXES,34228,NA,Characidium sp.1,-4.09556,-54.9103,17,09,2009
Brasil,Pará,Rurópolis,INPA-PEIXES,34241,NA,Characidium sp.1,-4.09556,-54.9103,18,09,2009
Brasil,Pará,Rurópolis,INPA-PEIXES,34310,NA,Characidium sp.1,-4.09556,-54.9103,22,09,2009
Brasil,Pará,Anapu,INPA-PEIXES,40331,NA,Characidium sp.1,-3.47222,-51.1978,16,09,2013
Brasil,Mato Grosso,Juruena,INPA-PEIXES,29091,NA,Characidium sp.2,-10.3181,-58.3589,28,08,2007
Brasil,Amazonas,Apuí,INPA-PEIXES,33011,NA,Characidium sp.2,-7.19722,-59.8914,03,11,2008
Brasil,Amazonas,Apuí,INPA-PEIXES,33477,NA,Characidium sp.2,-7.19722,-59.8914,04,11,2008
Brasil,Amazonas,Apuí,INPA-PEIXES,33492,NA,Characidium sp.2,-7.19722,-59.8914,05,11,2008
Brasil,Amazonas,Apuí,INPA-PEIXES,33504,NA,Characidium sp.2,-7.19722,-59.8914,06,11,2008
Brasil,Pará,Rurópolis,INPA-PEIXES,34332,NA,Characidium sp.2,-4.09556,-54.9103,22,09,2009
Brasil,Pará,Anapu,INPA-PEIXES,40332,NA,Characidium sp.2,-3.47222,-51.1978,16,09,2013
Brasil,Amazonas,Apuí,INPA-PEIXES,26162,NA,"Characidium sp. 2 ""clara""",-7.19722,-59.8914,03,07,2006
Brasil,Mato Grosso,Juruena,INPA-PEIXES,29093,NA,Characidium sp. 3,-10.3181,-58.3589,28,08,2007
Brasil,Pará,Itaituba,INPA-PEIXES,33921,NA,"Characidium sp. ""maxila longa""",-4.27611,-55.9836,17,06,2009
Brasil,Pará,Itaituba,INPA-PEIXES,33925,NA,"Characidium sp. ""maxila longa""",-4.27611,-55.9836,22,06,2009
Brasil,Roraima,Caracaraí,INPA-PEIXES,36886,NA,Characidium steindachneri,1.81611,-61.1281,19,09,2011
Brasil,Roraima,Bonfim,INPA-PEIXES,8153,NA,Characidium steindachneri,3.35972,-59.8333,26,03,1992
Brasil,Roraima,Mucajaí,INPA-PEIXES,1679,NA,Characidium surumuense,2.43,-60.9,23,02,1987
Brasil,Rondônia,Ariquemes,INPA-PEIXES,1052,NA,Characidium zebra,-9.91333,-63.0408,30,07,1985
Brasil,Roraima,Bonfim,INPA-PEIXES,11699,NA,Characidium zebra,3.35972,-59.8333,25,11,1996
Brasil,Mato Grosso,Aripuanã,INPA-PEIXES,14117,NA,Characidium zebra,-10.1667,-59.4594,16,11,1976
Brasil,Rondônia,Candeias do Jamari,INPA-PEIXES,14143,NA,Characidium zebra,-8.80972,-63.6956,07,06,1988
Brasil,Roraima,Boa Vista,INPA-PEIXES,1672,NA,Characidium zebra,2.81972,-60.6733,22,04,1987
Brasil,Amazonas,Presidente Figueiredo,INPA-PEIXES,1729,NA,Characidium zebra,-2.03444,-60.025,07,10,1987
Brasil,Amazonas,Presidente Figueiredo,INPA-PEIXES,1731,NA,Characidium zebra,-2.03444,-60.025,10,10,1987
Brasil,Amazonas,Presidente Figueiredo,INPA-PEIXES,1778,NA,Characidium zebra,-2.03444,-60.025,28,10,1987
Brasil,Roraima,NA,INPA-PEIXES,35622,NA,Characidium zebra,0,0,10,11,2005
Brasil,Pará,Altamira,INPA-PEIXES,3950,NA,Characidium zebra,-3.20333,-52.2064,01,10,1990
Brasil,Pará,Trairão,INPA-PEIXES,6804,NA,Characidium zebra,-4.57444,-55.943600000000004,20,10,1991
Brasil,Roraima,Bonfim,INPA-PEIXES,8089,NA,Characidium zebra,3.35972,-59.8333,25,03,1992
Brazil,SP,Pirassununga,SINBIOTA,11521,"MArgem esquerda do Rio Mogi-Guaçu, atrás do CEPTA, abaixo da cachoeira de Emas",Characidium,-21.9275,-47.373901,03,10,2005
Brazil,SP,Santo André,SINBIOTA,11528,"Rio Grande, vila de Campo Grande",Characidium,-23.758301,-46.340801,07,10,2005
Brazil,SP,Santo André,SINBIOTA,11530,"Rio Grande, na rua Aracauva, vila de Campo Grande",Characidium,-23.756701,-46.345001,08,10,2005
Brazil,SP,Iepê,SINBIOTA,1359,Córrego Congonha,Characidium,-22.546101,-51.117802,07,09,2000
Brazil,SP,Marapoama,SINBIOTA,21358,"Ribeirão Cubatão, afluente do Rio Tietê",Characidium,-21.248015,-49.022308,30,07,2014
Brazil,SP,Anhembi,SINBIOTA,21391,"Rio Bonito, afluente da Represa de Barra Bonita",Characidium,-22.834922,-48.169727,19,09,2014
Brazil,SP,Anhembi,SINBIOTA,21392,"Rio Alambari, afluente da Represa de Barra Bonita",Characidium,-22.763131,-48.261598,19,09,2014
Brazil,SP,Bauru,SINBIOTA,22181,"Rio Batalha, na divisa entre Bauru e Piratininga",Characidium,-22.40614,-49.09721,26,10,2015
Brazil,SP,Iporanga,SINBIOTA,3319,"Rio do Carmo, próximo da Base do Carmo, PE. Intervales",Characidium,-24.3069,-48.414398,06,08,2001
Brazil,SP,Iporanga,SINBIOTA,3321,"Riacho Barra Grande, Base Barra Grande do PE. Intervales",Characidium,-24.2931,-48.368099,07,08,2001
Brazil,SP,Ribeira,SINBIOTA,3322,"Rio Tejuco, próximo da foz no Rio Ribeira de Iguape, na estrada para Itapirapuã Paulista",Characidium,-24.6339,-48.997501,08,08,2001
Brazil,SP,Juquiá,SINBIOTA,3715,"Riacho afluente do Rio Juquiá, no Bairro do Paiol, km 12 da SP-79",Characidium,-24.204201,-47.612801,17,05,2001
Brazil,SP,Sete Barras,SINBIOTA,3716,Riacho na estrada para a Fazenda Brasban,Characidium,-24.205299,-47.897499,18,05,2001
Brazil,SP,Ibiúna,SINBIOTA,3720,"Rio Bonito, afl. Rio Juquiá na Cachoeira da Fumaça, na estrada de terra parra Ibiúna, PE. Jurupará",Characidium,-23.957199,-47.264702,19,10,2001
Brazil,SP,Ibiúna,SINBIOTA,3721,"Rio Bonito, afl. Rio Juquiá na Cachoeira da Fumaça, na estrada de terra parra Ibiúna, PE. Jurupará",Characidium,-23.957199,-47.264702,19,10,2001
Brazil,SP,Ibiúna,SINBIOTA,3726,"Córrego afl. do Rio Bonito, afl. Rio Juquiá na Cachoeira da Fumaça, na estrada de terra parra Ibiúna, PE. Jurupará",Characidium,-23.957199,-47.264702,19,10,2001
Brazil,SP,Ibiúna,SINBIOTA,3727,"Riacho afluente do Rio Bonito, afl. Rio Juquiá, na confluência da estrada para Ibiúna e a estrada do Pedrão, PE. Jurupará",Characidium,-23.9564,-47.265598,20,10,2001
Brazil,SP,Ibiúna,SINBIOTA,3729,"Riacho afluente do Rio Juquiá na Cachoeira da Fumaça, fora do PE. Jurupará",Characidium,-23.974701,-47.261398,20,10,2001
Brazil,SP,Ibiúna,SINBIOTA,3736,"Ribeirão das Vargens, afl. Rio Juquiá na Cahoeira da Fumaça, fora do PE. Jurupará",Characidium,-23.8589,-47.242802,21,10,2001
Brazil,SP,Ibiúna,SINBIOTA,3740,"Ribeirão do Pocinho, afl. do Rio Juquiá na Cachoeira da Fumaça, no Bairro do Pocinho, PE. Jurupará",Characidium,-23.9783,-47.239399,22,10,2001
Brazil,SP,Juquitiba,SINBIOTA,3743,"Riacho afl. Ribeirão das Laranjeiras, na estrada para São Lourenço, fora do PE. Jurupará",Characidium,-23.8458,-47.082802,23,10,2001
Brazil,SP,Indiaporã,SINBIOTA,3766,"3° córrego na estrada de terra que liga Arabá a Indiaporã, rio Grande",Characidium,-20.157499,-50.5369,15,12,2001
Brazil,SP,Vitória Brasil,SINBIOTA,3770,"Sítio Santo Afonso, córrego do Cedro, afluente do rio Grande",Characidium,-20.220301,-50.503101,16,09,2001
Brazil,SP,Estrela d'Oeste,SINBIOTA,3907,"Córrego do Veadão, afluente do rib. Santa Rita, Estância Cajueiro, rio Grande",Characidium,-20.2075,-50.439201,18,08,2001
Brazil,SP,Pedro de Toledo,SINBIOTA,7121,"Rio São Lourencinho, no Bairro São Lourenço",Characidium,-24.1492,-47.1908,12,09,2001
Brazil,SP,Pedro de Toledo,SINBIOTA,7123,"Riacho afluente do Rio São Lourencinho, na estrada para o Ribeirão Areado",Characidium,-24.160601,-47.230598,12,09,2001
Brazil,SP,Pedro de Toledo,SINBIOTA,7127,"Riacho afluente do Rio Itariri, na estrada Manoel da Nóbrega para Santa Rita",Characidium,-24.1975,-47.289398,14,09,2001
Brazil,SP,São Lourenço da Serra,SINBIOTA,7142,"Riacho afluente do Ribeirão da Barrinha, afluente do rio São Lourenço",Characidium,-23.8731,-46.932201,25,06,2002
Brazil,SP,Barra do Chapéu,SINBIOTA,7159,"Córrego afl. do Ribeirão do Chapéu, afl. Rio Catas Altas, Bairro do Chapeuzinho, na estrada Itararé - Barra do Chapéu",Characidium,-24.4247,-49.012199,01,05,2003
Brazil,SP,Iguape,SINBIOTA,7168,"Rio Espraiado, Estação Ecológica da Juréia-Itatins",Characidium,-24.3836,-47.352501,10,10,2002
Brazil,SP,Iguape,SINBIOTA,7169,"Rio Espraiado, Estação Ecológica da Juréia-Itatins",Characidium,-24.3864,-47.352501,11,10,2002
Brazil,SP,Santa Rita do Passa Quatro,SINBIOTA,22874,Ribeirão Vaçununga,Characidium cf. schubarti,-21.63624,-47.67838,06,02,2020
Brazil,SP,Sorocaba,SINBIOTA,12881,Lagoas marginais do Rio Sorocaba - Jardim Iguatemi,Characidium fasciatum,-23.549999,-46.633301,01,01,1993
Brazil,SP,Turiúba,SINBIOTA,1639,"Ribeirão Santa Bárbara (espraiado), afluente do rio Tiête",Characidium fasciatum,-20.967199,-50.0186,19,11,1999
Brazil,SP,Sales,SINBIOTA,1658,"Cabeceira do Ribeirão Barra Mansa, afl. do rio Tietê, estrada p/ Adolfo",Characidium fasciatum,-21.3244,-49.5961,11,04,1964
Brazil,SP,Botucatu,SINBIOTA,1692,"Rio Capivara, rio Alambari e córrego Água Fria (afl. r. Lavapés), rio Tietê",Characidium fasciatum,-22.8333,-48.407799,22,01,1986
Brazil,SP,Brotas,SINBIOTA,1698,"Bacia do Rio Jacaré - Pepira, afluente do rio Tietê",Characidium fasciatum,-22.2792,-48.116402,31,01,1988
Brazil,SP,São José do Rio Preto,SINBIOTA,1795,"Córrego da Fazenda Santa Inês, ponte da Rod. J.D.Netto, Vila Azul, rio Grande",Characidium fasciatum,-20.871401,-49.378101,17,01,1998
Brazil,SP,São José do Rio Preto,SINBIOTA,1798,"1o. afluente do lado esquerdo do córrego da Boa Esperança, afl. do rio Grande",Characidium fasciatum,-20.8906,-49.3997,15,05,1999
Brazil,SP,Flórida Paulista,SINBIOTA,1865,"Ribeirão Santa Maria, afl. do rio do Peixe, rio Paraná, vicinal para Flora Rica",Characidium fasciatum,-21.6756,-51.259701,01,10,1987
Brazil,SP,Palestina,SINBIOTA,3896,"Sítio Abelha, córrego Piau, afluente do rio Turvo, rio Grande, estrada p/ Icém",Characidium fasciatum,-20.387501,-49.390598,16,06,1984
Brazil,SP,São José do Rio Preto,SINBIOTA,3963,"Represa Municipal de São José do Rio Preto, drenagem do rio",Characidium fasciatum,-20.808599,-49.368301,03,08,1983
Brazil,SP,São Carlos,SINBIOTA,10510,riacho Cabeceiras ponto2,Characidium gomesi,-21.7833,-47.966701,01,06,1999
Brazil,SP,São Carlos,SINBIOTA,12209,"Ribeirão do Pântano, ponto 1",Characidium gomesi,-21.9631,-47.6744,05,05,2000
Brazil,SP,Analândia,SINBIOTA,12250,_,Characidium gomesi,-22.1194,-47.703201,04,02,2003
Brazil,SP,Cosmorama,SINBIOTA,12889,Córrego do Moinho,Characidium gomesi,-20.4261,-49.813599,24,06,2004
Brazil,SP,Olímpia,SINBIOTA,1736,Córrego das Laranjeiras,Characidium gomesi,-20.736401,-49.047199,15,07,2001
Brazil,MG,Inconfidentes,SINBIOTA,22866,"Rio Mogi-Guaçu, a montante de Inconfidentes",Characidium gomesi,-22.315532,-46.238291,18,12,2019
Brazil,MG,Inconfidentes,SINBIOTA,22899,Córrego do Angu Frio,Characidium gomesi,-22.294382,-46.298625,27,04,2019
Brazil,MG,Inconfidentes,SINBIOTA,23126,"Rio Mogi-Guaçu, a montante de Inconfidentes",Characidium gomesi,-22.315532,-46.238291,26,10,2020
Brazil,SP,Euclides da Cunha Paulista,SINBIOTA,5496,Córrego Santa Clara,Characidium gomesi,-22.764999,-52.421902,08,08,2000
Brazil,SP,Ubatuba,SINBIOTA,12867,Rio da Fazenda,Characidium japuhybense,-23.366699,-44.916699,01,07,1988
Brazil,SP,Iporanga,SINBIOTA,7134,"Rio Iporanga, na trilha da Mina do Espírito Santo",Characidium japuhybense,-24.4569,-48.631901,11,05,2000
Brazil,SP,Américo de Campos,SINBIOTA,12888,Córrego do Mangue,Characidium lagosantense,-20.3692,-49.832802,24,06,2004
Brazil,SP,Guaíra,SINBIOTA,2080,Córrego de Guaíra,Characidium lagosantense,-20.197201,-48.553299,13,10,2001
Brazil,SP,Sete Barras,SINBIOTA,8622,Rio Saibadela,Characidium lanei,-24.2486,-48.011398,25,07,2002
Brazil,SP,Pariquera-Açu,SINBIOTA,2870,Vala na entrada da Sede Cidreira do PE Campina do Encantado,Characidium lanei,-24.6467,-47.812199,13,06,2001
Brazil,SP,Sete Barras,SINBIOTA,3340,"Rio Quilombo, no Parque Estadual Carlos Botelho, Vila de Saibadela",Characidium lanei,-24.2372,-48.052502,30,11,2000
Brazil,SP,Sete Barras,SINBIOTA,3344,"Rio Quilombo, margem direita, no limite entre os Pqs. Carlos Botelho e Intervales na Base Saibadela",Characidium lanei,-24.2372,-48.052502,30,11,2000
Brazil,SP,Iguape,SINBIOTA,7171,"Rio Branco da Serra, afluente do Rio Espraiado, sob a ponte na estrada de terra para a SP-222",Characidium lanei,-24.410601,-47.426701,12,10,2002
Brazil,SP,Apiaí,SINBIOTA,8551,estrada Ribeirão Branco-Apiaí,Characidium lanei,-24.466101,-48.929199,15,01,2003
Brazil,SP,Barra do Chapéu,SINBIOTA,8556,Rio Catas Altas,Characidium lanei,-24.4739,-49.0261,15,01,2003
Brazil,SP,Eldorado,SINBIOTA,8574,Rio Itapeuna,Characidium lanei,-24.595301,-48.213901,17,01,2003
Brazil,SP,Iporanga,SINBIOTA,8595,Rio Betary,Characidium lanei,-24.550301,-48.680801,24,07,2002
Brazil,SP,Pariquera-Açu,SINBIOTA,8614,Rio Jacupiranga,Characidium lanei,-24.6036,-47.7528,24,07,2001
Brazil,SP,Sete Barras,SINBIOTA,8623,Rio Ipiranga,Characidium lanei,-24.3153,-47.855598,15,02,2002
Brazil,SP,Tapiraí,SINBIOTA,8627,Rio Turvinho,Characidium lanei,-23.8631,-47.4161,21,06,2003
Brazil,SP,Campos do Jordão,SINBIOTA,12440,"Córrego do Canjarana, pto4",Characidium lauroi,-22.769699,-45.451698,01,07,2001
Brazil,SP,Campos do Jordão,SINBIOTA,12441,"Córrego Ferraz, pto5",Characidium lauroi,-22.785601,-45.471401,01,07,2001
Brazil,SP,Sete Barras,SINBIOTA,3328,"Rio Temível, SP-139, Parque Estadual Carlos Botelho",Characidium lauroi,-24.1269,-47.9911,26,11,2000
Brazil,SP,São Miguel Arcanjo,SINBIOTA,3330,"Rio Taquaral, próximo do pesqueiro na SP-139, Parque Estadual Carlos Botelho",Characidium lauroi,-24.0739,-47.998299,27,11,2000
Brazil,SP,Capão Bonito,SINBIOTA,3331,"Córrego das Pedras, na SP-139, Parque Estadual Carlos Botelho",Characidium lauroi,-24.089701,-47.993599,27,11,2000
Brazil,SP,Capão Bonito,SINBIOTA,3332,"Ribeirão Braço do Taquaral, na SP-139, Parque Estadual Carlos Botelho",Characidium lauroi,-24.108101,-47.985599,27,11,2000
Brazil,SP,Barra do Turvo,SINBIOTA,3699,"Rio Caatinga, afl. do Rio Turvo, no Núcleo Cedro do PE Jacupiranga",Characidium lauroi,-24.946899,-48.308601,08,03,2001
Brazil,SP,Juquiá,SINBIOTA,22886,Ribeirão Poço Grande,Characidium pterostictum,-24.254336,-47.618141,02,08,2018
Brazil,SP,Sete Barras,SINBIOTA,3334,"Rio Temível, Parque Estadual Carlos Botelho, logo acima da cachoeira que delimita o Parque",Characidium pterostictum,-24.16,-47.849701,28,11,2000
Brazil,SP,Sete Barras,SINBIOTA,3336,"Ribeirão da Serra, no Núcleo Sete Barras do Parque Estadual Carlos Botelho",Characidium pterostictum,-24.1961,-47.926102,29,11,2000
Brazil,SP,Sete Barras,SINBIOTA,3339,"Rio Preto, fora do Parque Estadual Carlos Botelho, no Bairro Rio Preto",Characidium pterostictum,-24.192499,-47.890301,29,11,2000
Brazil,SP,Sete Barras,SINBIOTA,3340,"Rio Quilombo, no Parque Estadual Carlos Botelho, Vila de Saibadela",Characidium pterostictum,-24.2372,-48.052502,30,11,2000
Brazil,SP,Sete Barras,SINBIOTA,3343,"Rio Quilombo, próximo à foz do Rio Saibadela, no limite dos Pqs. Carlos Botelho e Intervales",Characidium pterostictum,-24.2372,-48.052502,30,11,2000
Brazil,SP,Sete Barras,SINBIOTA,3344,"Rio Quilombo, margem direita, no limite entre os Pqs. Carlos Botelho e Intervales na Base Saibadela",Characidium pterostictum,-24.2372,-48.052502,30,11,2000
Brazil,SP,Cajati,SINBIOTA,3700,"Rio Capelinha, afl. do Rio Jacupiranguinha, no Núcleo Cedro do PE Jacupiranga",Characidium pterostictum,-24.8386,-48.2314,08,03,2001
Brazil,SP,Cajati,SINBIOTA,3701,"Rio do Queimado, afl. do Rio Jacupiranguinha, PE Jacupiranga",Characidium pterostictum,-24.8006,-48.225601,09,03,2001
Brazil,SP,Miracatu,SINBIOTA,3712,"Rio do Faú, no Bairro do Faú",Characidium pterostictum,-24.2078,-47.4772,12,03,2001
Brazil,SP,Pedro de Toledo,SINBIOTA,7121,"Rio São Lourencinho, no Bairro São Lourenço",Characidium pterostictum,-24.1492,-47.1908,12,09,2001
Brazil,SP,Pedro de Toledo,SINBIOTA,7126,"Riacho afluente do Rio Itariri, na estrada Manoel da Nóbrega para Santa Rita",Characidium pterostictum,-24.2103,-47.2897,14,09,2001
Brazil,SP,Pedro de Toledo,SINBIOTA,7127,"Riacho afluente do Rio Itariri, na estrada Manoel da Nóbrega para Santa Rita",Characidium pterostictum,-24.1975,-47.289398,14,09,2001
Brazil,SP,Iporanga,SINBIOTA,7128,"Rio Betari, Núcleo Santana do Parque Estadual do Alto Ribeira (PETAR)",Characidium pterostictum,-24.532499,-48.702499,09,05,2000
Brazil,SP,Iporanga,SINBIOTA,7129,"Córrego Ouro Grosso, afl. Rio Betari, Parque Estadual Intervales (PETAR)",Characidium pterostictum,-24.551701,-48.675598,10,05,2000
Brazil,SP,Iporanga,SINBIOTA,7130,"Rio Betari, Bairro da Serra, Parque Estadual de Intervales (PETAR)",Characidium pterostictum,-24.551701,-48.675598,09,05,2000
Brazil,SP,Iporanga,SINBIOTA,7131,"Córrego do Chapéu, afl. do Sumidouro e Córrego Espírito Santo, afl.do Iporanga",Characidium pterostictum,-24.433901,-48.584999,10,05,2000
Brazil,SP,Iporanga,SINBIOTA,7135,"Rio Ribeira de Iguape, Sítio Caracol, 8 km de Iporanga na estrada para Eldorado",Characidium pterostictum,-24.573099,-48.5592,12,05,2000
Brazil,SP,Juquitiba,SINBIOTA,7144,"Riacho na Fazenda Estio, na estrada de terra para Juquitiba",Characidium pterostictum,-23.9972,-46.933601,26,06,2002
Brazil,SP,Juquitiba,SINBIOTA,7145,"Riacho na Fazenda Estio, na estrada de terra para Juquitiba",Characidium pterostictum,-23.9972,-46.933601,26,06,2002
Brazil,SP,Barra do Chapéu,SINBIOTA,7158,"Riacho Xuxeva, afl. Ribeirão do Chapéu, afl. Rio Catas Altas, Bairro Xuxeva, estr. Itararé - Barra do Chapeú",Characidium pterostictum,-24.387199,-49.014702,01,05,2003
Brazil,SP,Barra do Chapéu,SINBIOTA,7160,"Ribeirão da Barra, afl. Catas Altas, próximo do centro da cidade de Barra do Chapéu",Characidium pterostictum,-24.464701,-49.0219,01,05,2003
Brazil,SP,Itaóca,SINBIOTA,7162,"Rio Palmital, afl. Rio Ribeira",Characidium pterostictum,-24.6033,-48.873299,02,05,2003
Brazil,SP,Iguape,SINBIOTA,7169,"Rio Espraiado, Estação Ecológica da Juréia-Itatins",Characidium pterostictum,-24.3864,-47.352501,11,10,2002
Brazil,SP,Iguape,SINBIOTA,7170,"Rio Espraiado, Estação Ecológica da Juréia-Itatins",Characidium pterostictum,-24.403099,-47.3708,11,10,2002
Brazil,SP,Botucatu,SINBIOTA,23573,Riacho da região da nascente do rio Pardo.,Characidium schubarti,-22.989464,-48.440611,02,12,2020
Brazil,SP,Tapiraí,SINBIOTA,7148,"Rio Verde, localidade de Piúva, na estrada do Rio Verde",Characidium schubarti,-23.9706,-47.541901,27,06,2002
Brazil,SP,Iguape,SINBIOTA,7165,"Rio Espraiado, Estação Ecológica da Juréia-Itatins",Characidium schubarti,-24.374201,-47.322498,02,05,2003
Brazil,SP,Iguape,SINBIOTA,7167,"Rio Espraiado, Estação Ecológica da Juréia-Itatins",Characidium schubarti,-24.365299,-47.308601,10,10,2002
Brazil,SP,Iporanga,SINBIOTA,22881,"Córrego das Andorinhas, afluente do Rio Pardo",Characidium sp.,-24.663306,-48.57299,23,04,2017
Brazil,SP,Iporanga,SINBIOTA,22882,"Córrego do Soares, afluente do Rio Iporanga, na Fazenda Águas Claras",Characidium sp.,-24.559323,-48.587982,22,04,2017
Brazil,SP,Iporanga,SINBIOTA,22894,Rio Iporanga (ponte na estrada de terra em direção às cabeceiras),Characidium sp.,-24.504302,-48.578717,22,04,2017
Brazil,SP,São Carlos,SINBIOTA,10509,riacho Cabeceiras,Characidium zebra,-21.8167,-47.950001,01,06,1999
Brazil,SP,São Carlos,SINBIOTA,10511,riacho Cabeceiras ponto2,Characidium zebra,-21.700001,-47.950001,01,06,1999
Brazil,SP,Leme,SINBIOTA,11525,"Córrego do Sapezal, afluente da margem direita do riberão do Meio, afluente da margem esquerda do Rio Mogi-guaçu",Characidium zebra,-22.096701,-47.310799,04,10,2005
Brazil,SP,São Carlos,SINBIOTA,12210,"Ribeirão do Pântano, ponto 2",Characidium zebra,-21.862801,-47.673599,05,05,2000
Brazil,SP,São Carlos,SINBIOTA,12211,"Ribeirão do Pântano, ponto 3",Characidium zebra,-21.7497,-47.673599,05,05,2000
Brazil,SP,Corumbataí,SINBIOTA,12262,_,Characidium zebra,-22.251699,-47.663101,04,02,2003
Brazil,SP,Itirapina,SINBIOTA,12264,_,Characidium zebra,-22.264,-47.744801,04,02,2003
Brazil,SP,Corumbataí,SINBIOTA,12267,_,Characidium zebra,-22.267599,-47.7192,04,02,2003
Brazil,SP,Itirapina,SINBIOTA,12271,_,Characidium zebra,-22.2936,-47.737301,04,02,2003
Brazil,SP,Itirapina,SINBIOTA,12273,_,Characidium zebra,-22.3069,-47.788601,04,02,2003
Brazil,SP,Itirapina,SINBIOTA,12274,_,Characidium zebra,-22.309,-47.834598,04,02,2003
Brazil,SP,Rio Claro,SINBIOTA,12275,_,Characidium zebra,-22.319099,-47.481201,04,02,2003
Brazil,SP,Rio Claro,SINBIOTA,12279,_,Characidium zebra,-22.349501,-47.487999,04,02,2003
Brazil,SP,Itirapina,SINBIOTA,12281,_,Characidium zebra,-22.3699,-47.779301,04,02,2003
Brazil,SP,São Carlos,SINBIOTA,12469,"Ribeirão das Araras, fazenda Monte Kalias pto2",Characidium zebra,-21.813299,-47.857799,01,07,2002
Brazil,SP,São Carlos,SINBIOTA,12470,"Ribeirão das Araras, ponte, pto3",Characidium zebra,-21.6989,-47.953602,01,07,2002
Brazil,SP,Itirapina,SINBIOTA,12828,_,Characidium zebra,-22.3617,-47.819099,04,02,2003
Brazil,SP,Rio Claro,SINBIOTA,12830,_,Characidium zebra,-22.4027,-47.486698,04,02,2003
Brazil,SP,Ipeúna,SINBIOTA,12833,_,Characidium zebra,-22.389601,-47.7663,04,02,2003
Brazil,SP,Itirapina,SINBIOTA,12834,_,Characidium zebra,-22.401199,-47.810799,04,02,2003
Brazil,SP,Ipeúna,SINBIOTA,12835,_,Characidium zebra,-22.4219,-47.792,04,02,2003
Brazil,SP,Ipeúna,SINBIOTA,12836,_,Characidium zebra,-22.4597,-47.755798,04,02,2003
Brazil,SP,Charqueada,SINBIOTA,12837,_,Characidium zebra,-22.4615,-47.6982,04,02,2003
Brazil,SP,Santa Gertrudes,SINBIOTA,12841,_,Characidium zebra,-22.499201,-47.499802,04,02,2003
Brazil,SP,Rio Claro,SINBIOTA,12843,_,Characidium zebra,-22.515301,-47.594799,04,02,2003
Brazil,SP,Charqueada,SINBIOTA,12845,_,Characidium zebra,-22.532101,-47.738399,04,02,2003
Brazil,SP,Piracicaba,SINBIOTA,12847,_,Characidium zebra,-22.5506,-47.662201,04,02,2003
Brazil,SP,Charqueada,SINBIOTA,12848,_,Characidium zebra,-22.5632,-47.702099,04,02,2003
Brazil,SP,Charqueada,SINBIOTA,12850,_,Characidium zebra,-22.591299,-47.726101,04,02,2003
Brazil,SP,Piracicaba,SINBIOTA,12851,_,Characidium zebra,-22.6085,-47.6735,04,02,2003
Brazil,SP,Analândia,SINBIOTA,12859,Rio Corumbataí,Characidium zebra,-22.304199,-47.660301,01,02,2000
Brazil,SP,Itirapina,SINBIOTA,12860,Córrego Tamanduá,Characidium zebra,-22.3547,-47.75,01,02,2000
Brazil,SP,Itatinga,SINBIOTA,12868,Córrego Itaúna,Characidium zebra,-23.133301,-48.633301,01,10,1990
Brazil,SP,Botucatu,SINBIOTA,12871,"Rio Capivara, fazenda Indiana",Characidium zebra,-22.846901,-48.3433,01,07,1988
Brazil,SP,Araçoiaba da Serra,SINBIOTA,12878,rio Ipanema,Characidium zebra,-23.503901,-47.615799,01,01,1993
Brazil,SP,Cardoso,SINBIOTA,12886,"sem nome, afluente do Ribeirão Guariroba",Characidium zebra,-20.109699,-49.823299,24,06,2004
Brazil,SP,Cosmorama,SINBIOTA,12889,Córrego do Moinho,Characidium zebra,-20.4261,-49.813599,24,06,2004
Brazil,SP,Américo de Campos,SINBIOTA,12895,Córrego Areia Branca,Characidium zebra,-20.402201,-49.685299,24,06,2004
Brazil,SP,Palestina,SINBIOTA,12899,"sem nome, afluente do Córrego Guarda Mor",Characidium zebra,-20.3253,-49.3997,24,06,2004
Brazil,SP,Palestina,SINBIOTA,12900,Córrego do Piau,Characidium zebra,-20.384399,-49.400299,24,06,2004
Brazil,SP,Ipiguá,SINBIOTA,12905,Córrego da Areia Branca,Characidium zebra,-20.689699,-49.451099,24,06,2004
Brazil,SP,Riolândia,SINBIOTA,1732,Córrego do Ouro,Characidium zebra,-20.016399,-49.82,11,07,2001
Brazil,SP,Orindiúva,SINBIOTA,1734,Córrego dos Bois,Characidium zebra,-20.2467,-49.412201,13,07,2001
Brazil,SP,Olímpia,SINBIOTA,1736,Córrego das Laranjeiras,Characidium zebra,-20.736401,-49.047199,15,07,2001
Brazil,SP,São João do Iracema,SINBIOTA,18053,Fazenda São Francisco,Characidium zebra,-20.508101,-50.233299,13,07,2007
Brazil,SP,São João do Iracema,SINBIOTA,18056,Fazenda São Francisco,Characidium zebra,-20.51,-50.2286,14,07,2007
Brazil,SP,Santo Antonio do Aracanguá,SINBIOTA,18059,Fazenda Rancho Alegre,Characidium zebra,-20.9228,-50.342499,14,08,2007
Brazil,SP,Turmalina,SINBIOTA,18061,Fazenda São João,Characidium zebra,-20.009199,-50.426701,14,08,2007
Brazil,SP,Colina,SINBIOTA,2076,Córrego José Venâncio,Characidium zebra,-20.737499,-48.566399,05,10,2001
Brazil,SP,Colômbia,SINBIOTA,2077,Córrego da Batata,Characidium zebra,-20.236099,-48.678299,06,10,2001
Brazil,SP,Guaíra,SINBIOTA,2081,Córrego do Jacaré,Characidium zebra,-20.3964,-48.4156,14,10,2001
Brazil,SP,Santa Maria da Serra,SINBIOTA,21310,"Ribeirão do Veado, tributário do Rio Piracicaba na Represa de Barra Bonita",Characidium zebra,-22.562511,-48.162646,16,10,2013
Brazil,SP,Santa Maria da Serra,SINBIOTA,21320,"Ribeirão Turvo, afluente do Rio Piracicaba na represa de Barra Bonita",Characidium zebra,-22.534881,-48.311537,16,10,2013
Brazil,SP,Santa Maria da Serra,SINBIOTA,21322,"Ribeirão Serelepe, afluente do Rio Piracicaba na represa de Barra Bonita",Characidium zebra,-22.551151,-48.216597,16,10,2013
Brazil,SP,Santa Maria da Serra,SINBIOTA,21323,"Ribeirão Bonito, afluente do Rio Piracicaba na represa de Barra Bonita",Characidium zebra,-22.529621,-48.172226,16,10,2013
Brazil,SP,Pirangi,SINBIOTA,21357,"Ribeirão Tabarana, afluente do Rio Turvo",Characidium zebra,-21.091836,-48.619285,30,07,2014
Brazil,SP,São Manuel,SINBIOTA,21390,"Rio Araquá, afluente da Represa de Barra Bonita",Characidium zebra,-22.747441,-48.475509,19,09,2014
Brazil,SP,Botucatu,SINBIOTA,21393,"Rio Capivara, afluente da Represa de Barra Bonita",Characidium zebra,-22.756941,-48.365938,19,09,2014
Brazil,MT,Nova Lacerda,SINBIOTA,22831,"Rio Dourado, afluente do rio Guaporé",Characidium zebra,14.1822222,59.6966667,15,10,2018
Brazil,SP,Pirassununga,SINBIOTA,22904,Rio Mogi-Guaçu na Cachoeira de Emas,Characidium zebra,-21.92661,-47.36746,05,02,2020
Brazil,SP,Piracicaba,SINBIOTA,23121,"Ribeirão Voçoroca, afluente do Rio Piracicaba",Characidium zebra,-22.67092,-47.83761,16,12,2020
Brazil,SP,Rio Claro,SINBIOTA,23124,"Rio Corumbataí, na ponte entre Ajapi e Ferraz",Characidium zebra,-22.270914,-47.578277,17,11,2020
Brazil,SP,Miguelópolis,SINBIOTA,2740,Córrego do Matão,Characidium zebra,-20.197201,-48.2286,20,03,2002
Brazil,SP,Nuporanga,SINBIOTA,2742,Córrego do Arrozal,Characidium zebra,-20.682501,-47.6717,23,03,2002
Brazil,SP,Altinópolis,SINBIOTA,2745,Córrego Água do Pinheiro,Characidium zebra,-20.9986,-47.187801,25,03,2002
Brazil,SP,Bálsamo,SINBIOTA,5864,Córrego do Tatu,Characidium zebra,-20.7792,-49.5811,15,03,2003
Brazil,SP,Sebastianópolis do Sul,SINBIOTA,5870,Córrego do Retiro,Characidium zebra,-20.6878,-49.883598,11,04,2003
Brazil,SP,Sebastianópolis do Sul,SINBIOTA,5871,córrego sem nome,Characidium zebra,-20.6253,-49.892502,12,04,2003
Brazil,SP,Cosmorama,SINBIOTA,5927,córrego sem nome,Characidium zebra,-20.475599,-49.886902,23,05,2003
Brazil,SP,Jales,SINBIOTA,7915,Córrego Pimenta,Characidium zebra,-20.382799,-50.585602,14,07,2003
Brazil,SP,Aparecida d'Oeste,SINBIOTA,7922,Córrego da Água Ruim,Characidium zebra,-20.5189,-50.926899,16,07,2003
Brazil,SP,Monte Aprazível,SINBIOTA,828,Córrego da Gabiroba,Characidium zebra,-20.625,-49.764999,25,07,1999
Brazil,SP,Fernandópolis,SINBIOTA,832,"Córrego São Pedro, Fazenda São Pedro",Characidium zebra,-20.3983,-50.276901,27,07,1999
Brazil,SP,Auriflama,SINBIOTA,833,"Córrego do Limoeiro, Fazenda Itapuã",Characidium zebra,-20.558901,-50.5914,28,07,1999
Brazil,SP,Promissão,SINBIOTA,862,Córrego Barreiro,Characidium zebra,-21.451901,-49.820801,04,09,1999
Brazil,SP,Lins,SINBIOTA,881,Córrego do Desfiladeiro,Characidium zebra,-21.7325,-49.8358,01,04,2000
Brazil,SP,Piquerobi,SINBIOTA,892,Córrego do Arco,Characidium zebra,-21.7631,-51.590302,30,05,2000
Brazil,SP,Cardoso,SINBIOTA,9653,Córrego do Atolador,Characidium zebra,-20.013599,-50.040001,20,07,2004
Brazil,SP,Turmalina,SINBIOTA,9656,Córrego do Desengano,Characidium zebra,-20.155001,-50.4375,19,07,2004
Brazil,SP,Santa Rita d'Oeste,SINBIOTA,9666,"córrego sem nome, afluente do Córrego da Onça",Characidium zebra,-20.143101,-50.775799,24,06,2004
Brasil,Pará,Altamira,CROLP-LEIPAI,01444,Rio Bacajá,Characidium zebra,-3.631667,-51.578333,30,07,2024
Brazil,Rio Grande do Sul,Pinheiro Machado,UFRGS,13707,córrego afluente do arroio Banhado Grande.,Characidium pterostictum,-31.528611,-53.446944,11,11,2010
Brazil,Paraná,Pirassununga,UFRGS,13711,"rio Mogi-Guaçú, Cachoeira das Emas.",Characidium aff. zebra,-21.927139,-47.367397,13,10,2010
Uruguay,Rivera,Rivera,UFRGS,13803,"arroio Cuñapiru no km 12,3 da rota 27, drenagem do rio Tacuarembó, bacia do rio Negro",Characidium rachovii,-31.039167,-55.491944,27,05,2005
Uruguay,Rivera,Rivera,UFRGS,13804,"arroio Cuñapiru no km 12,3 da rota 27, drenagem do rio Tacuarembó, bacia do rio Negro",Characidium zebra,-31.039167,-55.491944,27,05,2005
Brazil,Rio Grande do Sul,Camaquã,UFRGS,13818,Arroio Velhaco na BR - 116.,Characidium zebra,-30.750586,-51.635461,20,07,2010
Brazil,Mato Grosso,Pontes e Lacerda,UFRGS,13830,Afluente Guaporé entre Pontes e Lacerda e Vila Majão.,Characidium sp.,-15.442389,-59.476444,04,02,2010
Brazil,Mato Grosso,Campo Verde,UFRGS,13876,"Rio das Mortes, saída de Campo Verde, sentido Chapada dos Guimarães.",Characidium sp.,-15.5055,-55.22725,08,02,2010
Brazil,Mato Grosso,Campo Verde,UFRGS,13883,"Rio das Mortes, saída de Campo Verde, sentido Chapada dos Guimarães.",Characidium sp.,-15.5055,-55.22725,08,02,2010
Brazil,Mato Grosso,Campo Verde,UFRGS,13888,"Rio das Mortes, saída de Campo Verde, sentido Chapada dos Guimarães.",Characidium sp.,-15.5055,-55.22725,08,02,2010
Brazil,Santa Catarina,São Francisco do Sul,UFRGS,13902,arroio Ribeiro no bairro Tapera,Characidium sp.,-26.286667,-48.588611,26,01,2007
Uruguay,Artigas,Artigas,UFRGS,13915,"Arroyo Mandiyú na ruta 3, afluente do rio Uruguai",Characidium rachovii,-30.531944,-57.665833,09,09,2005
Uruguay,Salto,Salto,UFRGS,13918,"arroio Tangarupá ou afluente deste, na rota 31 entre Salto e Artigas",Characidium rachovii,-31.341111,-57.371389,08,09,2005
Uruguay,Artigas,Artigas,UFRGS,13924,"arroio Cuaró Grande na rota 4, afluente do rio Quaraí",Characidium zebra,-30.784167,-56.781667,08,09,2005
Uruguay,Durazno,Durazno,UFRGS,13928,"arroio Maestre de Campo, na estrada para Polanco de YI, afluente do rio YI,Bacia do rio Negro",Characidium rachovii,-33.415278,-56.201667,29,05,2005
Brazil,Rio Grande do Sul,Pelotas,UFRGS,14022,arroio afluente do arroio Mata Olho na Fazenda Rodeio Colorado.,Characidium orientale,-31.966111,-53.021389,22,10,2007
Brazil,Rio Grande do Sul,São Gabriel,UFRGS,14088,"Valo que drena banhado afluente do rio Ibicuí, na Fazenda da Convenção.",Characidium rachovii,-29.831389,-54.871389,10,10,2007
Brazil,Rio Grande do Sul,Pelotas,UFRGS,14103,arroio afluente do arroio Basílio na estrada de acesso à Fazenda Rodeio Colorado.,Characidium pterostictum,-31.993889,-53.006389,22,10,2007
Brazil,Rio Grande do Sul,Travesseiro,UFRGS,14163,arroio Travesseiro.,Characidium orientale,-29.287625,-52.060403,15,01,2008
Brazil,Rio Grande do Sul,Marques de Souza,UFRGS,14232,"arroio Tamanduá, Linha Tamanduá.",Characidium pterostictum,-29.262222,-52.147239,30,04,2007
Brazil,Rio Grande do Sul,Forquetinha,UFRGS,14341,arroio Forquetinha.,Characidium orientale,-29.362553,-52.127311,29,04,2007
Uruguay,Artigas,Artigas,UFRGS,14557,Arroyo Yucutujá na ruta 3.,Characidium cf. rachovii,-30.437778,-57.296111,09,09,2005
Uruguay,Artigas,Artigas,UFRGS,14641,"arroio afluente do arroio Itacumbú, na rota 30",Characidium rachovii,-30.468889,-57.512222,09,09,2005
Brazil,São Paulo,Peruíbe,UFRGS,14680,"Guaraú, riacho na estrada de chão.",Characidium sp.,-24.368583,-47.055222,24,04,2008
Brazil,São Paulo,Bertioga,UFRGS,14694,sítio do seu Maneco no Km 208 Rio-Santos.,Characidium cf. pterostictum,-23.779469,-46.003153,29,07,2008
Brazil,São Paulo,Iguape,UFRGS,14718,arroio na RS 222 kM 63,Characidium sp.,-24.73,-47.598611,23,04,2008
Brazil,São Paulo,Pindamonhangaba,UFRGS,14731,"rio Piracuama, 100m à jusante e a montante da ponte do local chamado XIX, ponte de ferro.",Characidium sp.,-22.865556,-45.584722,02,04,2011
Brazil,Goiás,Cavalcante,UFRGS,14857,córrego Grotão ou Rita Maria na estrada entre Cavalcanti e Minaçu,Characidium stigmosum,-13.754444,-47.455,25,05,2008
Brazil,São Paulo,Ubatuba,UFRGS,14867,valo na beirada estrada (paralelo) Km 21 rio Santos. À da estrada do Cambucá.,Characidium sp.,-23.35,-44.87,31,07,2008
Brazil,São Paulo,Ubatuba,UFRGS,14869,valo ao lado da estrada de terra na BR 101 à esquerda entre Parati e Angra. afluente do rio Barra Grande.,Characidium sp.,-23.43,-45.07,31,07,2008
Brazil,Minas gerais,Francisco Dummond,UFRGS,14883,Ribeirão D'água Fria na estrada de terra entre Francisco Dummond e Jequitaí,Characidium zebra,-17.298889,-44.361111,22,05,2008
Brazil,Minas gerais,Ibiaí,UFRGS,14917,riacho do Barro na MG-674 entre Guacuí e Ibiaí,Characidium zebra,-16.861099,-44.914398,22,05,2008
Brazil,Bahia,Arataca,UFRGS,14936,"rio Branco, afluente do rio Una, na BR-101 à 100m da estrada para Arataca",Characidium sp.,-15.255,-39.451667,24,06,2009
Brazil,Bahia,Itapé,UFRGS,14939,"rio Cachoeira, localidade de Estiva.",Characidium sp.,-14.934722,-39.469722,24,06,2009
Brazil,Bahia,Itabuna,UFRGS,14942,"riacho que margeia a BA-263, afluente do rio Colônia, entre Itapé e Itabuna, em frente a estrada da fábrica União",Characidium sp.,-14.7856,-39.2803,25,06,2009
Brazil,Rio Grande do Sul,Júlio de Castilhos,UFRGS,14985,"arroio Passo dos Buracos (Tipiaia), embaixo da ponte ao N de Júlio de Castilhos na estrada para Cruz Alta, BR-158.",Characidium pterostictum,-29.113861,-53.651028,20,05,2011
Brazil,Rio Grande do Sul,Cruz Alta,UFRGS,14990,rio Passo Novo na saída de Cruz Alta em direção a Ibirubá.,Characidium pterostictum,-28.645417,-53.559972,20,05,2011
Brazil,Rio Grande do Sul,Júlio de Castilhos,UFRGS,15013,"arroio Passo dos Buracos (Tipiaia), embaixo da ponte ao N de Júlio de Castilhos na estrada para Cruz Alta, BR-158.",Characidium pterostictum,-29.113861,-53.651028,20,05,2011
Brazil,Mato Grosso,Porto Alegre do Norte,UFRGS,15165,rio Preto.,Characidium cf. zebra,-11.247778,-51.549444,01,03,2011
Brazil,Mato Grosso,São Félix do Araguaia,UFRGS,15256,córrego sem nome na BR-158,Characidium cf. zebra,-11.506667,-51.430833,02,03,2011
Brazil,Mato Grosso,São Félix do Araguaia,UFRGS,15275,rio sem nome na BR-158.,Characidium cf. zebra,-11.385833,-51.445556,02,03,2011
Brazil,Mato Grosso,Campo Novo dos Parecis,UFRGS,15315,"rio Papagaio, praia do Pubi (à jusante da ponte) e na Ilha do Pubi (montante).",Characidium sp.,0,0,14,10,2009
Brazil,Mato Grosso,Sapezal,UFRGS,15332,"rio Papagaio, Balneário do Pubi.",Characidium sp.,-13.559583,-58.407917,12,09,2010
Brazil,Santa Catarina,Criciúma,UFRGS,15412,"afluente do rio dos Porcos, 4º linha em frente ao Posto Polipreto.",Characidium pterostictum,-28.7725,-49.365833,17,11,2004
Brazil,Mato Grosso,Porto Alegre do Norte,UFRGS,15475,"córrego à 9,6 km do porto do Luiz em estrada de chão.",Characidium cf. zebra,-11.261667,-51.605,05,07,2011
Brazil,Mato Grosso,Alto Boa Vista,UFRGS,15675,arroio na estrada ao S de Alto Boa vista.,Characidium zebra,-11.800556,-51.368611,06,07,2011
Brazil,Rio Grande do Sul,Morro Azul,UFRGS,15952,rio Morro Azul com acesso junto à ponte de ferro na estrada entre Morrinhos do Sul e Mampituba,Characidium pterostictum,-29.398056,-49.916944,21,11,2009
Brazil,Santa Catarina,São João do Sul,UFRGS,15999,rio Mampituba em Vila Lothhammer,Characidium pterostictum,-29.220556,-49.880278,22,03,2009
Brazil,Rio Grande do Sul,Torres,UFRGS,16012,"rio Mampituba, na localidade de Vila Lothhammer.",Characidium pterostictum,-29.220583,-49.880333,20,09,2009
Brazil,Santa Catarina,Praia Grande,UFRGS,16042,"rio Mampituba, no balneário Mampituba em Praia Grande.",Characidium pterostictum,-29.199361,-49.951556,21,12,2008
Brazil,Rio Grande do Sul,Morro Azul,UFRGS,16311,"Morro Azul, Vale do Paraíso.",Characidium pterostictum,-29.398333,-49.917222,30,12,2011
Brazil,Santa Catarina,Praia Grande,UFRGS,16318,"Camping Passo Fundo, rio Canoas.",Characidium pterostictum,-29.226556,-50.003306,28,12,2011
Brazil,Rio Grande do Sul,Morro Azul,UFRGS,16319,rio Paraíso.,Characidium pterostictum,-29.41625,-49.958472,30,12,2011
Brazil,Mato Grosso,Alto Boa Vista,UFRGS,16400,"riacho na BR-242, MT-100.",Characidium zebra,-11.743889,-51.369444,06,07,2011
Brazil,Rio Grande do Sul,Itati,UFRGS,16515,"Poça lateral ao arroio Bananeiras, próximo a foz do arroio da Barra, afl. rio Três Forquilhas.",Characidium pterostictum,-29.426667,-50.178889,06,06,2012
Brazil,Rio Grande do Sul,Itati,UFRGS,16536,"arroio Carvalho, bacia do Três Forquilhas, na ponte da Rota do Sol.",Characidium pterostictum,-29.390278,-50.183889,06,06,2012
Brazil,Rio Grande do Sul,Três Forquilhas,UFRGS,16558,rio Três Forquilhas.,Characidium pterostictum,-29.472528,-50.119417,22,02,2012
Brazil,Rio Grande do Sul,Vila Maria,UFRGS,16813,"rio Jordão, bacia do rio Guaporé.",Characidium pterostictum,-28.546667,-52.110556,13,05,2010
Brazil,Rio Grande do Sul,Arroio do Meio,UFRGS,16817,"arroio sem nome, bacia do rio Taquari",Characidium pterostictum,-29.290556,-51.918056,06,05,2010
Brazil,Rio Grande do Sul,Arroio do Meio,UFRGS,16824,"arroio sem nome, bacia do rio Taquari",Characidium orientale,-29.290556,-51.918056,06,05,2010
Brazil,Rio Grande do Sul,Capão da Canoa,UFRGS,16927,Lagoa dos Quadros.,Characidium zebra,-29.762306,-50.084083,19,05,2009
Brazil,Alagoas,Rio Largo,UFRGS,16975,"rio Mundaú, na Fazenda Pau Amarelo, junto à BR-101, afl. Baixo Mundaú.",Characidium bimaculatum,-9.44825,-35.860444,02,09,2012
Brazil,Sergipe,Muribeca,UFRGS,17053,"rio Ladim, na BR-101 junto à ponte no Km 28, afl. Baixo Vaza Barris.",Characidium bahiense,-10.434778,-36.933361,03,09,2012
Brazil,Rio Grande do Sul,Veranópolis,UFRGS,10064,rio da Prata próximo da ponte Veranópolis - Antônio Prado,Characidium orientale,-28.870556,-51.4475,27,10,2007
Brazil,Rio Grande do Sul,Dois Lajeados,UFRGS,10092,rio Carreiro na área de influência da PCH Cotiporã,Characidium orientale,-28.963056,-51.761944,30,05,2007
Brazil,Rio Grande do Sul,Jaguarão,UFRGS,10145,valo de arroz no acesso principal a sede da fazenda da Invernada,Characidium orientale,-32.4525,-53.263056,23,10,2007
Brazil,Minas gerais,Januária,UFRGS,10151,praia de Seu Manoel à montante da ponte rio Pandeiros,Characidium aff. zebra,-15.4881,-44.361698,01,07,2008
Brazil,Minas gerais,Januária,UFRGS,10159,"afluente do Catulé, bacia do rio Pandeiros",Characidium aff. zebra,-15.4881,-44.361698,04,07,2008
Brazil,São Paulo,Bertioga,UFRGS,10173,"sítio do seu Maneco, Km 208. rio Santos.",Characidium sp.,-23.779444,-46.003056,29,07,2008
Brazil,Rio Grande do Sul,Viamão,UFRGS,10285,Estância Grande Viamão,Characidium rachovii,-30.000833,-50.964444,08,10,2008
Brazil,Paraná,Guaraqueçaba,UFRGS,10312,poção de um riacho na beira da estrada de chão,Characidium cf. hanei,-25.3067,-48.328899,22,04,2008
Brazil,Rio Grande do Norte,NA,UFRGS,10471,rio Ceará-Mirim,Characidium bimaculatum,0,0,17,03,2001
Brazil,Rio Grande do Norte,NA,UFRGS,10480,rio Ceará-Mirim,Characidium bimaculatum,0,0,16,12,2000
Brazil,Rio Grande do Sul,Candiota,UFRGS,10615,"rio Jaguarão, sob ponte entre Seival e Hulha Negra",Characidium orientale,-31.446667,-53.788056,21,01,2009
Brazil,Rio Grande do Sul,Pantano Grande - Rio Pardo,UFRGS,10640,"rio Capivari, abaixo da ponte na BR 290",Characidium tenue,0,0,23,02,2008
Brazil,Rio Grande do Sul,Minas do Leão,UFRGS,10657,"rio Francisquinho, BR290, próximo à ponte",Characidium zebra,-30.162672,-52.148775,29,02,2008
Brazil,Mato Grosso,Poconé,UFRGS,10681,"charcos, alagados e banhados ao longo da rodovia Transpantaneira",Characidium aff. zebra,-16.519278,-56.711806,27,01,2009
Brazil,Santa Catarina,Praia Grande,UFRGS,10852,"arroio Molha Côco, afluente do rio Mampituba, 0,6 Km de Praia Grande. Vila Rosa",Characidium pterostictum,-29.169167,-49.982222,12,09,2008
Brazil,Santa Catarina,Mondaí,UFRGS,10907,"rio Macuco, na localidade de Catres",Characidium pterostictum,-27.118333,-53.565833,11,12,2007
Uruguay,Salto,Salto,UFRGS,10952,"Arroyo San Antonio, 10KM da ruta 3, próximo a cidade de Salto.",Characidium pterostictum,-31.287222,-57.909444,09,09,2005
Uruguay,Paysandu,Paysandu,UFRGS,10967,"Cañada na ruta 26, afluente do arroyo de Soto, bacia do rio Queguay Grande.",Characidium rachovii,-32.051667,-57.6825,10,09,2005
Brazil,Bahia,Ibicaraí,UFRGS,11064,"rio Salgado, afluente do rio Colônia, na fazenda Sta Luzia, na ponte na estrada de terra a 50m da BA-263",Characidium sp.,-14.865,-39.587502,25,06,2009
Brazil,Bahia,Itapé,UFRGS,11070,"entrar na estrada de chão à direita no sentido Itapé-Ibicaraí a 4,5Km de Itapé na fazenda Bom Jesus, Ribeirão Papuá",Characidium sp.,-14.8983,-39.421101,25,06,2009
Brazil,São Paulo,Vitória Brasil,UFRGS,11155,"córrego do Cedro, sítio Santo Afonso; bairro Córrego do Cedro",Characidium sp.,-20.22,-50.503056,24,08,2009
Brazil,Mato Grosso do Sul,Porto Murtinho,UFRGS,11175,rio Amonguijá,Characidium zebra,-21.6989,-57.8825,10,02,2009
Brazil,Mato Grosso do Sul,Porto Murtinho,UFRGS,11177,rio Amonguijá,Characidium laterale,-21.6989,-57.8825,10,02,2009
Brazil,Goiás,Nova Roma,UFRGS,11226,"povoado de Lagoa Brava, córrego na GO-112, sentido Teresina de Goiás, afl. rio Paranã",Characidium zebra,-13.7419,-46.880299,09,09,2009
Brazil,Minas gerais,Uruana de Minas,UFRGS,11260,"Estrada entre Guarapuava e Unaí, córrego na beira da BR-251, cerca de 1Km ao sul de Guarapuava",Characidium sp.,-16.064199,-46.2542,11,09,2009
Brazil,Minas gerais,Unaí/Palmeirinha,UFRGS,11269,córrego em estrada de terra sentido Unaí / Palmeirinha,Characidium sp.,-16.156667,-46.746667,11,09,2009
Brazil,Goiás,Cavalcante,UFRGS,11326,"Córrego cerca de 4km ao norte de Cavalcante, na estrada de terra para Minaçú - afl. rio Paranã",Characidium stigmosum,-13.755,-47.455556,06,09,2009
Brazil,Goiás,Cavalcante,UFRGS,11330,"riacho a cerca de 27 Km ao norte de Cavalcante, rodovia GO-241, sentido Minaçú - alf. rio Paranã",Characidium sp.,-13.615556,-47.518333,07,09,2009
Brazil,Goiás,Alto Paraíso de Goiás,UFRGS,11363,"Rio dos Couros, Portal da Chapada, próximo a Fazenda São Bento, afluente do rio Tocantinzinho.",Characidium aff. zebra,-14.166111,-47.595278,10,09,2009
Brazil,Goiás,Alto Paraíso de Goiás,UFRGS,11364,"Rio dos Couros, Portal da Chapada, próximo a Fazenda São Bento, afluente do rio Tocantinzinho.",Characidium stigmosum,-14.166111,-47.595278,10,09,2009
Brazil,Minas gerais,Uruana de Minas,UFRGS,11368,"Estrada entre Guarapuava e Unaí, córrego na beira da BR-251, cerca de 1Km ao sul de Guarapuava",Characidium sp.,-16.064199,-46.2542,11,09,2009
Brazil,Paraná,Ponta Grossa,UFRGS,11447,"arroio Sutil, na PR-151, bacia do rio Tibagi",Characidium aff. zebra,-25.294444,-50.113611,17,10,2009
Brazil,Paraná,Ponta Grossa,UFRGS,11454,"rio Tibagi a 100m da BR373, na localidade de Uvaia",Characidium aff. zebra,-25.073333,-50.386389,16,10,2009
Brazil,Rio Grande do Sul,Mostardas,UFRGS,11515,"Lagoa de Bacuparí, na margem oeste, após a lagoa de Toperá",Characidium zebra,-30.525833,-50.410556,12,05,2009
Brazil,Minas gerais,Oliveira,UFRGS,11822,"Córrego Caxambu, no sítio Teresa Cristina, afluente do Rio Jacaré.",Characidium sp.,-20.801861,-44.878139,27,07,2009
Brazil,Mato Grosso,Pontes e Lacerda,UFRGS,12091,Rio Guaporé - Margem esquerda.,Characidium sp.,-15.216056,-59.353583,03,02,2010
Brazil,Mato Grosso,Pontes e Lacerda,UFRGS,12234,Afluente do Rio Guaporé entre Pontes e Lacerda e Vila Majão.,Characidium sp.,-15.467778,-59.506806,04,02,2010
Brazil,Rio Grande do Sul,Viamão,UFRGS,1237,arroio Alexandrina,Characidium sp.,-30.1,-50.950001,07,09,1980
Brazil,Rio Grande do Sul,Bagé,UFRGS,12374,"rio Negro, na BR-153 entre Bagé e Aceguá",Characidium occidentale,-31.476944,-54.138611,03,03,2005
Brazil,São Paulo,Pariquera - açú,UFRGS,12419,"riacho na estrada SP 459/230 Km 11,Bacia rio Pariquera-Açu",Characidium pterostictum,-24.694167,-47.890278,23,04,2008
Brazil,Paraná,Antonina,UFRGS,12446,"Rio do Cedro, na estrada de chão em frente a escola rural Rio do Cedro, Baia de Guaraqueçaba",Characidium pterostictum,-25.4286,-48.711899,22,04,2008
Brazil,Rio Grande do Sul,Tapes,UFRGS,12532,"Alagado dentro de fazenda, próximo a BR 116.",Characidium rachovii,-30.556389,-51.513889,27,03,2010
Brazil,Rio Grande do Sul,Três Cachoeiras,UFRGS,12568,Próximo ao Morro Azul.,Characidium pterostictum,-29.39825,-49.917861,31,03,2010
Brazil,Rio Grande do Sul,Três Cachoeiras,UFRGS,12595,Próximo ao Morro Azul.,Characidium pterostictum,-29.39825,-49.917861,31,03,2010
Brazil,Rio Grande do Sul,Torres,UFRGS,12605,Vila Lothhammer.,Characidium pterostictum,-29.176778,-49.971556,03,03,2010
Brazil,Rio Grande do Sul,Pedras Altas,UFRGS,12754,"Richo afluente do arroio Taguare, propriedade a direita da estrada sentido Pinheiro Machado - Pedras Altas, aproximadamente 5 km antes de Pedras Altas.",Characidium rachovii,-31.682222,-53.588889,13,05,2010
Brazil,Rio Grande do Sul,Pedras Altas,UFRGS,12758,"Riacho de cabeceira de ordem 1, afluene do Arroio Basilio, também chamado de Santa Maria, aproximadamente 2 km da estância Passo da Cruz no sentido Pedras Altas para Pinheiro Machado.",Characidium rachovii,-31.744722,-53.556111,12,05,2010
Brazil,Mato Grosso,Cuiabá,UFRGS,13011,"ribeirão Esmerial, Br-163.",Characidium aff. zebra,-15.480278,-56.290833,10,06,2010
Brazil,Espírito Santo,Marechal Floriano,UFRGS,13067,"rio Jacu, braço Sul.",Characidium timbuiense,-20.415833,-40.8625,05,05,2010
Brazil,Rio Grande do Sul,Eldorado do Sul,UFRGS,13092,arroio sem nome na Estação Experimental Agronômica da UFRGS,Characidium pterostictum,-30.1,-51.693889,30,04,2010
Brazil,Mato Grosso,Conquista D`Oeste,UFRGS,13108,Rio Galera - Margem direita dentro do Balneário Galera.,Characidium sp.,-14.481417,-59.585278,04,02,2010
Brazil,Mato Grosso,Barra do Garças,UFRGS,13124,"Riacho da cachoeira Pé da Serra, afluente do Rio das Garças - Córrego voadeira.",Characidium sp.,-15.881361,-52.253861,07,02,2010
Brazil,Rio Grande do Sul,Cerro Largo,UFRGS,13221,rio Ijuí na UHE São José.,Characidium zebra,-28.175556,-54.819722,07,09,2010
Brazil,Mato Grosso,Tabaporã,UFRGS,13391,"riacho na MT 220 em direção a Tabaporã, MT.",Characidium sp.,-11.553889,-56.574722,26,10,2010
Brazil,Mato Grosso,Tabaporã,UFRGS,13406,"riacho na MT-220, cerca de 10km de América do Norte.",Characidium sp.,-11.608111,-56.271028,27,10,2010
Brazil,Mato Grosso,Tabaporã,UFRGS,13425,"Córrego da Parada, MT 220, cerca de 10 Km de Americana do Norte.",Characidium sp.,-11.627222,-56.226944,26,10,2010
Brazil,Mato Grosso,Tabaporã,UFRGS,13434,"rio Batelão, na MT 220, abaixo da ponte",Characidium sp.,-11.532222,-56.759722,27,10,2010
Brazil,Mato Grosso,Tabaporã,UFRGS,13438,"rio Batelão, na MT 220, abaixo da ponte",Characidium sp.,-11.532222,-56.759722,27,10,2010
Brazil,Mato Grosso,Tabaporã,UFRGS,13522,"Córrego da Parada, MT 220, cerca de 10 Km de Americana do Norte.",Characidium sp.,-11.627222,-56.226944,26,10,2010
Brazil,Mato Grosso,Tabaporã,UFRGS,13541,"Córrego da Parada, MT 220, cerca de 10 Km de Americana do Norte.",Characidium sp.,-11.627222,-56.226944,26,10,2010
Brazil,Mato Grosso,Tabaporã,UFRGS,13556,"rio Batelão, na MT 220, abaixo da ponte",Characidium sp.,-11.532222,-56.759722,27,10,2010
Brazil,Mato Grosso,Poconé,UFRGS,13573,"rio Cuiabá, SESC Pantanal, rio acima e abaixo em praias",Characidium sp.,-16.515333,-56.377722,24,10,2010
Brazil,Rio Grande do Sul,Pedras Altas,UFRGS,13663,arroio sem nome.,Characidium pterostictum,-31.7625,-53.520278,10,09,2010
Brasil,São Paulo,NA,MZUSP,1845.0,Funil,Characidium sp.,0,0,NA,NA,NA
Brasil,Bahia,NA,MZUSP,8934.0,"Arembepe, BA",Characidium bahiensis,-12.75,-38.166668,13,10,1970
Brasil,São Paulo,Iporanga,MZUSP,51362.0,Rio Betari.,Characidium cf.pterostictum,-24.566668,-48.666668,NA,NA,NA
Brasil,São Paulo,Santa Isabel,MZUSP,47177.0,"Cabeceira do rio Pilões, sítio Bem Viver, 10-11.viii.1991",Characidium,-23.299999,-46.233334,NA,NA,NA
Brasil,Sao Paulo,Itariri,MZUSP,78557.0,"Rio Areado, afl. Rio Guanhanhã.",Characidium,-24.250278,-47.159721,13,09,2001
Brasil,Sao Paulo,Pedro de Toledo,MZUSP,78562.0,"Ribeirao Areado, afl. Rio Sao Lourencinho.",Characidium,-24.166111,-47.203335,12,09,2001
Brasil,Sao Paulo,Itariri,MZUSP,78567.0,"Rio Areado, junto a foz no Rio Guanhanha.",Characidium,-24.266666,-47.166111,13,09,2001
Brasil,Amazonas,NA,MZUSP,81228.0,"Rio Tiquié, porto das comunidades entre São Domingos Sávio e Jabuti.",Characidium,0,-68.416664,07,11,2002
Brasil,Amazonas,NA,MZUSP,81246.0,"Igarapé Cabari, afluente do rio Tiquié, comunidade de Coração de Maria.",Characidium,0.28305554,-69.834442,29,10,2002
Brasil,Sao Paulo,Pedro de Toledo,MZUSP,78568.0,"Riacho afl. Rio Itariri, na estrada Manoel da Nobrega para Santa Rita.",Characidium,-24.210278,-47.289722,14,09,2001
Brasil,Amazonas,NA,MZUSP,81205.0,"Rio Tiquié, comunidade de Caruru, praias em poço após a cachoeira (20-21.x.2002).",Characidium,0.27472222,-69.915001,NA,NA,NA
Brasil,Mato Grosso do Sul,Coxim,MZUSP,83581.0,"Ribeirão dos Veados, Rio Taquari - Ponto 3",Characidium,-18.422501,-54.834999,30,09,2003
Uruguai,NA,Depto. Soriano,MZUSP,45866.0,"Rio Negro , Villa Soriano",Characidium,0,0,18,04,1984
Brasil,Mato Grosso do Sul,Coxim,MZUSP,83568.0,"Ribeirão dos Veados, Rio Taquari - Ponto 3",Characidium,-18.422501,-54.834999,30,09,2003
Brasil,São Paulo,São Luiz Paraitinga,MZUSP,42883.0,"Riacho Cachoeirinha, afluente do Ribeirão do Chapéu",Characidium,-23.25,-45.200001,01,06,1991
Brasil,São Paulo,Cunha,MZUSP,42872.0,"Córrego do Oriente (ou do Jardim), na estrada para Campos de Cunha",Characidium,-22.983334,-44.849998,31,05,1991
Brasil,Acre,Tarauacá,MZUSP,31683.0,Rio Tarauacá,Characidium,-8.166667,-70.76667,01,08,1984
Brasil,São Paulo,Salesópolis,MZUSP,47170.0,Ribeirão dos Monos.,Characidium,-23.533333,-45.849998,20,11,1992
Brasil,Rio de Janeiro,Resende,MZUSP,44515.0,"Rio Pirapitinga, Bairro da Capelinha, primeira ponte na estrada de terra de Capelinha para Mauá.",Characidium,-22.466667,-44.450001,10,09,1992
Brasil,São Paulo,São Luiz Paraitinga,MZUSP,47166.0,"Rio Turvo, estrada de terra à esquerda da estrada para Lagoinha.",Characidium,-23.15,-45.266666,25,10,1991
Brasil,São Paulo,Santa Isabel,MZUSP,47178.0,"Rio Pilões, estrada para Santa Isabel",Characidium,-23.299999,-46.233334,11,08,1991
Brasil,São Paulo,Santa Isabel,MZUSP,47179.0,"Ribeirão Pedra Branca, 10-11.viii.1991",Characidium,-23.299999,-46.233334,NA,NA,NA
Brasil,São Paulo,Santa Isabel,MZUSP,47168.0,"Rio Jararaca, Bairro do Funil, à frente do portão da fazenda Yakult.",Characidium,-23.299999,-46.233334,19,11,1992
Brasil,São Paulo,Mogi das Cruzes,MZUSP,47173.0,"Cachoeirinha do Angico, sítio do Sr. Manoel Figueiredo, Bairro de Itapeti.",Characidium,-23.5,-46.183334,21,11,1992
Brasil,São Paulo,Santa Branca,MZUSP,47171.0,"Ribeirão Grande, Sítio Sao José, estrada de terra Salesópolis/Santa Branca (SP-77)",Characidium,-23.483334,-45.866665,20,11,1992
Brasil,São Paulo,São Luiz Paraitinga,MZUSP,47175.0,Rio Turvo no Bairro do Alvarenga.,Characidium,-23.15,-45.266666,26,01,1993
Brasil,São Paulo,São Luiz Paraitinga,MZUSP,47176.0,"Córrego São Roque, Fazenda São José II da Florin, Bairro Alberto Grande.",Characidium,-23.233334,-45.316666,26,01,1993
Brasil,São Paulo,Ribeirão Grande,MZUSP,83734.0,"Rio Carmo, base da Fazenda Intervales.",Characidium,-24.09,-48.36,10,03,1995
Brasil,Sao Paulo,Pedro de Toledo,MZUSP,78564.0,"Rio sao Lourencinho, no Bairro Sao Lourenco.",Characidium,-24.149166,-47.190834,12,09,2001
Brasil,Sao Paulo,Pedro de Toledo,MZUSP,78561.0,"Riacho afl. Rio Piririca, afl. Rio Areado, Bairro Piririca, PESM Nucleo Pedro de toledo.",Characidium,-24.218056,-47.175278,11,09,2001
Brasil,Sao Paulo,Pedro de Toledo,MZUSP,78559.0,"Riacho Ribeirao Grande, Bairro Ribeirao Grande, PESM Nucleo Pedro de Toledo.",Characidium,-24.235277,-47.232777,11,09,2001
Brasil,Mato Grosso do Sul,Três Lagoas,MZUSP,88425.0,Córrego sem nome na MS- 320 antes do córrego Taboca,Characidium aff.bahiensis,-20.7511,-51.6783,24,09,2003
Brasil,Minas Gerais,São Roque de Minas,MZUSP,50737.0,"xii.1993-v.1995:,Rio São Francisco, fazenda Casca D'Anta.",Characidium aff. gomesi,-20.5,-46.833332,NA,NA,NA
Brasil,Rio Grande do Sul,NA,MZUSP,49170.0,"Arroio Paradiso, na estrada entre São Sebastião do Caí e Bom Princípio, drenagem do rio Caí.",Characidium aff. pterostictum,-29.516666,-51.366665,08,12,1979
Brasil,Rio Grande do Sul,Pelotas,MZUSP,49167.0,"Arroio Pelotas, sob a ponte na estrada entre Pelotas e Porto Alegre, próximo de Pelotas.",Characidium aff. pterostictum,-31.616667,-52.316666,11,12,1979
Brasil,Goiás,Aruanã,MZUSP,49984.0,"Rio Araguaia, praia perto da cidade.",Characidium aff.zebra,-14.916667,-51.083332,NA,NA,NA
Brasil,Mato Grosso,Cáceres,MZUSP,79189.0,Santo Inácio,Characidium aff.zebra,-16.066668,-57.833332,06,06,1977
Brasil,Mato Grosso do Sul,Sonora,MZUSP,82058.0,"Ribeirão Comprido, afl. do rio Corrente (alto rio Taquari)",Characidium aff.zebra,-17.5769,-54.7578,09,01,2002
Brasil,Mato Grosso,Jaurú,MZUSP,82069.0,"Rio Jaurú, à jusante da UHE Jaurú",Characidium aff.zebra,-15.3419,-58.8664,11,12,2002
Brasil,Bahia,NA,MZUSP,8911.0,"Arembepe, BA",Characidium bahiensis,-12.75,-38.166668,13,10,1970
Brasil,Bahia,Campo Formoso,MZUSP,51372.0,"Rio Salitre, na estrada para Lage, ca. 40 km a leste de Lage, Poços de Doce.",Characidium bahiensis,-10.3,-40.766666,04,01,1997
Brasil,Bahia,Formosa do Rio Preto,MZUSP,83823.0,"rio Sapão, bacia do rio Preto, à 1 km do povoado de São Marcelo",Characidium bahiensis,-11.017222,-45.530556,19,11,2002
Brasil,Bahia,Formosa do Rio Preto,MZUSP,84100.0,rio Preto na ponte da estrada BR-135 na cidade de Formosa do Rio Preto,Characidium bahiensis,-11.053889,-45.200832,07,08,2002
Brasil,Bahia,NA,MZUSP,8928.0,"Arembepe, BA",Characidium bahiensis,-12.75,-38.166668,13,10,1970
Brasil,Bahia,NA,MZUSP,8939.0,"Arembepe, BA",Characidium bahiensis,-12.75,-38.166668,13,10,1970
Brazil,Rio de Janeiro,Silva Jardim,MZUSP,80224.0,"Afluente do rio São João, 28 km N pela estrada Boqueirão-Japuíba, em Gaviões",Characidium cf. alipioi,-22.566668,-42.566666,12,10,2002
Brasil,Bahia,Santa Rita de Cássia,MZUSP,58925.0,"Braço do Rio Preto, em frente à estação de captação de água.",Characidium cf. bahiense,-11.006111,-44.528889,07,07,1998
Brasil,Bahia,Formosa do Rio Preto,MZUSP,58924.0,"Córrego Livramento, afl. rio Sapão, localidade de São Marcelo.",Characidium cf. bahiense,-10.990556,-45.529999,05,07,1998
Brasil,Mato Grosso,Barão de Melgaço,MZUSP,79125.0,Baía do Chacoraré,Characidium cf. borellii,-16.1944,-55.9675,18,10,1977
Paraguay,Concepcion,NA,MZUSP,54019.0,"Riacho Blandengue, em propridade de Antebi, abaixo da ponte.",Characidium cf.fasciatum,22.4,57.450001,16,09,1997
Paraguay,Concepcion,NA,MZUSP,54015.0,"Riacho Blandengue, perto da boca com o Rio Apa",Characidium cf.fasciatum,22.233334,57.349998,NA,NA,NA
Paraguay,Alto Paraguay,NA,MZUSP,54013.0,"Rio Paraguay (na margem esquerda, do lado brasileiro)",Characidium cf.fasciatum,21.15,57.849998,09,09,1997
Paraguay,Concepcion,NA,MZUSP,54016.0,Rio Aquidaban,Characidium cf.fasciatum,23.066668,57.533333,18,09,1997
Paraguay,Concepcion,NA,MZUSP,54018.0,"Rio Apa, em uma pequena entrada do rio.",Characidium cf.fasciatum,22.116667,57.816666,15,09,1997
Brasil,Paraná,Guaíra,MZUSP,21618.0,"Rio Paraná, acima de Sete Quedas. Período da coleta: 1977 a 1980",Characidium cf.fasciatum,-24.066668,-54.266666,NA,NA,NA
Brasil,Minas Gerais,Lufa,MZUSP,86047.0,"Riacho, próximo a Lufa (UTM 24K 0187977-8090999).",Characidium cf.fasciatum,0,0,01,09,2004
Brasil,Minas Gerais,Mucuri,MZUSP,86062.0,"Rio Mucuri, na vila de Mucuri.",Characidium cf.fasciatum,0,0,02,09,2004
Brasil,Mato Grosso,Reserva do Cabaçal,MZUSP,78765.0,"Rio Cabaçal, abaixo da cachoeira.",Characidium cf. gomesi,-15.158611,-58.343334,05,03,2002
Brasil,Mato Grosso,Reserva do Cabaçal,MZUSP,78744.0,"Ribeirão Sete de Setembro, encontro com o córrego da pousada (c. 1 km abaixo da cachoeira Chuva de Prata).",Characidium cf. gomesi,-15.086667,-58.3475,05,03,2002
Brasil,São Paulo,Iguape,MZUSP,80061.0,"Rio Espraiado, Estação Ecológica Juréia-Itatins, próximo a segunda ponte de concreto.(pto4)",Characidium cf. japuhybense,-24.386389,-47.352501,11,10,2002
Brasil,São Paulo,Pádua Sales,MZUSP,51347.0,"Lagoa do Jacaré, margem do rio Mogi-Guassú.",Characidium cf. lagosantensis,-22.299999,-47.133335,06,11,1994
Brasil,Amazonas,Rio Preto da Eva,MZUSP,87641.0,"Igarapé do Cândido, Balneário Gonzagão, 2°41'13,4''S, 59°42'33,1''W",Characidium cf. pteroides,-2.69944,-59.6997,04,07,2003
Brasil,Amazonas,NA,MZUSP,81306.0,"Rio Tiquié, igarapé de água preta perto da Cachoeira da Pedra Curta.",Characidium cf. pteroides,0,0,31,10,2002
Brasil,Amazonas,NA,MZUSP,81447.0,"Rio Tiquié, lagoas marginais abaixo da comunidade de São Pedro.",Characidium cf. pteroides,0.26666668,-69.933334,24,10,2002
Brasil,Amazonas,NA,MZUSP,81400.0,"Rio Tiquié, igarapé Açaí, perto da comunidade de São Pedro.",Characidium cf. pteroides,0.26666668,-69.966667,NA,NA,NA
Brasil,Amazonas,Rio Preto da Eva,MZUSP,87638.0,"Igarapé afl. Rio Preto da Eva, depois do balneário do Encanto da Mata, 2°37'10,2''S, 59°44'30,5''W",Characidium cf. pteroides,-2.69944,-59.6997,03,07,2003
Brasil,Amazonas,Rio Preto da Eva,MZUSP,87639.0,"Braço do rio Preto da Eva no Recanto da Mata, 2°38'25,8''S, 59°44'5,7''W",Characidium cf. pteroides,-2.69944,-59.6997,03,07,2003
Brasil,Amazonas,Rio Preto da Eva,MZUSP,87649.0,"Rio Preto da Eva no Recanto do Buriti, logo ao lado esquerdo da praia do balneário, 2°41'58,4''S, 59°42'10,8''W",Characidium cf. pteroides,-2.69944,-59.6997,07,07,2003
Brasil,Amazonas,Rio Preto da Eva,MZUSP,87642.0,"Igarapé Água Verde, na estrada na margem esquerda do rio Preto da Eva, abaixo da cidade, 2°44'22,7''S, 59°41'15,5''W",Characidium cf. pteroides,-2.69944,-59.6997,05,07,2003
Brasil,Amazonas,Rio Preto da Eva,MZUSP,87650.0,"Braço do rio Preto da Eva no Encanto da Mata, 2°38'25,8''S, 59°44'5,7''W",Characidium cf. pteroides,-2.69944,-59.6997,07,07,2004
Brasil,Amazonas,Rio Preto da Eva,MZUSP,87645.0,"Igarapé do Manu, no balneário, 2°40'49,2''S, 59°42'47,6''W",Characidium cf. pteroides,-2.69944,-59.6997,07,07,2003
Brasil,Amazonas,Rio Preto da Eva,MZUSP,87644.0,"Rio Preto da Eva, c. 3 km abaixo da cidade, 2°43'44,5''S, 59°41'13,8''W",Characidium cf. pteroides,-2.69944,-59.6997,06,07,2003
Brasil,Amazonas,Rio Preto da Eva,MZUSP,87648.0,"Primeiro igarapé no Ramal ZF-10, que sai do km 113 da estrada para Itacoatiara, 2°43'55,5'S, 59°27'0,8''W",Characidium cf. pteroides,-2.69944,-59.6997,08,07,2003
Brasil,Amazonas,Manaus,MZUSP,87647.0,"Igarapé no recanto do Chupisco, na estrada que sai no km 36 da rodovia Manaus/R.P. da Eva, 2°49'48,7''S, 59°58'11,2''W",Characidium cf. pteroides,-3.10194,-60.025,09,07,2003
Brasil,Amazonas,Rio Preto da Eva,MZUSP,87652.0,"Braço do rio Preto da Eva, no Encanto da Mata, 2°38'25,8''S, 59°44'5,7''W",Characidium cf. pteroides,-2.69944,-59.6997,09,07,2003
Brasil,São Paulo,Sete Barras,MZUSP,64570.0,"Rio Ipiranga, logo abaixo da cachoeira que delimita o Parque Estadual Carlos Botelho.",Characidium cf.pterostictum,-24.161388,-47.850277,28,11,2000
Brasil,São Paulo,Sete Barras,MZUSP,64563.0,"Riacho afl. do Ribeirão da Serra, na Sede Sete Barras do Parque Estadual Carlos Botelho.",Characidium cf.pterostictum,-24.196667,-47.925278,29,11,2000
Brasil,São Paulo,Sete Barras,MZUSP,64561.0,"Ribeirão da Serra, na sede Sete Barras do Parque Estadual Carlos botelho.",Characidium cf.pterostictum,-24.196112,-47.926109,29,11,2000
Brasil,São Paulo,Sete Barras,MZUSP,64568.0,"Rio Ipiranga, na Fazenda Brasban.",Characidium cf.pterostictum,-24.174166,-47.857498,28,11,2000
Brasil,São Paulo,Sete Barras,MZUSP,64562.0,"Ribeirão da Serra, na sede Sete Barras do Parque Estadual Carlos botelho.",Characidium cf.pterostictum,-24.196112,-47.926109,29,11,2000
Brasil,São Paulo,Iporanga,MZUSP,62371.0,"Rio Betarí, em frente ao camping do Núcleo Santana, PETAR.",Characidium cf.pterostictum,-24.531944,-48.703335,22,01,2000
Brasil,São Paulo,Sete Barras,MZUSP,64558.0,"Rio Preto, bairro Rio Preto, fora do limite do Parque Estadual Carlos Botelho.",Characidium cf.pterostictum,-24.192499,-47.890278,29,11,2000
Brasil,São Paulo,Sete Barras,MZUSP,64552.0,"Rio Quilombo, Parque Estadual Carlos Botelho, ca. 50 m acima da foz do Rio Saibadela.",Characidium cf.pterostictum,-24.237223,-48.052502,30,11,2000
Brasil,São Paulo,Iporanga,MZUSP,62351.0,"Rio Iporanga, na trilha para a caverna Casa de Pedra (próximo ao Núcleo Casa de Pedra).",Characidium cf.pterostictum,-24.497499,-48.589169,20,01,2000
Brasil,São Paulo,Sete Barras,MZUSP,64542.0,"Rio Quilombo, ca. 50 m à jusante da foz do rio Saibadela, no Bairro Saibadela.",Characidium cf.pterostictum,-24.237223,-48.052502,30,11,2000
Brasil,São Paulo,Sete Barras,MZUSP,64544.0,"Foz do Rio Saibadela no Rio Quilombo, no limite dos Pq. Carlos Botelho e Intervales.",Characidium cf.pterostictum,-24.237223,-48.052502,30,11,2000
Brasil,São Paulo,Sete Barras,MZUSP,64543.0,"Foz do Rio Saibadela no Rio Quilombo, no limite dos Pq. Carlos Botelho e Intervales.",Characidium cf.pterostictum,-24.237223,-48.052502,30,11,2000
Brasil,São Paulo,Sete Barras,MZUSP,64560.0,"Rio Preto, Parque Estadual Carlos Botelho.",Characidium cf.pterostictum,-24.179167,-47.895557,29,11,2000
Brasil,São Paulo,Sete Barras,MZUSP,64559.0,"Rio Preto, Parque Estadual Carlos Botelho.",Characidium cf.pterostictum,-24.179167,-47.895557,29,11,2000
Brazil,São Paulo,Miracatu,MZUSP,68156.0,"Rio Faú, no bairro do Faú.",Characidium cf.pterostictum,-24.207777,-47.477222,12,03,2001
Brasil,São Paulo,Sete Barras,MZUSP,64574.0,"Rio Ipiranga, na Fazenda Brasban.",Characidium cf.pterostictum,-24.179722,-47.857498,28,11,2000
Brasil,Paraná,Campo Largo,MZUSP,79527.0,"Ribeirão afluente do Rio Roça Velha, localidade de Roça Velha.",Characidium cf.pterostictum,-25.4586,-49.5283,18,05,2002
Brasil,São Paulo,Iporanga,MZUSP,82963.0,Rio Betari,Characidium cf.pterostictum,-24.58,-48.59,26,05,1997
Brasil,São Paulo,Sete Barras,MZUSP,64556.0,"Rio Preto, bairro Rio Preto, fora do limite do Parque Estadual Carlos Botelho.",Characidium cf. ptersotictum,-24.192499,-47.890278,29,11,2000
Brasil,Minas Gerais,Engenheiro Schoor,MZUSP,86079.0,Rio Gravatá (UTM 23K 0808752-8109950).,Characidium cf. timbuiense,0,0,01,09,2004
Brasil,Minas Gerais,Muriaé,MZUSP,80980.0,Rio Glória (afl. rio Muriaé).,Characidium cf. timbuiense,-21.079166,-42.34639,18,09,2002
Brasil,Minas Gerais,Manhuaçu,MZUSP,80977.0,Rio Manhuaçu.,Characidium cf. timbuiense,-20.256666,-42.117222,23,04,2002
Brasil,Minas Gerais,São Luiz,MZUSP,80989.0,Rio Manhuaçu.,Characidium cf. timbuiense,-20.336666,-42.080002,21,04,2002
Brasil,Minas Gerais,Caraí,MZUSP,86055.0,Rio Piauí (UTM 24K 0209109-8087891).,Characidium cf. timbuiense,-17.1889,-41.6947,01,09,2004
Brasil,Mato Grosso,Alto Araguaia,MZUSP,73266.0,"Córrego Boiadeiro, km 487,08 da ferrovia Ferronorte.",Characidium cf. zebra,-17.333611,-53.248055,16,05,2001
Brasil,Paraná,Quatro Barras,MZUSP,70342.0,"Rio Taquari, afl. do Rio Capivari em frente ao RosaCruz.",Characidium cf. zebra,-25.331667,-48.926666,10,03,2001
Brasil,São Paulo,Itirapina,MZUSP,87932.0,"Córrego da Lapa, entre a desembocadura do Córrego Canta Galo no Córrego da Lapa e a estação Paredão",Characidium cf. zebra,-22.25,-47.82,01,02,2002
Brasil,São Paulo,Luis Antônio,MZUSP,42635.0,Estação Ecológica do Jataí.,Characidium cf. zebra,-21.566668,-47.716667,NA,NA,NA
Brasil,Mato Grosso,Indiavaí,MZUSP,78761.0,"Rio Jaurú, ponte na estrada Araputanga/Jaurú (28-29.ii.2002).",Characidium cf. zebra,-15.482778,-58.598057,NA,NA,NA
Brasil,Mato Grosso,Reserva do Cabaçal,MZUSP,78728.0,"Ribeirão Sete de Setembro, encontro com o córrego da pousada (c. 1 km abaixo da cachoeira Chuva de Prata).",Characidium cf. zebra,-15.086667,-58.3475,05,03,2002
Brasil,Mato Grosso,Reserva do Cabaçal,MZUSP,78772.0,"Rio Cabaçal, abaixo da cachoeira.",Characidium cf. zebra,-15.158611,-58.343334,05,03,2002
Brasil,Amazonas,NA,MZUSP,81381.0,"Rio Tiquié, Onça igarapé, comunidade de Onça Igarapé (6-7.xi.2002).",Characidium cf. zebra,0.23111111,-69.851387,06,11,2002
Brasil,Amazonas,NA,MZUSP,64695.0,"Igarapé Umari, afluente do rio Tiquié, na comunidade de São Pedro (25-27.x.2000).",Characidium cf. zebra,0.2613889,-69.95639,NA,NA,NA
Paraguai,Depto. Central,NA,MZUSP,77975.0,"Zona de Pirayu, balneario Joly.",Characidium cf. zebra,0,0,28,11,1997
Brasil,Pará,NA,MZUSP,36040.0,"Rio Itacaiunas, Caldeirao, Serra dos Carajás. N.1.",Characidium cf. zebra,-5.8666668,-50.533333,NA,NA,NA
Brasil,Pará,NA,MZUSP,31418.0,"Rio Itacaiunas, estrada de Ferro, 10 km leste do N-4",Characidium cf. zebra,-5.8666668,-50.533333,13,10,1983
Brasil,São Paulo,Botucatu,MZUSP,47951.0,"Rio Capivara na fazenda Indiana, na região da Depressão Periférica.",Characidium cf. zebra,-22.75,-48.349998,05,03,1993
Brasil,São Paulo,Andradina,MZUSP,79682.0,"Córrego do Moinho, na rodovia SP563 entre os municípios de Andradina e Nova Independência, cerca de 12km de Andradina",Characidium cf. zebra,-20.983334,-51.416668,10,10,2002
Brasil,São Paulo,Piracicaba,MZUSP,42636.0,Rio Piracicaba,Characidium cf. zebra,-22.683332,-47.849998,NA,NA,NA
Brasil,Minas Gerais,Centralina,MZUSP,73232.0,"Rio Piedade, fazenda Piedade, c. 45 km a noroeste de M. Alegre de Minas, abaixo da ponte, lageado.",Characidium cf. zebra,-18.628056,-49.099167,03,08,2001
Brasil,Amazonas,NA,MZUSP,85115.0,"Rio Tiquié, ao longo da Cachoeira Comprida, 0°15'N, 70°01'W",Characidium declivirostre,0,0,26,06,2004
Brasil,Amazonas,NA,MZUSP,81332.0,"Rio Tiquié, comunidade de São Pedro, igarapé Umari Norte, da Cachoeira do Caruru (Mo'põe) até Cachoeira da Abelha.",Characidium declivirostre,0.26666668,-69.966667,NA,NA,NA
Brasil,São Paulo,Corumbataí,MZUSP,20401.0,Rio Corumbataí.,Characidium fasciatum,-22.233334,-47.616665,19,01,1976
Brasil,São Paulo,Pardinho,MZUSP,37065.0,Rio Santo Inácio.,Characidium fasciatum,-23.133333,-48.383335,05,01,1982
Brasil,São Paulo,Botucatu,MZUSP,37071.0,Rio Alambari (Costa Pinto).,Characidium fasciatum,-22.833334,-48.266666,06,08,1981
Brasil,Minas Gerais,NA,MZUSP,39635.0,"Rio Abaeté, ponte na estrada Bom Sucesso dos Patos-Tiros.",Characidium fasciatum,-18.983334,-46.033333,18,03,1988
Brasil,São Paulo,Botucatu,MZUSP,37073.0,Rio Capivara.,Characidium fasciatum,-22.75,-48.349998,06,01,1982
Brasil,São Paulo,Botucatu,MZUSP,37072.0,Rio Alambari (Vitoriana),Characidium fasciatum,-22.833334,-48.266666,06,01,1982
Brasil,São Paulo,Anhembi,MZUSP,37064.0,Rio do Peixe.,Characidium fasciatum,-22.866667,-48.116665,31,07,1981
Brazil,Mato Grosso do Sul,Jupiá,MZUSP,4008.0,"Rio Paraná, em frente a Jupiá (ensecadeira número 1), MT.",Characidium fasciatum,-21.119444,-51.766666,04,12,1960
Brasil,Minas Gerais,NA,MZUSP,39524.0,"Lagoas na margem esquerda do Rio Formoso, bacia do São Francisco, Fazenda Sorel",Characidium fasciatum,-17.433332,-44.950001,11,02,1988
Brasil,Mato Grosso,Sto.Antonio Leverger,MZUSP,27008.0,"Rio Cuiabá, Santo Antonio do Leverger",Characidium fasciatum,-15.866667,-56.083332,03,05,1977
Brasil,Mato Grosso,Cáceres,MZUSP,19808.0,Rio Jauru,Characidium fasciatum,-16.133333,-58.016666,26,03,1977
Brasil,Goiás,Jataí,MZUSP,19443.0,"Rib. Cachoeirinha, Faz. Cachoeirinha",Characidium fasciatum,-17.866667,-51.716667,NA,NA,NA
Brasil,São Paulo,Corumbataí,MZUSP,19449.0,Rio Corumbataí,Characidium fasciatum,-22.233334,-47.616665,NA,NA,NA
Brasil,São Paulo,Santa Branca,MZUSP,26988.0,"Rio Paraíba do Sul, Represa de Santa Branca. Período da coleta: 10 - 16/ix/1962.",Characidium fasciatum,-23.366667,-45.733334,NA,NA,NA
Brasil,São Paulo,Pirassununga,MZUSP,3475.0,Rio Mogi Guaçu.,Characidium fasciatum,-22,-47.416668,NA,NA,NA
Perú,Loreto,Requena,MZUSP,26353.0,"Cachoeira Copal, Jenaro Herrera, Prov. Requena, Depto Loreto, Perú.",Characidium fasciatum,0,0,20,09,1979
Perú,Ucayali,NA,MZUSP,26482.0,"Rio Neshuya, Estrada Pucallpa-Huánuco, Dpto Ucayali, Perú.",Characidium fasciatum,0,0,15,10,1975
Brasil,São Paulo,Corumbataí,MZUSP,19600.0,Lagoa da 'Ponte Seca',Characidium fasciatum,-22.233334,-47.616665,28,06,1964
Brasil,Mato Grosso do Sul,Três Lagoas,MZUSP,26966.0,"Rio Sucuriú, Ilha da Mandioca, 11-23.ix.1964.",Characidium fasciatum,-20.7511,-51.6783,NA,NA,NA
Brasil,São Paulo,José Bonifácio,MZUSP,20533.0,Riacho da Faz. São Judas Tadeu,Characidium fasciatum,-21.049999,-49.700001,17,02,1974
Brasil,Minas Gerais,NA,MZUSP,39466.0,"Rio São Francisco, barra do rio Formoso. Período da coleta: 08 a 10.ii.1988.",Characidium fasciatum,-17.433332,-44.950001,NA,NA,NA
Brasil,Mato Grosso,Barão de Melgaço,MZUSP,27011.0,"Boca do Croará, Rio Cuiabá",Characidium fasciatum,-16.183332,-55.950001,03,05,1977
Brasil,Minas Gerais,NA,MZUSP,39362.0,Rio Formoso.,Characidium fasciatum,-17.733334,-45.349998,24,01,1988
Brasil,Minas Gerais,Pedro Leopoldo,MZUSP,47251.0,"Riacho afluente do rio das Velhas, em Igreja Quebrada, próximo de Jaguara.",Characidium fasciatum,-19.633333,-44.049999,19,07,1994
Brasil,Minas Gerais,NA,MZUSP,39348.0,"Ilha dos Prazeres, rio São Francisco.",Characidium fasciatum,0,0,23,01,1988
Brasil,Minas Gerais,NA,MZUSP,39218.0,"Lagoa na margem direita do rio São Francisco, a jusante de Ilha Grande.",Characidium fasciatum,0,0,20,01,1988
Brasil,Minas Gerais,NA,MZUSP,39587.0,"Rio Abaeté, afluente do rio São Francisco, na ponte da estrada Arapuá-Tiros.",Characidium fasciatum,-18.983334,-46.033333,16,03,1988
Brasil,Rio Grande do Norte,Tibau do Sul,MZUSP,45039.0,"Riacho do Galhardo, Tibau do Sul.",Characidium fasciatum,-6.1833334,-35.099998,03,09,1992
Brasil,Minas Gerais,NA,MZUSP,39246.0,"Córrego da Picada, afluente do rio São Francisco.",Characidium fasciatum,0,0,20,01,1988
Brasil,São Paulo,São Paulo,MZUSP,1900.0,Rio Tamanduateí,Characidium fasciatum,-23.549999,-46.633335,NA,NA,NA
Brasil,Rio Grande do Sul,Iraí,MZUSP,41043.0,"Sanga das Águas Frias, cerca de 100 metros do rio Uruguai.",Characidium fasciatum,-27.200001,-53.283333,22,12,1985
Brasil,Mato Grosso,Cáceres,MZUSP,19775.0,"Rio Paraguai, Descalvados, 22-24.i.1977",Characidium fasciatum,-16.733334,-57.75,NA,NA,NA
Brasil,São Paulo,Pardinho,MZUSP,37066.0,Rio Santo Inácio.,Characidium fasciatum,-23.133333,-48.383335,06,07,1981
Brasil,Minas Gerais,NA,MZUSP,39676.0,"Córrego Curral das Éguas, rio Abaeté.",Characidium fasciatum,-18.4,-45.733334,21,03,1988
Brasil,São Paulo,Botucatu,MZUSP,37074.0,Rio Capivara,Characidium fasciatum,-22.75,-48.349998,25,05,1981
Brasil,Minas Gerais,Augusto de Lima,MZUSP,73790.0,"Rio Curimataí, Fazenda Vitória.",Characidium fasciatum,-18.095278,-44.270832,16,08,2001
Brasil,Amazonas,NA,MZUSP,49267.0,"São João, próximo a Tapurucuara, igarapé de terra firme.",Characidium fasciatum,-0.40000001,-65.033333,23,10,1972
Brasil,Pará,Barreirinha,MZUSP,20293.0,"Igarapé Centrinho, rio Tapajós",Characidium fasciatum,0,0,24,11,1970
Brasil,Minas Gerais,Montes Claros,MZUSP,85981.0,"Rio Verde Grande, afluente margem direita do rio São Francisco. Coord.: UTM 23K 0037209 / 8158778.",Characidium fasciatum,-16.735,-43.8617,31,08,2004
Brasil,Minas Gerais,M. Alegre de Minas,MZUSP,73193.0,"Rio Piedade, fazenda Piedade, c. 25 km ao norte de M. Alegre de Minas, imediatamente abaixo da cachoeira.",Characidium gomesi,-18.694723,-48.898335,30,07,2001
Brasil,São Paulo,Itatinga,MZUSP,37085.0,Ribeirão do Tamanduá.,Characidium gomesi,-23.1,-48.599998,08,07,1981
Brasil,São Paulo,Bofete,MZUSP,37089.0,"Ribeirão Água Fria, Bofete/Conchas.",Characidium gomesi,-23.1,-48.25,03,09,1981
Brasil,Minas Gerais,Centralina,MZUSP,73235.0,"Córrego afluente do rio Piedade, fazenda Piedade, c. 45 km a noroeste de M. Alegre de Minas, abaixo da ponte.",Characidium gomesi,-18.628056,-49.099167,03,08,2001
Brasil,São Paulo,São Manuel,MZUSP,37086.0,"Rio Claro, Pratânia.",Characidium gomesi,-22.799999,-48.666668,01,06,1981
Brasil,São Paulo,Botucatu,MZUSP,42177.0,Ribeirão Serra d'Água (perto da ponte de Madeira).,Characidium gomesi,-22.883333,-48.450001,20,11,1981
Brasil,São Paulo,cajuru,MZUSP,49219.0,"Ribeirão sem nome, fazenda Santa Carlota.",Characidium gomesi,-21.266666,-47.299999,14,11,1993
Brasil,São Paulo,Botucatu,MZUSP,37083.0,Rio Pardo II (Véu de Noiva).,Characidium gomesi,-22.966667,-48.533333,03,12,1981
Brasil,São Paulo,São Manuel,MZUSP,37079.0,"Rio Claro, Pratânia.",Characidium gomesi,-22.799999,-48.666668,28,12,1981
Brasil,São Paulo,Itirapina,MZUSP,87931.0,"Córrego da Lapa, entre a desembocadura do Córrego Canta Galo no Córrego da Lapa e a estação Paredão",Characidium gomesi,-22.25,-47.82,01,02,2002
Brasil,São Paulo,Botucatu,MZUSP,37080.0,Rio Pardo (Castelinho).,Characidium gomesi,-22.966667,-48.533333,22,12,1981
Brasil,São Paulo,Botucatu,MZUSP,37087.0,Ribeirão Serra d'Água.,Characidium gomesi,-22.883333,-48.450001,16,12,1981
Brasil,São Paulo,Pardinho,MZUSP,37088.0,"Chácara, Cabeceira do Rio Pardo, R. Pardo, Pardinho.",Characidium gomesi,-23.066668,-48.383335,28,08,1981
Brasil,Pará,Pimental,MZUSP,25553.0,"Porto em Pimental, margem direita do rio Tapajós, pouco acima da sede do PARNA",Characidium gr. fasciatum,-4.5999999,-56.266666,05,01,1979
Brasil,Goiás,Flores de Goiás,MZUSP,40421.0,"Lagoa do Imbú, margem direita rio Parana, bairro Rua Velha,10-12.ix.1988",Characidium gr. fasciatum,-14.433333,-47.049999,NA,NA,NA
Brasil,Goiás,Flores de Goiás,MZUSP,40486.0,"Rio Paranã (cachoeira), fazenda Olho d'Água.",Characidium gr. fasciatum,-14.433333,-47.049999,12,09,1988
Brasil,Goiás,São Domingos,MZUSP,40607.0,"Riacho em Estiva, junto à ponte na GO-110, 50 km de São Domingos, 16-17.ix.1988.",Characidium gr. fasciatum,-13.666667,-46.566666,NA,NA,NA
Brasil,Goiás,São Domingos,MZUSP,40608.0,"Riacho em Estiva, junto à ponte na GO-110, 50 km de São Domingos, 16-17.ix.1988.",Characidium gr. fasciatum,-13.666667,-46.566666,NA,NA,NA
Brasil,Goiás,Monte Alegre Goiás,MZUSP,40655.0,"Riacho afluente do córrego Mandassaia, afl. rio Manso, 22 km de Campos Belos pela GO 447",Characidium gr. fasciatum,-13.166667,-46.700001,19,09,1988
Brasil,Goiás,Iaciara,MZUSP,40545.0,"Rio Prata, acima da ponte na GO 112.",Characidium gr. fasciatum,-14.316667,-46.650002,14,09,1988
Brasil,Roraima,NA,MZUSP,39064.0,"Rio Uraricoera, faz. Canadá, perto da Ilha Maracá, 23-24.ii.1969",Characidium gr. fasciatum 'a',3.4666667,-60.966667,NA,NA,NA
Brasil,Roraima,NA,MZUSP,20230.0,"Igarapé do Pau Rocho, afl. do Uraricoera, fazenda Canadá.",Characidium gr. fasciatum 'a',3.4666667,-60.966667,18,02,1969
Brasil,São Paulo,Registro,MZUSP,42279.0,"Córrego do Varadouro, na estrada Registro/Sete Barras.",Characidium gr. lanei,-24.5,-47.849998,10,03,1990
Brasil,São Paulo,Sete Barras,MZUSP,42265.0,Rio Catirina.,Characidium gr. lanei,-24.383333,-47.933334,10,03,1990
Brasil,São Paulo,Registro,MZUSP,42229.0,"Rio Itopamirim, rodovia Registro-Sete Barras (SP-139).",Characidium gr. lanei,-24.5,-47.849998,10,03,1990
Brasil,São Paulo,Registro,MZUSP,41864.0,"Rio Quilombo, faz. de Franco Oia, ao lado da barragem de retenção.",Characidium gr. lanei,-24.366667,-47.849998,18,02,1990
Colombia,São Paulo,Registro,MZUSP,42251.0,"Foz do Ribeirão do Meio, estr. Sete Barras-Eldorado.",Characidium gr. lanei,-24.48,-47.84,10,03,1990
Colombia,São Paulo,Sete Barras,MZUSP,42283.0,"Lagoa em frente a faz. Sr. Celso, estr. Sete Barras-Eldorado.",Characidium gr. lanei,-24.38,-47.92,11,03,1990
Brasil,São Paulo,Cajati,MZUSP,68138.0,"Rio do Queimado, afl. do Jacupiranguinha P.E.Jacupiranga.",Characidium gr. lauroi,-24.800556,-48.225555,09,03,2001
Brasil,São Paulo,Sete Barras,MZUSP,66123.0,"Rio Bonito, SP-139 no Parque Estadual Carlos Botelho",Characidium gr. lauroi,-24.141945,-47.994446,26,11,2000
Brasil,São Paulo,Capão Bonito,MZUSP,64533.0,"Ribeirão das Pedras, na SP-139, Parque Estadual Carlos Botelho.",Characidium gr. lauroi,-24.089722,-47.99361,27,11,2000
Brazil,São Paulo,Cajati,MZUSP,68141.0,"Rio Braço Feio, afl. do Rio Jacupiranguinha, no Núcleo Cedro do PE Jacupiranga.",Characidium gr. lauroi,-24.880556,-48.209167,08,03,2001
Brazil,Paraná,Quatro Barras,MZUSP,68135.0,"Rio Taquari, afl. do Rio Capivari, 2 km à frente do Rosa Cruz",Characidium gr. lauroi,-24.073889,-47.998333,10,03,2001
Brasil,São Paulo,São Miguel Arcanjo,MZUSP,64528.0,"Rio Taquaral, na SP-139, Parque Estadual Carlos Botelho.",Characidium gr. lauroi,-24.073889,-47.998333,27,11,2000
Brasil,São Paulo,São Miguel Arcanjo,MZUSP,64527.0,"Rio Taquaral, na SP-139, Parque Estadual Carlos Botelho.",Characidium gr. lauroi,-24.073889,-47.998333,27,11,2000
Brasil,São Paulo,São Miguel Arcanjo,MZUSP,64526.0,"Rio Taquaral, na SP-139, Parque Estadual Carlos Botelho.",Characidium gr. lauroi,-24.073889,-47.998333,27,11,2000
Brasil,São Paulo,Sete Barras,MZUSP,64525.0,"Rio Preto, na SP-139, Parque Estadual Carlos Botelho.",Characidium gr. lauroi,-24.172501,-47.961666,26,11,2000
Brasil,São Paulo,Sete Barras,MZUSP,64517.0,"Rio Temível, na SP-139, Parque Estadual Carlos Botelho.",Characidium gr. lauroi,-24.126944,-47.991112,26,11,2000
Brasil,São Paulo,Sete Barras,MZUSP,64518.0,"Rio Temível, na SP-139, Parque Estadual Carlos Botelho.",Characidium gr. lauroi,-24.126944,-47.991112,26,11,2000
Brasil,São Paulo,Sete Barras,MZUSP,64519.0,"Rio Temível, na SP-139, Parque Estadual Carlos Botelho.",Characidium gr. lauroi,-24.126944,-47.991112,26,11,2000
Brasil,São Paulo,Capão Bonito,MZUSP,64538.0,"Ribeirão Braço do Taquaral, na SP-139, Parque Estadual Carlos Botelho.",Characidium gr. lauroi,-24.108055,-47.985554,27,11,2000
Brasil,São Paulo,Capão Bonito,MZUSP,64537.0,"Ribeirão Braço do Taquaral, na SP-139, Parque Estadual Carlos Botelho.",Characidium gr. lauroi,-24.108055,-47.985554,27,11,2000
Brasil,São Paulo,Capão Bonito,MZUSP,64535.0,"Ribeirão das Pedras, na SP-139, Parque Estadual Carlos Botelho.",Characidium gr. lauroi,-24.089722,-47.99361,27,11,2000
Brazil,Paraná,Quatro Barras,MZUSP,68144.0,"Rio Taquari, afl. do Rio Capivari, 2 km à frente do Rosa Cruz",Characidium gr. lauroi,-24.073889,-47.998333,10,03,2001
Brazil,São Paulo,Cajati,MZUSP,68143.0,"Rio Braço Feio, afl. do Rio Jacupiranguinha, no Núcleo Cedro do PE Jacupiranga.",Characidium gr. lauroi,-24.880556,-48.209167,08,03,2001
Brasil,São Paulo,Capão Bonito,MZUSP,64534.0,"Ribeirão das Pedras, na SP-139, Parque Estadual Carlos Botelho.",Characidium gr. lauroi,-24.089722,-47.99361,27,11,2000
Brasil,Minas Gerais,São Roque de Minas,MZUSP,50738.0,"xii.1993-v.1995:,Rio São Francisco, fazenda Casca D'Anta.",Characidium gr. zebra,-20.5,-46.833332,NA,NA,NA
Brasil,Pará,NA,MZUSP,31417.0,"Rio Itacaiunas, Caldeirão, Cachoeira Carreira Comprida.",Characidium hasemani,-5.8666668,-50.533333,14,10,1983
Brazil,Rio de Janeiro,Silva Jardim,MZUSP,80201.0,"Afluente do rio São João, 30 km N pela estrada Boqueirão-Japuíba, em Gaviões",Characidium interruptum,-22.566668,-42.566666,12,10,2002
Brazil,Rio de Janeiro,Silva Jardim,MZUSP,80219.0,"Afluente do rio São João, 28 km N pela estrada Boqueirão-Japuíba, em Gaviões",Characidium interruptum,-22.566668,-42.566666,12,10,2002
Brasil,São Paulo,Cubatão,MZUSP,84561.0,"Rio Trindade, próximo da rod. Rio-Santos / 23o 53' 2.5""S 46o 16' 1.0""W",Characidium japuhybense,-23.89,-46.42,31,05,2004
Brasil,Bahia,NA,MZUSP,8919.0,"Arembepe, BA",Characidium jobertina,-12.75,-38.166668,13,10,1970
Brasil,Bahia,NA,MZUSP,8918.0,"Arembepe, BA",Characidium jobertina,-12.75,-38.166668,13,10,1970
Brasil,Bahia,NA,MZUSP,8922.0,"Arembepe, BA",Characidium jobertina,-12.75,-38.166668,13,10,1970
Brasil,Bahia,NA,MZUSP,8921.0,"Arembepe, BA",Characidium jobertina,-12.75,-38.166668,13,10,1970
Brasil,Bahia,NA,MZUSP,8923.0,"Arembepe, BA",Characidium jobertina,-12.75,-38.166668,13,10,1970
Equador,Napo,NA,MZUSP,38684.0,"Rio Blanco, afl. Rio Tiputini acima da ponte, bacia do Napo, prov. Equador, 0º44,5'S, 76º53,0'O.",Characidium ladigesi,-0.73333335,-76.883331,04,11,1981
Brasil,Minas Gerais,Augusto de Lima,MZUSP,73797.0,"Rio Curimataí, Fazenda Vitória.",Characidium lagosantense,-18.095278,-44.270832,16,08,2001
Brasil,Sao Paulo,Cananéia,MZUSP,71839.0,"Estrada Itapitanga, Ariri.",Characidium lanei,-25.01,-47.92,28,02,1991
Brasil,São Paulo,Sete Barras,MZUSP,64541.0,"Rio Quilombo, Parque Estadual Carlos Botelho, próx. Vila de Saibadela.",Characidium lanei,-24.237223,-48.052502,30,11,2000
Brasil,São Paulo,Sete Barras,MZUSP,64539.0,"Rio Quilombo, Parque Estadual Carlos Botelho, próx. Vila de Saibadela.",Characidium lanei,-24.237223,-48.052502,30,11,2000
Brasil,Sao Paulo,Pariquera-Acu,MZUSP,69725.0,"Córrego Cidreira, na sede Cidreira do PE Campina do Encantado",Characidium lanei,-24.643888,-47.809166,13,06,2001
Brasil,São Paulo,Ubatuba,MZUSP,20400.0,Vala entre o Jardim Acaraú e a estrada Rio-Santos,Characidium lanei,-23.433332,-45.083332,NA,NA,NA
Brasil,São Paulo,Ubatuba,MZUSP,77983.0,"Rio Ubatumirim, na rodovia Rio-Santos.",Characidium lanei,-23.43,-45.07,17,01,2000
Brasil,São Paulo,Bertioga,MZUSP,87604.0,"Córrego sem nome, afluente do rio Vermelho, km 208 da rodovia Rio/Santos, próximo à entrada da Riviera São Lourenço.",Characidium lanei,-23.85,-46.216667,01,06,2005
Brazil,São Paulo.,São Sebastião.,MZUSP,81059.0,"Corrego Afluente do Rio Una,Km 182 Rio Santos.",Characidium lanei,-23.76,-45.41,29,01,1998
Brasil,Sao Paulo,Juquia,MZUSP,69585.0,"Lago Mimoso, Rio Mimoso, afl. do Rio Juquiá.",Characidium lanei,-24.846666,-47.845554,16,06,2001
Brasil,Sao Paulo,Pariquera-Acu,MZUSP,70007.0,"Rio Pariquera-Mirim, na estrada de terra a esqu. da estrada para Iguape.",Characidium lanei,-24.73,-47.815834,15,06,2001
Brasil,São Paulo,Iguape,MZUSP,80066.0,"Rio Branco da Serra, afluente do Rio Espraiado, sob a ponte de terra para a SP-222. Ponto fora da EEJI.",Characidium lanei,-24.410555,-47.426666,12,10,2002
Brasil,São Paulo,Iguape,MZUSP,84193.0,"Riacho afl. Rio Momuna, prox. do bairro do Momuna",Characidium lanei,-24.715834,-47.690834,28,05,2003
Brasil,São Paulo,Ubatuba,MZUSP,49155.0,"Braço sul do rio Tavares, sistema do Ubatuba na horticultura 'Flora Brasília'.",Characidium lanei,-23.450001,-45.083332,31,10,1982
Brasil,São Paulo,Bertioga,MZUSP,63126.0,"Riachos no Km 208 da Rod. Rio/Santos, próximo da entrada da Riviera São Lourenço.",Characidium lanei,-23.85,-46.216667,24,09,2000
Brasil,São Paulo,Itanhaém,MZUSP,55254.0,"5 km ao N de Itanhaém, nas margens alagadas de rio Transversais à via de Acesso do Balneário Marambaía.",Characidium lanei,-24.200001,-46.733334,NA,NA,NA
Brasil,São Paulo,Sete Barras,MZUSP,84310.0,Riacho na estrada para fazenda Brasban.,Characidium lanei,-24.205278,-47.897499,31,03,2004
Brasil,São Paulo,Itanhaém,MZUSP,42609.0,riacho na estrada para a caixa d'água da SABESP.,Characidium lanei,-24.18,-46.78,NA,NA,NA
Brasil,São Paulo,Pindamonhangaba,MZUSP,79410.0,"Ribeirão Canjarana, bairro Ribeirão Grande, proximo a Fazenda São Sebastião Do Ribeirão Grande",Characidium lauroi,-22.778055,-45.465557,21,08,2002
Brasil,São Paulo,Silveiras,MZUSP,47167.0,"Rio da Bocaina, Bairro Bom Jesus da Bocaina.",Characidium lauroi,-22.733334,-44.849998,28,06,1992
Brasil,São Paulo,Santo André,MZUSP,35233.0,"Último riacho antes de Paranapiacaba, na estrada de terra Campo Grande - Paranapiacaba",Characidium oiticicai,-23.766666,-46.299999,NA,NA,NA
Brasil,São Paulo,Paranapiacaba,MZUSP,19576.0,Paranapiacaba.,Characidium oiticicai,0,0,NA,NA,NA
Brasil,São Paulo,Paranapiacaba,MZUSP,20223.0,Campo Grande,Characidium oiticicai,-23.783333,-46.299999,24,03,1967
Brasil,São Paulo,NA,MZUSP,26990.0,"Riacho perto de Paranapiacaba, vertente do Rio Tietê.",Characidium oiticicai,-23.766666,-46.299999,23,07,1971
Brasil,São Paulo,Mogi das Cruzes,MZUSP,78094.0,"Pequeno córrego afluente do rio Claro, E.B.Boracéia",Characidium oiticicai,-23.5228,-46.1883,15,05,1999
Brasil,São Paulo,Salesópolis,MZUSP,86961.0,"Córrego afluente do rio Guaratuba, Trilha do Mirante, Estação Biológica de Boracéia, 23°40'8,5''S, 45°53'55,1''W",Characidium oiticicai,-23.668888,-45.898613,09,11,2003
Brasil,São Paulo,Santo André,MZUSP,87194.0,"Rio Grande, próx. do Pq. Nascentes de Paranapiacaba, na estrada de terra para a Vila de Paranapiacaba",Characidium oiticicai,-23.771389,-46.303333,18,04,2005
Brasil,São Paulo,Boracéia,MZUSP,20529.0,Boracéia,Characidium oiticicai,-22.200001,-48.783333,NA,NA,NA
Brasil,São Paulo,Salesópolis,MZUSP,87577.0,"Rio Guaratuba, na estação elevatória, E.B.Boracéia.",Characidium oiticicai,-23.6675,-45.896389,29,03,2005
Brasil,São Paulo,Salesópolis,MZUSP,87716.0,"Ribeirão do Campo, logo abaixo da barragem do Ribeirão do Campo.",Characidium oiticicai,-23.636667,-45.834721,29,03,2005
Brasil,São Paulo,Salesópolis,MZUSP,85949.0,"Ribeirão Venerando, afl. Rio Claro, estação Biológica de Boraceia. 23°39'09''S 45°53'26''W",Characidium oiticicai,-23.53,-45.84,08,12,2004
Brasil,São Paulo,Mogi das Cruzes,MZUSP,78091.0,"Pequeno córrego afluente do rio Claro, E.B.Boracéia (próx. ao alojamento)",Characidium oiticicai,-23.5228,-46.1883,15,05,1999
Brasil,São Paulo,Salesópolis,MZUSP,51820.0,"Ribeirão Venerando, Estação Biológica de Boracéia.",Characidium oiticicai,-23.533333,-45.849998,11,02,1997
Brasil,São Paulo,Salesópolis,MZUSP,85300.0,"Córrego atrás da sede da E.B. da Boracéia, afl. rio Claro, 23°38'S, 45°50'W",Characidium oiticicai,-23.53,-45.84,10,11,2003
Brasil,São Paulo,Iporanga,MZUSP,58530.0,"Rio Betari, em frente ao camping do Núcleo Santana, PETAR.",Characidium peterostictum,-24.531944,-48.703335,01,04,1999
Brasil,Amazonas,Rio Preto da Eva,MZUSP,86956.0,Igarapé Sucuriju (afl. do Rio Preto da Eva),Characidium pteroides,-2.7544444,-59.625,14,08,2004
Brasil,São Paulo,Iguape,MZUSP,80057.0,"Rio Espraiado, Estação Ecológica Juréia-Itatins, ponto da Erundina. (pto 2)",Characidium pterostictum,-24.376389,-47.336113,09,10,2002
Brazil,São Paulo,Cajati,MZUSP,68162.0,"Rio do Queimado, afl. do Rio Jacupiranguinha, PE Jacupiranga",Characidium pterostictum,-24.800556,-48.225555,09,03,2001
Brasil,São Paulo,Cajati,MZUSP,83054.0,"Rio Jacupiranguinha, formador do Jacupiranga",Characidium pterostictum,-24.784721,-48.175835,29,05,2003
Brasil,São Paulo,Iguape,MZUSP,80068.0,"Rio Espraiado, Estação Ecológica Juréia-Itatins, próximo da ponte de madeira, descendo o barranco (pto 1)",Characidium pterostictum,-24.374166,-47.322498,08,10,2002
Brasil,Sao Paulo,Pedro de Toledo,MZUSP,78563.0,"Rio sao Lourencinho, no Bairro Sao Lourenco.",Characidium pterostictum,-24.149166,-47.190834,12,09,2001
Brazil,São Paulo,Sete Barras,MZUSP,68146.0,"Rio Ipiranga, na Fazenda Brasban",Characidium pterostictum,-24.176945,-47.856667,11,03,2001
Brasil,São Paulo,Juquitiba,MZUSP,79505.0,"Riacho na Fazenda Estio, na estrada de terra para Juquitiba",Characidium pterostictum,-23.997223,-46.933613,26,06,2002
Brasil,São Paulo,São Lourenço,MZUSP,79506.0,"Ribeirão do Chiqueiro, localidade de Aldeinha.",Characidium pterostictum,-23.802221,-46.926666,25,06,2002
Brazil,São Paulo,Juquiá,MZUSP,68158.0,"Ribeirão Poço Grande, sob a ponte da SP-79, km 204",Characidium pterostictum,-25.253889,-47.619999,11,03,2001
Brasil,São Paulo,Iguape,MZUSP,80062.0,"Rio Espraiado, Estação Ecológica Juréia-Itatins, ponto da Erundina. (pto 2)",Characidium pterostictum,-24.376389,-47.336113,09,10,2002
Brasil,São Paulo,Barra do Chapéu,MZUSP,81591.0,"Rib. da Barra, afl. Catas Altas, proximo do centro da cidade de Barra do Chapéu.",Characidium pterostictum,-24.464722,-49.021946,01,05,2003
Brasil,São Paulo,Iguape,MZUSP,80056.0,"Rio Espraiado, Estação Ecológica Juréia-Itatins, próximo da base da estação.(pto 3)",Characidium pterostictum,-24.365278,-47.308613,10,10,2002
Brasil,São Paulo,Barra do Chapéu,MZUSP,81593.0,"Cór. afl. Ribeirão do Chapéu, afl. Rio Catas Altas, Bairro do Chapelzinho, estrada Itararé-Barra do Chapéu.",Characidium pterostictum,-24.424723,-49.012222,01,05,2003
Brasil,São Paulo,Iguape,MZUSP,80073.0,"Rio Espraiado, Estação Ecológica Juréia-Itatins, ponto de tópico separado - rede e mergulho.",Characidium pterostictum,-24.403055,-47.370834,11,10,2002
Brasil,Rio Grande do Sul,Torres,MZUSP,43547.0,"Rio dos Mengue, desemb. na lagoa Jacaré, sistema Mampituba.",Characidium pterostictum,-29.3353,-49.7269,15,01,1991
Brasil,São Paulo,Iguape,MZUSP,80059.0,"Rio Espraiado, Estação Ecológica Juréia-Itatins, próximo a segunda ponte de concreto.(pto4)",Characidium pterostictum,-24.386389,-47.352501,11,10,2002
Brasil,Rio Grande do Sul,NA,MZUSP,43535.0,"Rio Três Pinheiros,afluente do Rio Três Forquilhas, perto de Terra de Areia.",Characidium pterostictum,-29.533333,-50.066666,15,01,1991
Brasil,São Paulo,Barra do Chapéu,MZUSP,81592.0,"Riacho Xuxeva, afl. Ribeirão do Chapéu, afl. rio Catas Altas, Bairro Xuxeva, estr. Itararé-Barra do Chapéu.",Characidium pterostictum,-24.387222,-49.014721,01,05,2003
Brasil,São Paulo,Jacupiranga,MZUSP,84344.0,"Rio Pindaúva, afl. Rio Guarari, afl. Rio Jacupiranga.",Characidium pterostictum,-24.75639,-48.068611,01,04,2004
Brasil,São Paulo,Iporanga,MZUSP,58527.0,"Rio Betari, entre a foz do córrego Água Suja e a foz do córrego do Couto, núcleo Santana, PETAR.",Characidium pterostictum,-24.533333,-48.698612,03,04,1999
Brazil,São Paulo,Cajati,MZUSP,68153.0,"Rio Capelinha, afl. do Rio Jacupiranguinha, no Núcleo Cedro do PE Jacupiranga",Characidium pterostictum,-24.838612,-48.231388,08,03,2001
Brazil,São Paulo,Cajati,MZUSP,68165.0,"Rio do Queimado, afl. do Rio Jacupiranguinha, PE Jacupiranga",Characidium pterostictum,-24.804445,-48.229721,09,03,2001
Brazil,São Paulo,Barra do Turvo,MZUSP,68149.0,"Rio Caatinga, afl. do Rio Turvo, no Núcleo Cedro do PE Jacupiranga",Characidium pterostictum,-24.946945,-48.308613,08,03,2001
Brazil,São Paulo,Barra do Turvo,MZUSP,68154.0,"Rio Caatinga, afl. do Rio Turvo, no Núcleo Cedro do PE Jacupiranga",Characidium pterostictum,-24.946945,-48.308613,08,03,2001
Brazil,São Paulo,Cajati,MZUSP,68150.0,"Rio Queimado, afl. do Rio Jacupiranguinha, PE Jacupiranga",Characidium pterostictum,-24.804445,-48.229721,09,03,2001
Brazil,São Paulo,Cajati,MZUSP,68166.0,"Rio do Queimado, afl. do Rio Jacupiranguinha, PE Jacupiranga",Characidium pterostictum,-24.804445,-48.229721,09,03,2001
Brazil,São Paulo,Cajati,MZUSP,68147.0,"Rio Queimado, afl. do Rio Jacupiranguinha, PE Jacupiranga",Characidium pterostictum,-24.804445,-48.229721,09,03,2001
Brasil,São Paulo,Sete Barras,MZUSP,84366.0,"Rio Preto, no Bairro do Rio Preto",Characidium pterostictum,-24.192499,-47.890278,01,04,2004
Brasil,Rio Grande do Sul,Sao Sepé,MZUSP,63805.0,"Rio Sao Sepé, em ponte lateral a BR 153, ca. 3km ao Sul de Sao Sepé, bacia do Rio Jacuí",Characidium pterostictum,-30.185556,-53.559723,07,05,1999
Brasil,São Paulo,Barra do Turvo,MZUSP,68152.0,"Rio Capelinha, Vila Tatu, P.E.Jacupiranga.",Characidium pterostictum,-24.838612,-48.231388,08,03,2001
Brasil,Paraná,Jaguariaíva,MZUSP,85933.0,"Rio Cinco Réis, bacia do Rio Paranapanema, chácara Leoa Domada a 3,3km da cidade pela PR-151. 24°17'27.7""S 49°44'54.3""W.",Characidium schubarti,-24.2511,-49.7058,08,01,2005
Brasil,São Paulo,Tapiraí,MZUSP,79675.0,"Rio Turvo, localidade de Fidêncio, sob a ponte na SP-79.",Characidium schubarti,-23.893055,-47.507778,27,06,2002
Brasil,São Paulo,Iguape,MZUSP,80071.0,"Rio Espraiado, Estação Ecológica Juréia-Itatins, próximo da base da estação.(pto 3)",Characidium schubarti,-24.365278,-47.308613,10,10,2002
Brasil,São Paulo,Iguape,MZUSP,80063.0,"Rio Espraiado, Estação Ecológica Juréia-Itatins, próximo da base da estação.(pto 3)",Characidium schubarti,-24.365278,-47.308613,10,10,2002
Brasil,Mato Grosso do Sul,Coxim,MZUSP,38061.0,Rio Taquari.,Characidium sp.,-18.5,-54.75,25,10,1980
Brasil,Santa Catarina,Porto União,MZUSP,41778.0,"Rio Iguaçu, no Parque Ambiental de Porto União, Próximo à Ponte.",Characidium sp.,-26.2381,-51.0783,06,05,1989
Brasil,Mato Grosso,Barão de Melgaço,MZUSP,42739.0,Rio Cuiabá. (4-10.v.1977),Characidium sp.,-16.183332,-55.950001,NA,NA,NA
Brasil,São Paulo,Miracatu,MZUSP,84350.0,"Rio Bananal, afl. rio São Lourenço.",Characidium sp.,-24.318056,-47.512501,01,04,2004
Brasil,São Paulo,Tapiraí,MZUSP,79507.0,"Rio Verde, localidade de Piúva, na estrada do Rio Verde.",Characidium sp.,-23.972778,-47.573055,27,06,2002
Brasil,São Paulo,Juquitiba,MZUSP,79502.0,"Riacho na Fazenda Estio, na estrada de terra para Juquitiba",Characidium sp.,-23.997223,-46.933613,26,06,2002
Brasil,Sao Paulo,Iporanga,MZUSP,62018.0,"Corrego do Chapeu, afl. do Sumidouro e Corrego Espirito Santo, afl. do Iporanga.",Characidium sp.,-24.433611,-48.584999,10,05,2000
Brasil,Rio de Janeiro,Sampaio Correia,MZUSP,49151.0,"Rio Seco, afluente do Lago de Saquarema, na rodovia amaral Peixoto, entre Sampaio Correia e Bacaxa.",Characidium sp.,-22.866667,-42.599998,11,11,1982
Brasil,Sao Paulo,Iporanga,MZUSP,61774.0,"Rio Iporanga, na trilha da Mina do Espirito Santo",Characidium sp.,-24.456944,-48.631943,11,05,2000
Brasil,São Paulo,Ibiúna,MZUSP,78379.0,"Ribeirão das Vargens, afluente do Rio Juquiá na Cachoeira da Fumaça, fora do PE. Jurupará.",Characidium sp.,-23.858889,-47.242779,21,10,2001
Brasil,Minas Gerais,Teófilo Otoni,MZUSP,54821.0,"Rio Todos os Santos (afluente do rio Mucuri), na estrada de Teófilo Otoni para Poté.",Characidium sp.,-17.839167,-41.610279,19,01,1995
Brasil,Goiás,Goiás,MZUSP,89080.0,"Rio Bugre, afluente do rio Vermelho, sob ponte na GO 164, 25 km NW de Goiás",Characidium sp.,-15.786944,-50.13139,24,07,2005
Brasil,Mato Grosso,Cáceres,MZUSP,38093.0,"Fazenda Ponte e Lacerda, rio Jauru.",Characidium sp.,-16.133333,-58.016666,25,03,1977
Brasil,Goiás,Crixás,MZUSP,89271.0,"Rio Preto, segunda ponte na GO 334 em sentido Cocalinho - Nova Crixás",Characidium sp.,-14.371667,-50.65361,26,07,2005
Brasil,Mato Grosso,Nova Xavantina,MZUSP,64924.0,"Rio das Mortes em Capitariguara, à jusante de Nova Xavantina.",Characidium sp.,-14.506111,-51.874722,NA,NA,NA
Brasil,Goiás,Nova Crixás,MZUSP,89445.0,"rio Palmital, tributário do rio Crixás, na localidade de Novo Mundo, sob ponte na GO 156",Characidium sp.,-13.774445,-50.266666,29,07,2005
Brasil,Goiás,Crixás,MZUSP,89368.0,"Córrego da Taboca, tributário do rio Crixás-Mirim, sob ponte na GO 336, entre Crixás e Nova Crixás",Characidium sp.,-14.324166,-50.208889,28,07,2005
Brasil,Goiás,Crixás,MZUSP,88023.0,"Ribeirão d'Anta, tributário do rio Crixás-Açu, sob ponte na GO 336",Characidium sp.,-14.535,-50.036667,29,07,2005
Brasil,Tocantins,P. Alta do BomJesus,MZUSP,84014.0,Ribeirão do Inferno (= Ribeirão Bonito) na estrada BR-010 em direção Ponte alta do Bom Jesus,Characidium sp.,-11.973056,-46.491665,29,07,2002
Brasil,São Paulo,Iporanga,MZUSP,35485.0,Rio Betari.,Characidium sp.,-24.566668,-48.666668,NA,NA,NA
Brasil,Goiás,Crixás,MZUSP,89423.0,"Ribeirão d'Anta, tributário do rio Crixás-Açu, sob ponte na GO 336",Characidium sp.,-14.535,-50.036667,29,07,2005
Brasil,Espírito Santo,Boa Esperança,MZUSP,54820.0,"Rio Braço Norte (afl. rio São Mateus) na estrada ES-130, próxino a Boa Esperança.",Characidium sp.,-18.496111,-40.265278,26,01,1995
Brasil,Minas Gerais,Teófilo Otoni,MZUSP,54827.0,Rio Mucuri na estrada de Poté para Ladainha.,Characidium sp.,-17.660278,-41.780556,19,01,1995
Brasil,Mato Grosso,Barão de Melgaço,MZUSP,79044.0,"Rio Cuiabá, 4-10.v.1977",Characidium sp.,-16.183332,-55.950001,NA,NA,NA
Brasil,São Paulo,Sete Barras,MZUSP,64565.0,"Riacho afl. do Ribeirão da Serra, na Sede Sete Barras do Parque Estadual Carlos Botelho.",Characidium sp.,-24.196667,-47.925278,29,11,2000
Brasil,Sao Paulo,Iporanga,MZUSP,61704.0,"Corrego Ouro Grosso, afl. Rio Betari, Petar",Characidium sp.,-24.551666,-48.675556,09,05,2000
Brasil,Maranhão,Estreito,MZUSP,87442.0,"Ribeirão da Mata, Estreito, MA",Characidium sp.,-6.9041667,-46.93,22,03,2005
Brasil,Maranhão,Estreito,MZUSP,87330.0,"Ribeirão São Raimundo próx a foz com o Itaueiras, Estreito MA",Characidium sp.,-6.687222,-47.130001,21,03,2005
Brasil,Maranhão,Estreito,MZUSP,87303.0,"Rio Itaueiras, Estreito, MA",Characidium sp.,-6.5883331,-47.208611,20,03,2005
Brasil,São Paulo,Iporanga,MZUSP,58464.0,"Rio Betari, Núcleo Santana, PETAR.",Characidium sp.,-24.533333,-48.698612,03,04,1999
Brasil,Maranhão,Balsas,MZUSP,87516.0,"Ribeirão Jenipapo, Balsas, MA",Characidium sp.,7.4677777,-46.16,24,03,2005
Brasil,Goiás,São Domingos,MZUSP,81678.0,"Rio Angélica, Lapa da Angélica, c. 400 m da entrada, Parque Estadual de Terra Ronca (25, 28-29.xii.1999).",Characidium sp.,-13.3983,-46.3183,NA,NA,NA
Brasil,Maranhão,Balsas,MZUSP,87503.0,"Rio Cocal, mun de Balsas, MA",Characidium sp.,7.3125,-46.389721,24,03,2005
Brasil,Tocantins,Novo Jardim,MZUSP,83992.0,"Lagoa bonita, lagoa marginal do rio Palmeiras, próxima a Usina hiroelétrica",Characidium sp.,-11.673333,-46.656666,28,07,2002
Brasil,Goiás,Crixás/Santa Terezinha de Goiás,MZUSP,89401.0,"Rio Crixás-Açu, sob ponte na GO 465",Characidium sp.,-14.440556,-49.710278,28,07,2005
Brasil,Bahia,Teixeira de Freitas,MZUSP,54825.0,"Rio Taitinga a cerca de 13 km da BR-101, entre Santo Antônio e Jardim Novo.",Characidium sp.,-17.328888,-39.725555,25,01,1995
Brasil,São Paulo,Sete Barras,MZUSP,66122.0,"Rio Ipiranga, na Fazenda Brasban.",Characidium sp.,-24.179722,-47.857498,28,11,2000
Brasil,Tocantins,P.Alegredo Tocantins,MZUSP,83998.0,Rio Manuel Alves da Natividade em frente a cidade de Porto Alegre do Tocantins,Characidium sp.,-11.611389,-47.044167,26,07,2002
Brasil,Maranhão,Feira Nova,MZUSP,87529.0,"Rio Imbiraçú, Feira Nova, MA",Characidium sp.,-6.9575,-46.837776,25,03,2005
Brasil,São Paulo,Iguape,MZUSP,51927.0,Riacho na fazenda Rio Branco.,Characidium sp.,-24.700001,-47.549999,17,07,1989
Brasil,Sao Paulo,Iporanga,MZUSP,61709.0,"Rio Betari, bairro da Serra, Petar.",Characidium sp.,-24.551666,-48.675556,09,05,2000
Brasil,Maranhão,Feira Nova,MZUSP,87536.0,"Rio Caraíbas, próximo a Buritirama, Feira Nova, MA",Characidium sp.,-6.9575,-46.837776,25,03,2005
Brasil,Rondônia,Ariquemes,MZUSP,74541.0,Igarapé na fazenda Boa Vida (viii.-ix.2001).,Characidium sp.,-10.205833,-62.737221,NA,NA,NA
Brasil,São Paulo,Iporanga,MZUSP,52632.0,"Rio Betari, abaixo do rio Águas Quentes, Caverna Águas Quentes, bairro da Serra.",Characidium sp.,-24.566668,-48.666668,26,01,1995
Brasil,Goiás,Nova Crixás,MZUSP,89333.0,"Córrego Pitomba, tributário do rio Crixás-Mirim, rodovia GO 336 logo depois de Nova Crixás",Characidium sp.,-14.143056,-50.336945,27,07,2005
Brasil,São Paulo,Sete Barras,MZUSP,51059.0,"30.v-02.vi.1991:, Ribeirão da Serra, Parque Estadual Carlos Botelho.",Characidium sp.,-24.383333,-47.933334,NA,NA,NA
Brasil,São Paulo,Iporanga,MZUSP,58463.0,"Rio Betari, Núcleo Santana, PETAR.",Characidium sp.,-24.533333,-48.698612,03,04,1999
Brasil,Amazonas,Fonte Boa,MZUSP,20100.0,"Igarapé Manduaçu, paraná de Iupiá, NW de Fonte Boa, 8-9.x.1968",Characidium sp.,-2.5166667,-66.099998,NA,NA,NA
Brasil,Sao Paulo,Iporanga,MZUSP,61678.0,"Rio Betari, bairro da Serra, Petar.",Characidium sp.,-24.551666,-48.675556,09,05,2000
Brasil,Bahia,Formosa do Rio Preto,MZUSP,83846.0,rio Preto na ponte que cruza o rio dentro da cidade de Formosa do Rio Preto,Characidium sp.,-11.049723,-45.191944,20,11,2002
Brasil,São Paulo,Pindamonhangaba,MZUSP,79421.0,"Ribeirão Grande, próximo à fóz, sobre lageado do folhelho Tremembé",Characidium sp.,-22.857222,-45.356388,22,08,2002
Brasil,Sao Paulo,Iporanga,MZUSP,71001.0,"Riacho Barra Grande, Base Barra Grande do PE. Intervales.",Characidium sp.,-24.293056,-48.368057,07,08,2001
Brasil,São Paulo,Ibiúna,MZUSP,78369.0,"Córrego Vargedo, afluente do Rio Juquiá, na Cachoeira da Fumaça, Fazenda Vargedo, fora do PE. Jurupará.",Characidium sp.,-23.866388,-47.240555,21,10,2001
Brasil,São Paulo,Sete Barras,MZUSP,84323.0,"Riacho na estrada Sete Barras- São Miguel Arcanjo/ SP139. 24º18' 21"" S 47º 56' 48"" W",Characidium sp.,-24.38,-47.92,01,04,2004
Brasil,Bahia,Formosa do Rio Preto,MZUSP,83785.0,"Rio Preto, no povoado de Cacimbinhas, pela estrada da garganta (Dianópolis - Formosa do Rio Preto)",Characidium sp.,-11.141111,-46.066944,15,11,2002
Brasil,Sao Paulo,Sete Barras,MZUSP,69428.0,"Rio Ipiranga, na Fazenda Brasban",Characidium sp.,-24.161388,-47.849998,18,05,2001
Brasil,Bahia,Formosa do Rio Preto,MZUSP,83822.0,"rio Sapão, bacia do rio Preto, à 1 km do povoado de São Marcelo",Characidium sp.,-11.017222,-45.530556,19,11,2002
Brasil,Tocantins,Dianópolis,MZUSP,84060.0,"Rio Manuel-Alvinho, bacia do rio Manuel Alvez, na fazenda Cavalo Queimado, próximo ao mun. Rio da Conceição",Characidium sp.,-11.403889,-46.858334,02,08,2002
Brasil,Bahia,Formosa do Rio Preto,MZUSP,84046.0,"Rio Preto, no povoado de Cacimbinhas, pela estrada da garganta (Dianópolis - Formosa do Rio Preto)",Characidium sp.,-11.141111,-46.066944,03,08,2002
Brasil,Tocantins,P.Alta do BomJesus,MZUSP,83809.0,"Rio Palmeiras, a 10km da balsa pela estrada TO 485 em direção a Ponte Alta do Bom Jesus",Characidium sp.,-12.261945,-46.893333,NA,NA,NA
Brasil,São Paulo,Iporanga,MZUSP,51942.0,Rio Betari.,Characidium sp.,-24.566668,-48.666668,20,09,1996
Brasil,Sao Paulo,Sete Barras,MZUSP,69384.0,Riacho na estrada para a Fazenda Brasban.,Characidium sp.,-24.205278,-47.897499,18,05,2001
Brasil,São Paulo,Sete Barras,MZUSP,64555.0,"Rio Preto, bairro Rio Preto, fora do limite do Parque Estadual Carlos Botelho.",Characidium sp.,-24.192499,-47.890278,29,11,2000
Brasil,Pará,NA,MZUSP,19366.0,"Igarapé Pacui, km 97 of road Belém-Brasília",Characidium sp.,0,0,20,10,1959
Brasil,Bahia,Formosa do Rio Preto,MZUSP,83876.0,rio Preto na ponte que cruza o rio dentro da cidade de Formosa do Rio Preto,Characidium sp.,-11.049723,-45.191944,20,11,2002
Brasil,Amazonas,Fonte Boa,MZUSP,49266.0,"Igarapé em Jacaré, próximo de Fonte Boa",Characidium sp.,-2.5166667,-66.099998,07,10,1968
Brasil,São Paulo,Pindamonhangaba,MZUSP,79428.0,"Ribeirão Grande, bairro do Graminha.",Characidium sp.,-22.826111,-45.427776,21,08,2002
Brasil,Mato Grosso,Diamantino,MZUSP,45312.0,"Riacho 1 afluente do rio Preto, na estrada para Sao Francisco",Characidium sp.,-14.366667,-56.416668,24,10,1992
Brasil,Goiás,Goiânia,MZUSP,47767.0,"Ribeirão Dourados, afluente do rio Meia Ponte.",Characidium sp.,-16.816668,-49.383335,NA,NA,NA
Brasil,Tocantins,Aurora do Tocantins,MZUSP,84137.0,"Rio Palma, entre o povoado de Lavandeira e a cidade de Combinado, próximo da estrada BR-010",Characidium sp.,-12.801389,-46.477222,24,11,2002
Brasil,Sao Paulo,Iporanga,MZUSP,62037.0,"Corrego do Chapeu, afl. do Sumidouro e Corrego Espirito Santo, afl. do Iporanga.",Characidium sp.,-24.433611,-48.584999,10,05,2000
Brasil,São Paulo,Iporanga,MZUSP,53369.0,"Rio Betari, Santana/Couto.",Characidium sp.,-24.58,-48.59,26,03,1997
Brasil,Amazonas,Benjamin Constant,MZUSP,20047.0,"Igarapé-Açu, 7 km abaixo de Santo Antônio do Içá, margem esquerda do rio Solimões.",Characidium sp.,-4.4000001,-69.816666,20,10,1968
Brasil,São Paulo,Pirassununga,MZUSP,19392.0,"Cachoeira de Emas, 29-30.vi.1962.",Characidium sp.,-21.99,-47.42,NA,NA,NA
Brasil,Amazonas,Santo Antônio do Içá,MZUSP,20050.0,"Igarapé Boa Vista, margem esquerda do Rio Içá, acima de Cuiauá.",Characidium sp.,-3.0999999,-67.949997,19,10,1968
Brasil,São Paulo,Pirassununga,MZUSP,19472.0,"Rio Mogi Guaçu, Emas.",Characidium sp.,-21.916666,-47.383335,06,05,1963
Brasil,São Paulo,Porto Ferreira,MZUSP,19381.0,Lagoa do Pesqueiro 'Paris',Characidium sp.,-21.866667,-47.466667,04,04,1962
Brasil,Sao Paulo,Iporanga,MZUSP,71023.0,"Riacho Barra Grande, Base Barra Grande do PE. Intervales.",Characidium sp.,-24.293056,-48.368057,07,08,2001
Brasil,São Paulo,Iporanga,MZUSP,28407.0,"Riacho das Furninhas, afluente do rio Betari.",Characidium sp.,-24.566668,-48.666668,22,07,1983
Brasil,Mato Grosso,NA,MZUSP,19608.0,"Lagoas marginais do rio Paraná, em frente a Jupiá, 11-23.ix.1964",Characidium sp.,-20.816668,-51.633335,NA,NA,NA
Brasil,São Paulo,Iporanga,MZUSP,53374.0,Rio Betari.,Characidium sp.,-24.58,-48.59,NA,NA,NA
Brasil,Amazonas,Codajás,MZUSP,9666.0,"Lago Supiá, em frente a Codajás.",Characidium sp.,-3.8499999,-62.066666,24,09,1968
Brasil,São Paulo,Barra do Turvo,MZUSP,60288.0,"Córrego da Onça, afl. do Rio Pardo, na localidade Bairro do Córrego da Onça.",Characidium sp.,-24.792223,-48.529167,23,03,2000
Brasil,São Paulo,Ilha Solteira,MZUSP,26972.0,"Rio Paraná(ensecadeira), Ilha Solteira.",Characidium sp.,-20.25,-51.116665,NA,NA,NA
Brasil,Amazonas,NA,MZUSP,85135.0,"Rio Tiquié, entre a Cachoeira do Caruru e o porto da comunidade de Boca do Sal, 0°16'N, 69°54'W",Characidium sp.,0,0,29,06,2004
Brasil,São Paulo,Iporanga,MZUSP,82673.0,"Rio Iporanga, Nucleo Petar.",Characidium sp.,-24.58,-48.59,31,03,1999
Brasil,Minas Gerais,Torreões,MZUSP,50846.0,"30.iv-03.v.1996:,Rio do Peixe, no sítio da Jacutinga, fazenda Tião Belo (pto. 3).",Characidium sp.,-21.833334,-43.583332,30,04,1996
Brasil,Mato Grosso,V.B. Sant. Trindade,MZUSP,84775.0,"Córrego Cabeceira, Serra da Borda.",Characidium sp.,0,0,08,05,2004
Brasil,Minas Gerais,Braúnas,MZUSP,58468.0,"Córrego do Gaspar, proximo a Braúnas bacia do Rio Santo Antonio",Characidium sp.,-18.983334,-42.739166,04,10,1997
Brasil,Minas Gerais,Braúnas,MZUSP,52538.0,"Ribeirão Pitangas, na confluência com o rio Santo Antônio (UTM 7886956/745758).",Characidium sp.,-19.049999,-42.733334,07,11,1997
Brasil,Minas Gerais,Braúnas,MZUSP,58483.0,"Coórrego Serra Negra, próximo a Brúnas, baci do rio Santo Antonio.",Characidium sp.,-19.012501,-42.758335,04,10,1997
Brasil,Tocantins,Natividade,MZUSP,47840.0,"Ribeirão da Represa, afl. ribeirão Formiguinha, na faz. São Judas, ca. 30 km N de Natividade. 2-9.ii.1994",Characidium sp.,-11.4,-47.75,NA,NA,NA
Brasil,São Paulo,NA,MZUSP,1940.0,Ilha de São Sebastião,Characidium sp.,0,0,NA,NA,NA
Brasil,São Paulo,Jacupiranga,MZUSP,84338.0,"Rio Pindaúva, afl. Rio Guarari, afl. Rio Jacupiranga.",Characidium sp.,-24.75639,-48.068611,01,04,2004
Brasil,São Paulo,Botucatu,MZUSP,20501.0,Fazenda Edgardia,Characidium sp.,-22.883333,-48.450001,10,09,1974
Brasil,Amazonas,NA,MZUSP,85158.0,"Rio Tiquié, imediatamente abaixo da Cachoeira do Caruru, 0°16'28,9''N, 69°54'53,6''W",Characidium sp.,0,0,30,06,2004
Brasil,São Paulo,Pindamonhangaba,MZUSP,48606.0,"Riacho afluente do Ribeirão Grande, talhão 02, próximo à sede da Fazenda São Sebastião do Ribeirão Grande.",Characidium sp.,-22.933332,-45.466667,17,06,1995
Brasil,São Paulo,Iporanga,MZUSP,49922.0,"14-21.xii.1991:; Parque Estadual do Alto Ribeira (PETAR), núcleo Santana, rio Betari.",Characidium sp.,-24.583334,-48.599998,14,12,1991
Brasil,Mato Grosso do Sul,Coxim,MZUSP,45384.0,"Córrego Pereirinha, entre os km 588 e 589 da estrada Coxim -Campo Grande",Characidium sp.,-18.5,-54.75,27,10,1992
Brasil,Bahia,Campo Formoso,MZUSP,51371.0,"Rio Salitre, na estrada para Lage, ca. 40 km a leste de Lage, Poços de Doce.",Characidium sp.,-10.3,-40.766666,04,01,1997
Brasil,Tocantins,Araguaçú,MZUSP,52174.0,"Fazenda Praia Alta2, estrada Araguaçú/Barreira do Piqui, 27km ao norte de Araguaçú, ribeirão no fundo da fazenda.",Characidium sp.,-12.716666,-49.916668,11,07,1997
Brasil,Tocantins,Araguaçú,MZUSP,52205.0,"Fazenda Praia Alta2, estrada Araguaçú/Barreira do Piqui, 27km ao norte de Araguaçú, represa.",Characidium sp.,-12.716666,-49.916668,08,07,1997
Brasil,São Paulo,Pindamonhangaba,MZUSP,79420.0,Córrego da Pinga.,Characidium sp.,-22.834723,-45.480835,22,08,2002
Brasil,Minas Gerais,Sarduá,MZUSP,75033.0,"Rio Tronqueiras, poço entre cachoeiras, cerca de 13 km da rodovia.",Characidium sp.,0,0,08,12,2001
Brasil,Minas Gerais,Sto Antônio R.Abaixo,MZUSP,75298.0,"Rio Santo Antônio, aproximadamente 2 km abaixo da cidade, junto a estrada que beira margem direita do rio.",Characidium sp.,0,0,14,12,2001
Brasil,São Paulo,Pindamonhangaba,MZUSP,48597.0,"Riacho afluente do Ribeirão Grande, talhão 03, próximo à sede da Fazenda São Sebastião do Ribeirão Grande.",Characidium sp.,-22.933332,-45.466667,17,06,1995
Brasil,São Paulo,Bertioga,MZUSP,78943.0,"Riacho no km 208 da rodovia Rio-Santos, próximo à entrada da Riviera São Lourenço.",Characidium sp.,-23.85,-46.216667,07,06,2002
Brasil,Mato Grosso do Sul,Três Lagoas,MZUSP,19626.0,"Córrego Água Tirada, Faz. Retiro da Telha",Characidium sp.,-20.783333,-51.683334,19,09,1964
Brasil,Minas Gerais,Sto Antônio R.Abaixo,MZUSP,75354.0,"Rio Santo Antônio, 'Prainha'(Balneário Benedito Martins Leite), cidade de Santo Antônio.",Characidium sp.,-19.220556,-43.255554,16,12,2001
Brasil,Minas Gerais,Conc. Mato Dentro,MZUSP,75290.0,"Rio Santo Antônio, Faz. das Campinas, entrada a esq. no km 158 da MG 010, próximo a ponte da rodovia que cruza o rio.",Characidium sp.,-19.082222,-43.431389,18,12,2001
Brasil,São Paulo,Pindamonhangaba,MZUSP,48615.0,"Riacho afluente do Ribeirão Grande, talhão 02, próximo à sede da Fazenda São Sebastião do Ribeirão Grande.",Characidium sp.,-22.933332,-45.466667,16,06,1995
Brasil,São Paulo,Itanhaém,MZUSP,80319.0,Rio Branco.,Characidium sp.,-24.18,-46.78,NA,NA,NA
Brasil,São Paulo,Apiaí,MZUSP,53147.0,"Rio Iporanga, ca. 4 km da nascente, estr. Apiaí-Guapiara, 23 km antes de Apiaí.",Characidium sp.,-24.416666,-48.666668,10,06,1998
Brasil,São Paulo,Iporanga,MZUSP,53127.0,"Ro Iporanga, acima da guarita do Núcleo Casa de Pedra.",Characidium sp.,-24.583334,-48.599998,11,06,1998
Brasil,São Paulo,Apiaí,MZUSP,53152.0,"Afluente da marg. esqu. Córrego Preto, afl. Rio Teminina, estr. Apiaí-Guapiara.",Characidium sp.,-24.516666,-48.833332,10,06,1998
Brasil,Mato Grosso,Chapada dos Guimarães,MZUSP,87742.0,"Córrego Lajinha, afl. Rio Manso (acima do reservatório de Manso)",Characidium sp.,-14.955,-55.6875,19,07,2002
Brasil,São Paulo,Pindamonhangaba,MZUSP,48583.0,"Riacho afluente do Ribeirão Grande, talhão 02, próximo à sede da Fazenda São Sebastião do Ribeirão Grande.",Characidium sp.,-22.933332,-45.466667,30,04,1995
Brasil,São Paulo,Ilha Bela,MZUSP,1116.0,Arroios da Ilha de São Sebastião,Characidium sp.,-23.766666,-45.349998,NA,NA,NA
Brasil,Tocantins,Dianópolis,MZUSP,84124.0,"Rio Palmeiras, pela estrada da garganta (Dianópolis- Formosa do Rio Preto), entrando na Fazenda Nova Iguaçú",Characidium sp.,-11.630834,-46.432777,04,08,2002
Brasil,Mato Grosso,Nova Olímpia,MZUSP,44312.0,"Arroio cruzando a estrada Tangará da Serra/Barra do Bugres, próximo a Nova Olímpia (bacia rio Paraguai)",Characidium sp.,-14.8,-57.266666,11,08,1991
Brasil,São Paulo,Ibiúna,MZUSP,78368.0,"Riacho Água da Lorentina, afluente do Rio Juquiá, na Cachoeira do França, fora do PE. Jurupará.",Characidium sp.,-23.89889,-47.250557,21,10,2001
Brasil,Sao Paulo,Pedro de Toledo,MZUSP,80053.0,"Rio sao Lourencinho, no Bairro Sao Lourenco.",Characidium sp.,-24.149166,-47.190834,12,09,2001
Brasil,Minas Gerais,Januária,MZUSP,54716.0,"Rio Pandeiros, no balneário do rio Pandeiros, 48 km de Januária.",Characidium sp.,-15.513333,-44.753334,14,07,1993
Brasil,São Paulo,NA,MZUSP,19717.0,"Córrego do Abrigo, Barragem de Jupiá",Characidium sp.,-20.816668,-51.633335,27,12,1966
Brasil,Mato Grosso,Itiquira,MZUSP,83624.0,"Corrego em direção Piquete da Tropa Tito, Rio Itiquira",Characidium sp.,-17.480556,-55.239723,29,09,2003
Brasil,Sao Paulo,Iporanga,MZUSP,71010.0,"Riacho Barra Grande, Base Barra Grande do PE. Intervales.",Characidium sp.,-24.293056,-48.368057,07,08,2001
Brasil,Mato Grosso,Aripuanã,MZUSP,61951.0,"Rio Aripuanã, Porto de Balsa (rio acima), estrada que liga o distrito de Colniza a Panelas, km 18 (22-23.vii.1997).",Characidium sp.,-9.5791664,-59.421944,NA,NA,NA
Brasil,Mato Grosso,Alto Araguaia,MZUSP,41469.0,"Riacho afluente do riberião Lajeadinho, abaixo da cuesta.",Characidium sp.,-17.316668,-53.233334,02,03,1989
Brasil,Mato Grosso,Alto Garças,MZUSP,41454.0,"Rio Itiquira, na fazenda Cabeceira do Itiquira, próximo à BR-364.",Characidium sp.,-17.016666,-53.5,09,03,1989
Brasil,Mato Grosso,Alto Araguaia,MZUSP,41400.0,"Cabeceira do córrego do Rancho, em charco próximo à estrada.",Characidium sp.,-17.25,-53.383335,08,03,1989
Brasil,São Paulo,Corumbataí,MZUSP,19705.0,Córrego do Bueno.,Characidium sp.,-22.233334,-47.616665,27,12,1965
Brasil,Santa Catarina,Joinvile,MZUSP,28711.0,Rio Alandif,Characidium sp.,-26.450001,-48.849998,23,11,1984
Brasil,São Paulo,Corumbataí,MZUSP,19474.0,Poça a 20 m acima da desembocadura do Córrego do Machadinho.,Characidium sp.,-22.233334,-47.616665,12,05,1963
Brasil,Paraná,Morretes,MZUSP,28398.0,Rio Marumbi.,Characidium sp.,-25.450001,-48.849998,28,04,1984
Brasil,NA,NA,MZUSP,3430.0,Paissandu,Characidium sp.,0,0,NA,NA,NA
Brasil,São Paulo,Corumbataí,MZUSP,19473.0,Lagoa a 200m da ponte,Characidium sp.,-22.233334,-47.616665,12,05,1963
Brasil,São Paulo,Corumbataí,MZUSP,19454.0,Lagoas marginais do rio Corumbataí. (23-25.ii.1963),Characidium sp.,-22.233334,-47.616665,NA,NA,NA
Brasil,São Paulo,Corumbataí,MZUSP,43651.0,Rio Corumbataí,Characidium sp.,-22.233334,-47.616665,18,03,1963
Brasil,São Paulo,Iporanga,MZUSP,53550.0,"Riacho afl. do Rio Betari,na estr. para a Caverna Santana, 5 km da cidade de Iporanga.",Characidium sp.,-24.583334,-48.616665,20,04,1998
Brasil,Goiás,São Domingos,MZUSP,40621.0,"Córrego Bonito, afl. Rio São Domingos, junto à ponte na GO 110.",Characidium sp.,-13.466666,-46.483334,17,09,1988
Brasil,São Paulo,Pirassununga,MZUSP,42579.0,"Rio Mogi Guaçú, Emas.",Characidium sp.,-21.916666,-47.383335,14,05,1964
Brasil,São Paulo,Corumbataí,MZUSP,19503.0,Rio Corumbataí,Characidium sp.,-22.233334,-47.616665,02,11,1963
Brasil,Sao Paulo,Iporanga,MZUSP,61797.0,"Corrego do Chapeu, afl. do Sumidouro e Corrego Espirito Santo, afl. do Iporanga.",Characidium sp.,-24.433611,-48.584999,10,05,2000
Brasil,Rondônia,Forte Principe Beira,MZUSP,19349.0,Forte Príncipe da Beira.,Characidium sp.,-12.4,-64.416664,NA,NA,NA
Brasil,Mato Grosso do Sul,NA,MZUSP,19719.0,"Córrego do Bebedouro, estrada Três Lagoas- Conc. Taboado",Characidium sp.,-20.783333,-51.683334,28,12,1966
Brasil,Mato Grosso do Sul,Conceição do Taboado,MZUSP,35673.0,"Córrego 'Corguinho', estrada Três Lagoas",Characidium sp.,-20.783333,-51.683334,28,12,1966
Brasil,Bahia,Formosa do Rio Preto,MZUSP,84086.0,"Brejão, rio Sapão, bacia do rio Preto, à oeste do povoado de São Marcelo",Characidium sp.,-10.9275,-45.698334,06,08,2002
Brasil,Minas Gerais,Abaeté,MZUSP,54713.0,"Rio Marmelada, na estrada de Pompeu para Frei Orlando.",Characidium sp.,-19.16,-45.4458,12,07,1993
Brasil,Rio Grande do Norte,Ceara-Mirim,MZUSP,68962.0,Rio Guajiru,Characidium sp.,-5.63444,-35.4256,15,10,2000
Brasil,Rondônia,Forte Principe Beira,MZUSP,19348.0,Forte Príncipe da Beira.,Characidium sp.,-12.4,-64.416664,NA,NA,NA
Brasil,São Paulo,Ilha Solteira,MZUSP,19722.0,"Córrego Itapura-Mirim, afluente na margem esquerda do rio Tietê, estrada Jupiá-Ilha Solteira.",Characidium sp.,-20.25,-51.116665,29,12,1966
Brasil,Rio Grande do Norte,Taipú,MZUSP,57040.0,"Umari, Taipú.",Characidium sp.,-5.62167,-35.5967,21,04,1999
Paraguai,Puerto Stroessner,NA,MZUSP,42631.0,Arroio afluente do rio Monday.,Characidium sp.,0,0,30,12,1978
Brasil,Mato Grosso,Juína,MZUSP,42454.0,"Rio Juína, 31 km da estrada Juína-Fontanilhas.",Characidium sp.,-11.3783,-58.7411,13,10,1989
Brasil,Goiás,Iaciara,MZUSP,40531.0,"Ribeirão Macambira, junto à ponte na GO-112.",Characidium sp.,-14.166667,-46.650002,14,09,1988
Brasil,Minas Gerais,Januária,MZUSP,54717.0,"Rio da Cruz, na estrada de Januária para Fabião.",Characidium sp.,-15.345555,-44.233891,14,07,1993
Brasil,São Paulo,Sete Barras,MZUSP,84362.0,"Rio Preto, no Bairro do Rio Preto",Characidium sp.,-24.192499,-47.890278,01,04,2004
Brasil,São Paulo,Miracatu,MZUSP,35313.0,"Cachoeira do Caçador, km 359 da BR-116.",Characidium sp.,-24.283333,-47.450001,03,08,1985
Brasil,Mato Grosso,Pontes e Lacerda,MZUSP,37630.0,"Riacho na rodovia Cuiabá-Porto Velho, cerca de 32 km da entrada de Pontes e Lacerda. 23.ix-10.x.1984.",Characidium sp.,-15.233334,-59.333332,NA,NA,NA
Brasil,São Paulo,Ibiúna,MZUSP,78361.0,"Rio Bonito, afluente do Rio Juquiá na Cachoeira da Fumaça, na estrada de terra para Ibiúna, PE. Jurupará.",Characidium sp.,-23.957222,-47.264721,19,10,2001
Brasil,Goiás,Goiás,MZUSP,26523.0,"Rio Resende, afluente do rio Vermelho, cerca de 10 km de Buenolândia, 7-13.xii.1981",Characidium sp.,-15.816667,-50.316666,NA,NA,NA
Brasil,Bahia,Formosa do Rio Preto,MZUSP,84067.0,"Brejão, rio Sapão, bacia do rio Preto, à oeste do povoado de São Marcelo",Characidium sp.,-10.9275,-45.698334,06,08,2002
Brasil,São Paulo,Sete Barras,MZUSP,84384.0,"Rio Ipiranga, Fazenda Brasban",Characidium sp.,-24.179445,-47.853889,01,04,2004
Brasil,Rio Grande do Sul,São Leopoldo,MZUSP,19727.0,Rio dos Sinos,Characidium sp.,-29.75,-51.166668,02,04,1967
Brasil,Goiás,Flores de Goiás,MZUSP,40369.0,"Rio Macacos (também Macaquinhos) afl. margem direita rio Parana, fazenda Fortaleza.",Characidium sp.,-14.433333,-47.049999,10,09,1988
Brasil,Goiás,Flores de Goiás,MZUSP,40514.0,"Lagoa junto à estrada GO 236, na entrada do Sítio Buriti, 24 km de Flores de Goiás.",Characidium sp.,-14.433333,-46.049999,13,09,1988
Brasil,São Paulo,Sete Barras,MZUSP,84365.0,"Rio Preto, no Bairro do Rio Preto",Characidium sp.,-24.192499,-47.890278,01,04,2004
Brasil,Parana,Adrianopolis,MZUSP,71009.0,"Rio Tatupeva, afl. Ribeira de Iguape, na estrada para o Parque das Lauraceas.",Characidium sp.,-24.701944,-48.756943,10,08,2001
Brasil,Mato Grosso,Chap.dos Guimarãaes,MZUSP,56230.0,Pantanalzinho (riacho).,Characidium sp.,0,0,11,05,1999
Brasil,Santa Catarina,Porto União,MZUSP,41775.0,"Rio Timbó, sob a ponte na BR-280.",Characidium sp.,-26.2381,-51.0783,05,05,1989
Brasil,Minas Gerais,Arceburgo,MZUSP,20535.0,"Córrego afl. do rio das Areias, Faz. S.José da Barra da Estiva.",Characidium sp.,-21.366667,-46.950001,NA,NA,NA
Brasil,Goiás,Vilas Boas,MZUSP,58946.0,"Rio Praim, afl. Rio Paranã, na BR-020.",Characidium sp.,-15.1225,-47.125832,11,07,1998
Brasil,Goiás,Nova Roma,MZUSP,40761.0,"Córrego Morcego, afl. Rio Paranã, povoado de Cana Brava.",Characidium sp.,-13.75,-46.883335,26,09,1988
Brasil,Goiás,Nova Roma,MZUSP,40752.0,"Rio das Pedras, afluente do rio Parana, povoado de Sao Teodoro",Characidium sp.,-13.75,-46.883335,26,09,1988
Brasil,Goiás,Cavalcante,MZUSP,40797.0,"Atoleiro afl. do córrego Ave Maria, faz. Sto. Antonio, 14 km ao norte de Cavalcante.",Characidium sp.,-13.8,-47.450001,06,01,1989
Brasil,Mato Grosso,Cáceres,MZUSP,44350.0,"Arroio cruzando a estr. Barra do Bugres/Cáceres, ca. 90 km 15l de Barra do Bugres (afl. rio Paraguai).",Characidium sp.,-15.716666,-57.366665,11,08,1991
Brasil,São Paulo,Boracéia,MZUSP,20205.0,Rio Guaratuba,Characidium sp.,-22.200001,-48.783333,04,11,1969
Brasil,São Paulo,Miracatu,MZUSP,28141.0,"Riacho afluente do ribeirão dos Moraes, afluente do rio Sao Lourenço, bairro dos Moraes.",Characidium sp.,-24.283333,-47.450001,NA,NA,NA
Brasil,Mato Grosso,General Carneiro,MZUSP,88142.0,Estrada para cachoeira do Batéia Rodovia BR 070 km 50 Afluente do Rio das Garças Rio Araguaia,Characidium sp.,-15.7108,-52.7553,06,08,2005
Brasil,São Paulo,Ipiranga,MZUSP,1596.0,Ipiranga,Characidium sp.,0,0,NA,NA,NA
Brasil,Minas Gerais,Carangola,MZUSP,42035.0,"Rio Carangola, Carangola",Characidium sp.,-20.733334,-42.033333,NA,NA,NA
Brasil,Espírito Santo,Guarapari,MZUSP,51786.0,"Rio Jaboti, Arraial do Vandecok.",Characidium sp.,-20.683332,-40.516666,31,05,1997
Brasil,Minas Gerais,Borda da Mata,MZUSP,79793.0,"Rio Mogi guaçu, na propriedade do Sr. Zequinha Jonas.",Characidium sp.,-22.311945,-46.191387,20,07,2002
Brasil,São Paulo,Sete Barras,MZUSP,54945.0,Ribeirão da Serra. (18-20/10/1991),Characidium sp.,-24.166666,-48.083332,18,10,1991
Brasil,São Paulo,Ubatuba,MZUSP,39994.0,"Rio Indaiá, Ubatuba, v.1984-iv.1985.",Characidium sp.,-23.433332,-45.083332,NA,NA,NA
Brasil,São Paulo,Salesópolis,MZUSP,55031.0,"Ribeirão Venerando, logo abaixo do alojamento da E.B.Boracéia.",Characidium sp.,-23.53,-45.84,NA,NA,NA
Brasil,Minas Gerais,Borda da Mata,MZUSP,79802.0,"Ribeirào Espraiado, alfuente do Rio Mogi guaçu.",Characidium sp.,-22.338055,-46.225277,20,07,2002
Brasil,São Paulo,Sarapuí,MZUSP,74329.0,"Rio Ponte Alta, trib. do rio Jarapuí, B. dos Cocaes",Characidium sp.,-23.64,-47.82,NA,NA,NA
Brasil,São Paulo,Iporanga,MZUSP,60104.0,"Rio dos Pilões, braço do rio em frente a vila de Pilões.",Characidium sp.,-24.485834,-48.483612,29,01,2000
Brasil,São Paulo,Pirassununga,MZUSP,26983.0,"Rio Mogi Guaçu, Emas",Characidium sp.,-21.916666,-47.383335,20,08,1963
Brasil,Minas Gerais,Borda da Mata,MZUSP,79798.0,"Cachoeira no Rio Mogi guaçu, abaixo da barragem.",Characidium sp.,-22.310278,-46.200832,20,07,2002
Brasil,São Paulo,Pindamonhangaba,MZUSP,58578.0,"Córrego do Ferraz, no Sítiodo Ferraz.",Characidium sp.,-22.7925,-45.475277,13,11,1999
Brasil,Mato Grosso,Barra do Bugres,MZUSP,44335.0,"Arroio em Porto Estrela, na estr.Barra do Bugres/Cáceres, ca. 35 km ao sul de Barra do Bugres; afl. rio Paraguai.",Characidium sp.,-15.333333,-57.183334,11,08,1991
Brasil,São Paulo,Botucatu,MZUSP,19339.0,Rio Pardo,Characidium sp.,-22.950001,-48.583332,04,07,1947
Brasil,São Paulo,Pindamonhangaba,MZUSP,58572.0,"Córrego do Convento, afluente do Ribeirão Grande, em frente ao Sítio San Diego.",Characidium sp.,-22.7875,-45.459446,13,11,1999
Brasil,Mato Grosso,Cáceres,MZUSP,44375.0,"Rio Paraguai em Cáceres e arredores, 11-12.viii.1991.",Characidium sp.,-16.066668,-57.683334,NA,NA,NA
Brasil,Paraná,Adrianópolis,MZUSP,60287.0,"Rio São João, próximo à fóz no Rio Pardo e a jusante do limete do Parque das Lauráceas.",Characidium sp.,-24.742777,-48.532223,23,03,2000
Brasil,Sao Paulo,Iporanga,MZUSP,62026.0,"Rio Betari, bairro da Serra, Petar.",Characidium sp.,-24.551666,-48.675556,09,05,2000
Brasil,Amazonas,Tefé,MZUSP,76227.0,"Rio Tefé, Jurupari, praia-capim, agua barrenta.",Characidium sp.,-3.3666666,-64.716667,01,08,1979
Brasil,Bahia,NA,MZUSP,40224.0,Rio Icatu (próx.à foz) Ibiraba.,Characidium sp.,-10.55,-43.099998,NA,NA,NA
Brasil,Mato Grosso,Paranatinga,MZUSP,87745.0,"Primeiro riacho após a ponte do rio Culuene, no sentido Paranatinga-Canarana",Characidium sp.,-13.928611,-53.262501,20,01,2002
Brasil,Mato Grosso,Primavera do Leste,MZUSP,87744.0,"Córrego Xavante, na estr. para a Usina Culuene, sainda da MT-130",Characidium sp.,-14.64,-53.927223,18,01,2002
Brasil,Mato Grosso do Sul,Coxim,MZUSP,83647.0,"Ribeirão dos Veados, Rio Taquari - Ponto 3",Characidium sp.,-18.422501,-54.834999,30,09,2003
Brasil,Sao Paulo,Iporanga,MZUSP,61778.0,"Corrego do Chapeu, afl. do Sumidouro e Corrego Espirito Santo, afl. do Iporanga.",Characidium sp.,-24.433611,-48.584999,10,05,2000
Brasil,Goiás,S. Rita do Araguaia,MZUSP,41425.0,"Córrego do Jacaré, junto da ponte",Characidium sp.,-17.333334,-53.200001,05,03,1989
Brasil,Goiás,Mineiros,MZUSP,41438.0,"Ribeirão Capivara,afluente do rio Verde, na rodovia Mineiros-Taquari.",Characidium sp.,-17.583334,-52.583332,10,03,1989
Brasil,Mato Grosso,Pontes e Lacerda,MZUSP,44464.0,"Córrego do Barreiro, estr. Pontes e Lacerda/Vila Bela da Santíssima Trindade, ca. 16 km W de Pontes e Lacerda",Characidium sp.,-15.2,-59.416668,13,08,1991
Brasil,Mato Grosso,Porto Esperidião,MZUSP,44432.0,"Arroio Zé do Cacete (afl. rio Jauru), entre km 70 e 71 da estr. Cáceres/Porto Esperidiao (BR 174)",Characidium sp.,-15.833333,-58.283333,13,08,1991
Brasil,Mato Grosso,Pontes e Lacerda,MZUSP,44452.0,Rio Guaporé e área inundada adjacente em Pontes e Lacerda (afluente do rio Madeira),Characidium sp.,-15.233334,-59.333332,13,08,1991
Brasil,Bahia,São Desidério,MZUSP,58944.0,"Rio Grande, na localidade de Sítio Grande.",Characidium sp.,-12.431389,-45.085278,08,07,1998
Brasil,Piauí,Teresina,MZUSP,74932.0,"Rio Poti, na altura do Parque Municipal da Floresta Fóssil.",Characidium sp.,-5.08917,-42.8019,16,11,2001
Brazil,Rio de Janeiro,Silva Jardim,MZUSP,80203.0,"Afluente do rio São João, 30 km N pela estrada Boqueirão-Japuíba, em Gaviões",Characidium sp.,-22.566668,-42.566666,12,10,2002
Brasil,São Paulo,Barra do Turvo,MZUSP,60251.0,"Cachoeira Véu da Noiva, no riacho primeiro Ribeirão, afl. do Rio Pardo",Characidium sp.,-24.72139,-48.453056,24,03,2000
Brasil,Paraná,Campo Largo,MZUSP,79528.0,"Rio Conceição, afluente do Rio Açungui na Fazenda do Banestado, localidade de Conceição.",Characidium sp.,-25.4586,-49.5283,18,05,2002
Brasil,Amazonas,Manaus,MZUSP,53621.0,"Igarapé do Acará, Reserva Ducke.",Characidium sp.,-3.10194,-60.025,09,11,1996
Brasil,São Paulo,Ubatuba,MZUSP,48105.0,"Piscina do Amor, lado direito da rodovia Rio/Santos, em frente à placa do km 3.",Characidium sp.,-23.433332,-45.083332,12,10,1985
Brasil,Piauí,Campo Maior,MZUSP,74910.0,"Rio Sorubim (afl. rio Longá), fazenda Água Limpa, pero da rodovia BR-343.",Characidium sp.,-4.82778,-42.1686,17,11,2001
Brasil,São Paulo,Cananéia,MZUSP,53349.0,"Rio Capinzal, Serra Gigante, Ariri.",Characidium sp.,-25.01,-47.92,17,07,1997
Brasil,São Paulo,Ibiúna,MZUSP,78375.0,"Córrego Vargedo, afluente do Rio Juquiá, na Cachoeira da Fumaça, Fazenda Vargedo, fora do PE. Jurupará.",Characidium sp.,-23.866388,-47.240555,21,10,2001
Brasil,Amapá,Ferreira Gomes,MZUSP,31444.0,"Rio Araguari, 15 km norte de Ferreira Gomes, Igarapé.",Characidium sp.,0.858333,-51.18,NA,NA,NA
Brasil,São Paulo,Ibiúna,MZUSP,78367.0,"Rio Bonito, afluente do Rio Juquiá na Cachoeira da Fumaça, na estrada de terra para Ibiúna, PE. Jurupará.",Characidium sp.,-23.957222,-47.264721,19,10,2001
Brasil,Goiás,São Domingos,MZUSP,85772.0,"Rio da Lapa, Pesqueiro, ressurgência da Lapa Terra Ronca, 13°44'0''S, 46°21'30''W",Characidium sp.,-13.3983,-46.3183,14,09,1999
Brasil,Rio Grande do Sul,NA,MZUSP,49166.0,"Arroio Bolacha, cerca de 0,5 km SE da intersecção da estrada Rio Grande - Cassino.",Characidium sp.,-32.116665,-52.166668,11,12,1979
Brasil,Goiás,Flores de Goiás,MZUSP,40459.0,"Poço da Gandaia (lagoa marginal do rio Paranã), Fazenda Olho D'Água, 11-12.ix.1988.",Characidium sp.,-14.433333,-47.049999,NA,NA,NA
Brasil,Bahia,Itaetê,MZUSP,86155.0,"Rio Paraguaçú, à montante da cidade, 12°58'25,5''S, 40°58'20,3''W",Characidium sp.,-12.9864,-40.9725,08,11,2004
Brasil,Bahia,Itaetê,MZUSP,86128.0,"Rio Paraguaçú, à montante da cidade, 12°58'25,5''S, 40°58'20,3''W",Characidium sp.,-12.9864,-40.9725,21,09,2004
Brasil,São Paulo,Barra do Turvo,MZUSP,60195.0,"Ribeirão Fria, afl. do Rio Pardo, na fazanda Fria, Estr. Barra do Turvo-Iporanga.",Characidium sp.,-24.738611,-48.509724,21,03,2000
Brasil,Bahia,Correntina,MZUSP,47357.0,"Rio Correntina, afluente do rio Corrente, em Barra de São José.",Characidium sp.,-13.4,-44.333332,22,07,1994
Brasil,Goiás,Cavalcante,MZUSP,40809.0,"Riacho afl. do córrego Ave Maria, na sede da faz. Sto. Antonio, 14 km ao norte de Cavalcante.",Characidium sp.,-13.8,-47.450001,06,01,1989
Brasil,São Paulo,Emas,MZUSP,1861.0,Rio Mogi Guaçu,Characidium sp.,0,0,NA,NA,NA
Brasil,São Paulo,Salesópolis,MZUSP,59124.0,"Rio Tiête, na primeira ponte após a nascente, na estrada para Salesópolis.",Characidium sp.,-23.583889,-45.77861,17,12,1999
Brasil,Minas Gerais,Muriaé,MZUSP,80978.0,Rio Glória (afl. rio Muriaé).,Characidium sp.,-21.043333,-42.333611,10,12,2002
Brasil,São Paulo,São Lourenço,MZUSP,78385.0,"Riacho afluente do Rio São Lourenço, próximo do Bairro Serraria, na estrada para São Lourenço, fora do PE Jurupará",Characidium sp.,-23.878611,-46.994999,23,10,2001
Brasil,São Paulo,Ibiúna,MZUSP,78378.0,"Ribeirão das Vargens, afluente do Rio Juquiá na Cachoeira da Fumaça, fora do PE. Jurupará.",Characidium sp.,-23.858889,-47.242779,21,10,2001
Brasil,Goiás,Minaçu,MZUSP,53405.0,Riacho afluente do Rio Tocantinzinho.,Characidium sp.,-14.036667,-48.222778,19,12,1995
Brasil,São Paulo,Ibiúna,MZUSP,78381.0,"Ribeirão do Pocinho, afluente do Rio Juquiá na Cachoeira da Fumaça, no bairro do Pocinho, PE. Jurupará.",Characidium sp.,-23.978333,-47.239445,22,10,2001
Brasil,São Paulo,São Lourenço,MZUSP,78383.0,"Riacho afluente do Rio São Lourenço, próximo do Bairro Serraria, na estrada para São Lourenço, fora do PE Jurupará",Characidium sp.,-23.878611,-46.994999,23,10,2001
Brasil,São Paulo,Juquitiba,MZUSP,78382.0,"Ribeirão das Laranjeiras, na divisa dos municípios de Juquitiba e Ibiúna, fora do PE. Jurupará.",Characidium sp.,-23.844166,-47.053612,23,10,2001
Brasil,São Paulo,Ibiúna,MZUSP,78376.0,"Ribeirão das Vargens, afluente do Rio Juquiá na Cachoeira da Fumaça, fora do PE. Jurupará.",Characidium sp.,-23.858889,-47.242779,21,10,2001
Brasil,Minas Gerais,Manga,MZUSP,47350.0,"Rio Japoré, na estrada entre Manga e Carinhanha.",Characidium sp.,-14.75,-43.766666,21,07,1994
Brasil,São Paulo,Iguape,MZUSP,80065.0,"Rio Branco da Serra, afluente do Rio Espraiado, sob a ponte de terra para a SP-222. Ponto fora da EEJI.",Characidium sp.,-24.410555,-47.426666,12,10,2002
Brasil,Parana,Adrianopolis,MZUSP,71015.0,"Rio Carumbe, próx. à foz no Ribeira de Iguape, 2 km da cidade de Adrianopolis.",Characidium sp.,-24.667778,-48.984444,10,08,2001
Brasil,Minas Gerais,Missões,MZUSP,47348.0,Riacho na fazenda próximo da cidade de Missões.,Characidium sp.,0,0,21,07,1994
Brasil,Paraná,Castro,MZUSP,81599.0,"Rio Pitangui, afl. Rio Tibagi, na localidade de Santa Rita na rodovia BR-090, entre Abapã e Castro.",Characidium sp.,-24.894167,-49.856388,30,04,2003
Brasil,Goiás,Minaçú,MZUSP,53422.0,Riacho afluente do rio Tocantizinho.,Characidium sp.,14.040833,48.206112,20,12,1995
Brasil,Paraná,Ponta Grossa,MZUSP,81596.0,"Ribeirão Grande, afl. Rio Ribeirinha, afl. R. Ribeira na estrada entre Itaiacoca e Abapã.",Characidium sp.,-25.045,-49.838055,30,04,2003
Brasil,Minas Gerais,NA,MZUSP,47269.0,"Riacho da Ponte na BR-135, entre Corinto e Augusto de Lima.",Characidium sp.,-18.1,-44.25,19,07,1994
Brasil,Minas Gerais,NA,MZUSP,47307.0,"Riacho afluente do rio Jequitaí, na BR-135, entre Buenópolis e Engenheiro Dolabela.",Characidium sp.,-17.75,-44.099998,20,07,1994
Brasil,São Paulo,Itaoca,MZUSP,81617.0,Barra do Rio Palmital no Rio Ribeira de Iguape.,Characidium sp.,-24.654444,-48.830276,02,05,2003
Brasil,Rio Grande do Sul,NA,MZUSP,19885.0,"Vala na BR-116, km 16, estrada Porto Alegre - Pelotas.",Characidium sp.,-30.049999,-51.333332,21,09,1977
Brasil,São Paulo,Jacupiranga,MZUSP,83065.0,"Riacho afl. Rio Jacupiranga, na estr. Jacupiranga-Eldorado, Km 15",Characidium sp.,-24.623611,-48.055832,29,05,2003
Brasil,Mato Grosso do Sul,Ivinhema,MZUSP,80144.0,Córrego Pirarevê.,Characidium sp.,-22.3047,-53.8153,10,06,2002
Brasil,São Paulo,Paranapiacaba,MZUSP,74331.0,Estrada de terra Campo Grande-Paranapiacaba,Characidium sp.,0,0,11,05,1991
Brasil,Minas Gerais,Pedro Leopoldo,MZUSP,47252.0,"Riacho afluente do rio das Velhas, em Igreja Quebrada, próximo de Jaguara.",Characidium sp.,-19.633333,-44.049999,19,07,1994
Brasil,Paraná,Balsa Nova,MZUSP,40124.0,"Córrego da Faz. Lara Maria, braço do Ribeirão Amola Faca, perto de Balsa Nova.",Characidium sp.,-25.6,-49.633335,02,05,1989
Brasil,Bahia,Prado,MZUSP,74029.0,Riacho na Faz. Embaçoaba.,Characidium sp.,-17.333334,-39.216667,20,03,1985
Brasil,Sao Paulo,Ribeira,MZUSP,71017.0,"Ribeirão Palmeiras, afl. Rio Catas Altas, Bairro Antunes, na estrada para Itapirapuã Paulista.",Characidium sp.,-24.605833,-49.082779,09,08,2001
Brasil,Sao Paulo,Ribeira,MZUSP,71012.0,"Rio Catas Altas, no Bairro Catas Altas, próx. à foz no Ribeira de Iguape.",Characidium sp.,-24.629723,-49.036945,09,08,2001
Brasil,São Paulo,Juquitiba,MZUSP,60083.0,"Córrego afl. do rio Juquiá, abaixo da represa na Fazenda Santa Rita.",Characidium sp.,-23.973888,-46.9375,08,11,1999
Brasil,São Paulo,Salesópolis,MZUSP,59136.0,"Rio Paraitinga, na cachoeira da Porteira.",Characidium sp.,-23.526945,-45.764446,17,12,1999
Brasil,Goias,Minaçu,MZUSP,76272.0,"Raicho à montante dos pilares da ponte do Rubão, margem direita, Serra da Mesa",Characidium sp.,-13.5331,-48.22,01,11,1996
Brasil,São Paulo,Ribeirão Grande,MZUSP,51904.0,"Ribeirão Jabaquara, na estrada Ribeirão Grande - Intervales, após a entrada para a Vila Boa Vista.",Characidium sp.,-24.1,-48.349998,26,08,1997
Brasil,São Paulo,Juquitiba,MZUSP,60086.0,"Ribeirão das Antas, afl. Rio Juquiá, fazenda Estio na estrada de terra para Juquitiba.",Characidium sp.,-23.996944,-46.933613,25,10,1999
Brasil,São Paulo,Ribeirão Grande,MZUSP,51884.0,"Ribeirão das Batéias, sob a ponte da estrada Ribeirão Grande - Intervales.",Characidium sp.,-24.1,-48.349998,24,08,1997
Brasil,São Paulo,Juquitíba,MZUSP,58806.0,"Primeiro riacho afluente do Rio Juquiá, após o ribeirão das Antas, na estrada de terra para Juquitíba.",Characidium sp.,-23.977501,-46.925835,25,10,1999
Brasil,São Paulo,Ribeirão Grande,MZUSP,52585.0,Foz do ribeirão das Pedras no córrego das Batéias.,Characidium sp.,-24.1,-48.349998,30,09,1997
Brasil,São Paulo,Ribeirão Grande,MZUSP,51906.0,"Córrego das Mulheres, afluente do rio das Almas.",Characidium sp.,-24.1,-48.349998,27,08,1997
Brasil,São Paulo,Colina,MZUSP,43112.0,"Ribeirão Turvo, Estância Maravilha.",Characidium sp.,-20.716667,-48.533333,31,05,1986
Brasil,NA,NA,MZUSP,79829.0,"Rio São João, material de aquário.",Characidium sp.,0,0,NA,NA,NA
Brasil,Sao Paulo,Ribeira,MZUSP,71007.0,"Rio Tejuco, prox. a foz no Rio Ribeira de Iguape, na estrada para Itapirapuã Paulista.",Characidium sp.,-24.633888,-48.997501,08,08,2001
Brasil,São Paulo,Iporanga,MZUSP,54912.0,"Córrego Passagem do Meio, tributário da mg. esq. do rio Betarí, estrada Apiaí/Iporanga.",Characidium sp.,-24.568056,-48.645557,20,11,1998
Brasil,São Paulo,Juquitiba,MZUSP,60095.0,"Ribeirão das Antas, afl. Rio Juquiá, fazenda Estio na estrada de terra para Juquitiba.",Characidium sp.,-23.916666,-46.916668,08,11,1999
Brasil,São Paulo,Conchal,MZUSP,45284.0,"Rio Mogi-Guaçu, lagoas marginais.",Characidium sp.,-22.283333,-47.216667,28,08,1992
Brasil,São Paulo,Pirassununga,MZUSP,19438.0,"Rio Mogi Guaçu, Emas",Characidium sp.,-21.916666,-47.383335,NA,NA,NA
Brasil,Santa Catarina,Pirabeiraba,MZUSP,42306.0,"Rio Lindo, estr. Pirabeiraba-Campo Alegre (SC 301).",Characidium sp.,-26.183332,-48.900002,04,05,1989
Brasil,Sao Paulo,Guapiara,MZUSP,71008.0,"Riacho Pedra de Fogo, Base Pedra de Fogo, PE. Intervales.",Characidium sp.,-24.255556,-48.449444,07,08,2001
Brasil,Bahia,São Desidério,MZUSP,58941.0,"Rio Grande, na localidade de Sítio Grande.",Characidium sp.,-12.431389,-45.085278,08,07,1998
Brasil,Bahia,São Desidério,MZUSP,58938.0,"Rio São Desidério, sob a ponte na BR-135.",Characidium sp.,-12.348889,-44.992222,07,07,1998
Brasil,Bahia,Iraquara,MZUSP,58877.0,Rio Pratinha na fazenda Pratinha (17-21.xii.1998).,Characidium sp.,-12.353611,-41.547501,NA,NA,NA
Brasil,Bahia,Formosa do Rio Preto,MZUSP,58942.0,"Rio Preto, sob a ponte da BR-135, na entrada da cidade de Formosa do Rio Preto.",Characidium sp.,-11.054167,-45.201668,03,07,1998
Brasil,Bahia,Formosa do Rio Preto,MZUSP,58945.0,"Córrego Sassafraz, Coaceral.",Characidium sp.,-10.635,-45.838612,03,07,1998
Brasil,São Paulo,Salesópolis,MZUSP,59128.0,"Rio Paraitinga, acima da cidade",Characidium sp.,-23.52389,-45.802502,17,12,1999
Brasil,Minas Gerais,S.Pedro do Suaçuí,MZUSP,66193.0,Rio Suaçuí Grande (afluente do rio Doce).,Characidium sp.,-18.368055,-42.519722,26,11,2000
Brasil,São Paulo,Miracatú,MZUSP,35306.0,"Ribeirão Grande, afluente do rio São Lourenço, bairro de Jaraçatiá.",Characidium sp.,-24.283333,-47.450001,20,07,1985
Brasil,São Paulo,Ribeirão Grande,MZUSP,52599.0,"Córrego Tanquinho, próximo da entrada do Parque Intervales, na estrada Ribeirão Grande/Intervales.",Characidium sp.,-24.1,-48.349998,28,09,1997
Brasil,São Paulo,Juquitiba,MZUSP,49336.0,"Primeiro riacho afluente do rio Juquiá, após o ribeirão das Antas na estrada de terra para Juquitiba.",Characidium sp.,-23.916666,-47.066666,20,01,1996
Brasil,São Paulo,Ribeirão Grande,MZUSP,51891.0,"Ribeirão das Batéias, à montante da ponte da estrada Ribeirão Grande - Intervales. (fundo rochoso)",Characidium sp.,-24.1,-48.349998,24,08,1997
Brasil,Sao Paulo,Iporanga,MZUSP,62014.0,"Rio Iporanga, na trilha da Mina do Espirito Santo",Characidium sp.,-24.456944,-48.631943,11,05,2000
Brasil,São Paulo,Ibiúna,MZUSP,78363.0,"Riacho afluente do Rio Bonito, afluente do Rio Juquiá, confluência da estrada de Ibiúna e estrada Pedrão PE Jurup.",Characidium sp.,-23.956388,-47.265556,20,10,2001
Brasil,São Paulo,Bariri,MZUSP,83416.0,"Córrego Queixada, afluente do rio Tietê.",Characidium sp.,-22.133333,-48.7425,05,11,2003
Brasil,Mato Grosso,V.B. Sant. Trindade,MZUSP,37661.0,"Rio Guaporé, Cais da Balsa, Vila Bela da Santíssima Trindade. (23.ix-10.x.1984)",Characidium sp.,0,0,NA,NA,NA
Brasil,Sao Paulo,Iporanga,MZUSP,61770.0,"Rio Iporanga, na trilha da Mina do Espirito Santo",Characidium sp.,-24.456944,-48.631943,11,05,2000
Brasil,São Paulo,Ibiúna,MZUSP,78362.0,"Rio Bonito, afluente do Rio Juquiá na Cachoeira da Fumaça, na estrada de terra para Ibiúna, PE. Jurupará.",Characidium sp.,-23.957222,-47.264721,19,10,2001
Brasil,Bahia,Formosa do Rio Preto,MZUSP,80129.0,"Córrego Sassafraz, Coaceral.",Characidium sp.,-10.635,-45.838612,03,07,1998
Brasil,Rio Grande do Sul,NA,MZUSP,49165.0,"Arroio Bolacha, cerca de 0,5 km SE da intersecção da estrada Rio Grande - Cassino.",Characidium sp.,-32.116665,-52.166668,11,12,1979
Brasil,Rio de Janeiro,Saquarema,MZUSP,49156.0,"Rio Mato Grosso, na Lagoa de Saquarema, 58,5 km a leste de Sampaio Correia.",Characidium sp.,-22.916666,-42.583332,27,11,1979
Brasil,Rio de Janeiro,Saquarema,MZUSP,49157.0,"Riacho afluente do rio Macacu, 1,2 km da cidade de Macacu, sob a ponte próximo à rodovia.",Characidium sp.,-22.933332,-42.516666,27,11,1979
Brasil,Mato Grosso,Campinápolis,MZUSP,76935.0,Riacho que cruza a estrada MT110.,Characidium sp.,-14.371388,-52.862499,23,01,2002
Brasil,Tocantins,NA,MZUSP,39913.0,"Rio Javaés, 40 km de Formoso do Araguaia",Characidium sp.,-11.8,-49.533333,NA,NA,NA
Brasil,Mato Grosso do Sul,Coxim,MZUSP,38019.0,"Cachoeira das Palmeiras, rio Taquari (27/ix - 05/x/1979)",Characidium sp.,-18.5,-54.75,27,09,1979
Brasil,São Paulo,Barra do Turvo,MZUSP,60285.0,"Primeiro Ribeirão, afl. Rio Pardo, estr. Barra do Turvo - Ribeirão do Meio",Characidium sp.,-24.756111,-48.490002,22,03,2000
Brasil,Paraná,Guaratuba,MZUSP,20463.0,"Praia de Brejatuba, 4 km ao Sul de Guaratuba.",Characidium sp.,-25.950001,-48.616665,NA,NA,NA
Brasil,Paraná,NA,MZUSP,20477.0,5 km ao N de Morretes,Characidium sp.,-25.466667,-48.816666,03,12,1975
Brasil,Rio Grande do Sul,Livramento,MZUSP,40994.0,"Rio Cati, afl.Rio Uruguai, estr. Quaraí-Livramento.",Characidium sp.,-30.549999,-56.099998,23,07,1986
Brasil,Rio Grande do Sul,NA,MZUSP,41029.0,"Rio Garupá, estrada Uruguaiana-Guaraí, limite dos municípios.",Characidium sp.,-30.116667,-56.416668,22,07,1986
Brasil,Paraná,Morretes,MZUSP,19869.0,Rio Nhundiaquara,Characidium sp.,-25.466667,-48.816666,24,09,1977
Brasil,Rio Grande do Sul,Santo Angelo,MZUSP,41064.0,"Rio Piratini, faz. dos Hinz, distrito de Coimbra, Santo Angelo, 19-20.xii.1985",Characidium sp.,-28.783333,-54.450001,19,12,1985
Brasil,Goiás,Minaçu,MZUSP,53404.0,Riacho afluente do Rio Tocantinzinho.,Characidium sp.,-14.036667,-48.222778,19,12,1995
Brasil,Mato Grosso,Cáceres,MZUSP,19992.0,"Rio Paraguai, porto de Cáceres",Characidium sp.,-16.066668,-57.683334,13,08,1980
Brasil,Santa Catarina,Guaruva,MZUSP,41784.0,"Rio Guaruva, sob a ponte na Br-101.",Characidium sp.,0,0,07,05,1989
Brasil,Mato Grosso,Descalvados,MZUSP,19990.0,Rio Paraguai,Characidium sp.,-16.733334,-57.75,09,08,1980
Brasil,Acre,NA,MZUSP,49768.0,"30.vi-01.vii:, Rio Acre, entre Seringal Paraíso e lago Amapá.",Characidium sp.,0,0,NA,NA,NA
Brasil,Mato Grosso,Pontes e Lacerda,MZUSP,37614.0,"Riacho na rodovia Cuiabá-Porto Velho, cerca de 7 km após a entrada de Pontes e Lacerda. (23.ix-10.x.1984)",Characidium sp.,-15.233334,-59.333332,NA,NA,NA
Brasil,Mato Grosso,Alto Araguaia,MZUSP,73349.0,"Ribeirão do Sapo, km 464,04 da ferrovia Ferronorte.",Characidium sp.1,-17.519722,-53.259167,21,05,2001
Brasil,Mato Grosso do Sul,Corumbá,MZUSP,59848.0,"Rio Miranda, lagoa marginal",Characidium sp.1,-19.583334,-56.983334,09,09,1998
Brasil,Mato Grosso,Nova Mutum,MZUSP,61010.0,"Rio Arinos, margem esquerda, antes da confluência com o rio Novo, banco de areia.",Characidium sp.1,-14.219444,-56.02861,19,02,2000
Brasil,Minas Gerais,Muriaé,MZUSP,66329.0,Rio Glória (afluente do rio Muriaé).,Characidium sp.1,-21.079166,-42.34639,08,12,2000
Brasil,Minas Gerais,S.Ant. do Rio Abaixo,MZUSP,73138.0,"Rio Santo Antônio, faz. do Morro Alto, abaixo cachoeira do Bahia, estrada do Paraguai, aprox 6 km da cid. Sto Antonio",Characidium sp.1,0,0,13,09,2001
Brasil,Mato Grosso do Sul,Aquidauana,MZUSP,59836.0,Rio Negro 1,Characidium sp.1,-19.593334,-56.147499,04,09,1998
Brasil,Mato Grosso do Sul,Rio Verde de M. G.,MZUSP,59602.0,"Rio Anhuma, na estrada - canal principal com fundo arenoso",Characidium sp.1,-19.169167,-55.299999,28,08,1998
Brasil,Minas Gerais,S.Ant. do Rio Abaixo,MZUSP,73121.0,"Rio Santo Antônio, Área de Lazer Benedito Martins (prainha), na cidade de Santo Antônio",Characidium sp.1,0,0,14,09,2001
Brasil,São Paulo,Pindamonhangaba,MZUSP,49279.0,"Riacho afluente do Ribeirão Grande, talhão 2, próximo à sede da Fazenda São Sebastião do Ribeirão Grande.",Characidium sp.1,-22.933332,-45.466667,02,11,1995
Brasil,Mato Grosso,Nova Mutum,MZUSP,61106.0,"Rio Criquiri, afluente do rio dos Patos.",Characidium sp.1,-13.85,-56.183334,16,02,2000
Brasil,Mato Grosso,Nova Mutum,MZUSP,61062.0,"Rio Arinos, foz do Fervedouro, fazenda F ervedouro.",Characidium sp.1,-14.219444,-56.02861,18,02,2000
Brasil,Mato Grosso do Sul,Rio Negro,MZUSP,59847.0,"Rio Negro, cachoeira do Kubota",Characidium sp.2,-19.436666,-55.018055,27,08,1998
Brasil,Mato Grosso do Sul,Corguinho,MZUSP,59840.0,Riacho da Chácara da Portela,Characidium sp.2,-19.811111,-54.844166,28,08,1998
Brasil,Minas Gerais,Muriaé,MZUSP,66330.0,"Rio Glória (afluente do rio Muriaé), à jusante da UHE Glória.",Characidium sp.2,-21.043333,-42.333611,05,12,2000
Brasil,Mato Grosso do Sul,Rio Verde de M. G.,MZUSP,59842.0,"Anhuma, na estrada - poço, menor conexão com o canal principal",Characidium sp.2,-19.168612,-55.30722,28,08,1998
Brasil,Mato Grosso do Sul,Aquidauana,MZUSP,59795.0,Rio Taboco (pântano),Characidium sp.2,-20.07,-55.643612,30,08,1998
Brasil,Mato Grosso do Sul,Bonito,MZUSP,59758.0,"Rio Formozinho, ao lado da Fazenda São Geraldo, cerca de 17 km de Bonito",Characidium sp.2,-22.587223,-56.559723,06,09,1998
Brasil,São Paulo,Pindamonhangaba,MZUSP,49271.0,"Ribeirão Grande, talhão 1, próximo à sede da Fazenda São Sebastião do Ribeirão Grande.",Characidium sp.2,-22.933332,-45.466667,30,10,1995
Brasil,São Paulo,Pindamonhangaba,MZUSP,49111.0,"Ribeirão Grande, talhão 1, próximo à sede da Fazenda São Sebastião do Ribeirão Grande.",Characidium sp.2,-22.933332,-45.466667,05,09,1995
Brasil,Mato Grosso do Sul,Bodoquena,MZUSP,59515.0,"Rio Salobra, sob a ponte, cerca de 18 km saindo da estrada de Bonito para Bodoquena",Characidium sp.2,-20.670555,-56.759724,07,09,1998
Brasil,Mato Grosso do Sul,Rio Negro,MZUSP,59514.0,"Rio do Peixe, acima da queda d'água - Loca das Araras (Poço de Macaws)",Characidium sp.2,-19.584723,-54.897778,27,08,1998
Brasil,São Paulo,Pindamonhangaba,MZUSP,48589.0,"Ribeirão grande, talhão 01, próximo à sede da Fazenda São Sebastião do Ribeirão Grande.",Characidium sp.3,-22.933332,-45.466667,17,06,1995
Brasil,Mato Grosso do Sul,Bodoquena,MZUSP,59599.0,"Rio Salobrinha, cerca de 2 km da ponte sobre o Rio Salobra (cerca de 18 km da estrada de Bonito à Bodoquena)",Characidium sp.3,-20.678612,-56.781113,07,09,1998
Brasil,Peru,Loreto,MZUSP,77826.0,"Laguna Taracachi, lake/flooded forest, turbid water",Characidium sp.a,-3.8197222,-76.503334,12,08,1999
Brasil,Peru,Loreto,MZUSP,77848.0,"Mouth of rio Huasaga at rio Pastaza (edge of river channel, back and turbid water)",Characidium sp.a,-3.7102778,-76.426109,12,08,1999
Brasil,Peru,Loreto,MZUSP,77842.0,"Rio Huitouacu, about 0.5km upstream from the mouth (edge of river channel, turbid water)",Characidium sp. d,-4.2083335,-76.551109,13,08,1999
Brasil,Goiás,Cavalcante,MZUSP,70221.0,"Riacho afl. do córrego Ave Maria, na sede da faz. Sto. Antonio, 14 km ao norte de Cavalcante.",Characidium stigmosum,-13.8,-47.450001,06,01,1989
Brasil,Goiás,Cavalcante,MZUSP,40810.0,"Riacho afl. do córrego Ave Maria, na sede da faz. Sto. Antonio, 14 km ao norte de Cavalcante.",Characidium stigmosum,-13.8,-47.450001,06,01,1989
Brasil,Rio Gde.do Sul,S.Fco.de Assis,MZUSP,63808.0,"Rio Inhacundá em Sao Francisco de Assis, na saída para Manuel Viana",Characidium tenue,-29.547501,-55.136391,08,05,1999
Brasil,Rio Grande do Sul,Sao Sepé,MZUSP,63803.0,"Rio Sao Sepé, em ponte lateral a BR 153, ca. 3km ao Sul de Sao Sepé, bacia do Rio Jacuí",Characidium tenue,-30.185556,-53.559723,07,05,1999
Brasil,R.Gde.do Sul,S.Fco.de Assis,MZUSP,63774.0,"Rio Jaguari-Mirim, ca. 5km a SE de Sao Francisco de Assis",Characidium tenue,-29.600834,-55.085556,08,05,1999
Brasil,Rio Grande do Sul,S.Ant. da Patrulha,MZUSP,43569.0,"Arroio do Carvalho, município de Santo Antonio da Patrulha.",Characidium tenuis,-29.833334,-50.5,17,01,1991
Brasil,Rio Grande do Sul,NA,MZUSP,43562.0,"Margem da lagoa Emboaba, entre Osório e Tramandaí.",Characidium tenuis,-29.950001,-50.216667,16,01,1991
Brasil,São Paulo,Ibiúna,MZUSP,85346.0,"Córrego da Lagoa, ponte Búfalos, Itirapina/Ibiúna",Characidium zebra,-23.65,-47.22,12,04,2004
Brasil,Amazonas,NA,MZUSP,85187.0,Igarapé na comunidade de São Tomé.,Characidium zebra,0,0,01,07,2004
Brasil,Amazonas,NA,MZUSP,85167.0,"Rio Tiquié, igapó na comunidade de Jabuti, 0°16'31,9''N, 69°53'36,4''W",Characidium zebra,0,0,30,06,2004
Brasil,Minas Gerais,Augusto de Lima,MZUSP,73689.0,"Rio Curimataí, Fazenda Vitória.",Characidium zebra,-18.095278,-44.270832,16,08,2001
Brasil,Amazonas,NA,MZUSP,85091.0,"Igarapé Umari Norte (afl. rio Tiquié), da Cachoeira da Abelha para baixo, 0°16'N, 69°58'W",Characidium zebra,0,0,25,06,2004
Brasil,Minas Gerais,Cardeal Mota,MZUSP,73700.0,"Rio Cipó, jusante do Parque Nacional da Serra do Cipó, Fazenda do Mosteiro.",Characidium zebra,-19.353056,-43.654446,02,07,2000
Brasil,Minas Gerais,Corinto,MZUSP,73751.0,"Rio Bicudo, Fazenda Bom Jardim.",Characidium zebra,-18.358612,-44.591667,14,08,2001
Brasil,Amazonas,NA,MZUSP,84964.0,"Igarapé Umari Norte (afl. do rio Tiquié). comunidade de São Pedro, da cachoeira da Abelha até a cachoeira do Buriti.",Characidium zebra,0,0,20,06,2004
Brasil,Mato Grosso do Sul,Três Lagoas,MZUSP,88470.0,Córrego do Palmito na ponte da MS- 262 próximo da Fazenda Santa Angela,Characidium zebra,-20.7511,-51.6783,24,09,2003
Brasil,São Paulo,cajuru,MZUSP,49220.0,"Ribeirão sem nome, fazenda Santa Carlota.",Characidium zebra,-21.266666,-47.299999,14,11,1993
Brasil,São Paulo,Ipeúna,MZUSP,88434.0,Ribeirão Passa Cinco afluente do Rio Corumbataí prox da SP- 310,Characidium zebra,-22.43,-47.71,26,09,2003
Brasil,São Paulo,Ipeúna,MZUSP,88478.0,Ribeirão Passa Cinco afluente do Rio Corumbataí prox da SP- 310,Characidium zebra,-22.43,-47.71,26,09,2003
BRAZIL,RJ,Macaé,NPM,6880,"Brasil, RJ, Macaé, ponto S3 da linha de transmissão",Characidium interruptum,-22.3708,-41.7869,18,06,2021
BRAZIL,RJ,Campos dos Goytacazes,NPM,7921,"Brasil, RJ, Campos dos Goytacazes, Rio Imbé",Characidium litorale,-21.90333,-41.68945,06,08,2024
BRAZIL,RJ,Conceição de Macabu,NPM,2495,"Brasil, RJ, Conceição de Macabu. Córrego na Fazenda Sossego - Ponto 3",Characidium vidali,-22.19889,-41.84,26,05,2014
BRAZIL,RJ,Campos dos Goytacazes,NPM,7899,"Brasil, RJ, Campos dos Goytacazes, Rio Imbé",Characidium vidali,-21.80583,-41.62917,05,08,2024
Brazil,Rio Grande do Sul,Uruguaiana,UFRGS,23629,"arroio Ipané, 10 km da BR 482 na ponte João Peró.",Characidium zebra,-29.497917,-56.595361,09,07,2017
Brazil,Rio Grande do Sul,Guaíba,UFRGS,2365,"Passo dos carros, Guaiba.",Characidium rachovii,-30.113899,-51.325001,04,11,1979
Brazil,Rio Grande do Sul,Uruguaiana,UFRGS,23662,arroio Itapitocaí na estrada vicinal à BR 472 entre Uruguaiana e Barra do Quaraí.,Characidium occidentale,-29.822722,-57.088806,08,07,2017
Brazil,Rio Grande do Sul,Uruguaiana,UFRGS,23888,sanga tributária do rio Ibicuí na localidade de João Arregui.,Characidium occidentale,-29.474722,-56.673889,09,07,2017
Brazil,Rio Grande do Sul,Santiago,UFRGS,23971,"afluente do arroio Pilão de água, propriedade do Sr. Geraldo, Ibicuí.",Characidium pterostictum,-29.219722,-54.753056,26,03,2014
Brazil,Rio Grande do Sul,Jaguari,UFRGS,23972,"sanga de Areia, afluente do rio Jaguarizinho, Ibicuí.",Characidium pterostictum,-29.401667,-54.712778,29,03,2014
Brazil,Rio Grande do Sul,Jaguarão,UFRGS,23976,afluente do arroio Quilombo.,Characidium pterostictum,-32.2525,-53.395556,13,01,2014
Brazil,Rio Grande do Sul,Santana da Boa Vista,UFRGS,23978,"arroio Olaria- propriedade de João Pedro Fonseca, afl. Camaquã.",Characidium pterostictum,-30.823889,-53.194444,14,12,2013
Brazil,Rio Grande do Sul,Alegrete,UFRGS,23979,"arroio sem nome, estância são joão- propriedade de Sérgio Maciel, afluente rio Ibicuí.",Characidium pterostictum,-29.762778,-55.380556,27,10,2013
Brazil,Santa Catarina,Pirabeiraba,UFRGS,24329,"rio da Prata, afluente Lagoa Canal do Linguado, Cubatão Norte.",Characidium sp.,-26.176694,-48.954167,21,10,2017
Brazil,Santa Catarina,Corupá,UFRGS,24454,"confluência de dois riachos após a Granja na Rua Abílio Lumeli, Itapocu.",Characidium sp.,-26.434056000000002,-49.209556,21,10,2017
Brazil,Santa Catarina,Apiúna,UFRGS,24528,"ribeirão São Luiz na estrada geral Ribeirão São Luiz, vicinal a BR-470, afluente rio Itajaí.",Characidium pterostictum,-27.023139,-49.360917,15,12,2017
Brazil,Rio Grande do Sul,Arvorezinha,UFRGS,24584,rio Forqueta.,Characidium pterostictum,-28.861861,-52.306556,15,11,2017
Brazil,Rio Grande do Sul,Arvorezinha,UFRGS,24588,rio Forqueta.,Characidium pterostictum,-28.861861,-52.306556,15,11,2017
Brazil,Rio Grande do Sul,Arvorezinha,UFRGS,24613,"arroio Guabiroba, entre os municípios de Arvorezinha e Soledade.",Characidium pterostictum,-28.872083,-52.328083,16,11,2017
Brazil,Rio Grande do Sul,Arvorezinha,UFRGS,24622,arroio tributário do arroio Guabiroba.,Characidium pterostictum,-28.8465,-52.342278,16,11,2017
Brazil,Rio Grande do Sul,Arvorezinha,UFRGS,24626,"rio Forqueta, logo acima da RS-332.",Characidium pterostictum,-28.814667,-52.329528,16,11,2017
Brazil,Rio Grande do Sul,Arvorezinha,UFRGS,24653,rio Forqueta na ponte da gruta.,Characidium pterostictum,-28.922333,-52.265889,17,11,2017
Brazil,Rio Grande do Norte,NA,UFRGS,24659,rio Ceará-Mirim,Characidium bahiense,0,0,16,03,2002
Brazil,Rio Grande do Sul,São José do Norte,UFRGS,24681,arroio tributário da Barra Falsa da localidade de Bojuru.,Characidium rachovii,-31.605008,-51.42835,02,02,2018
Brazil,Paraná,Guaraqueçaba,UFRGS,24736,"riacho tributário do rio Serra Nova paralelo a estrada PR-405, afluente da Bacia de Paranaguá.",Characidium pterostictum,-25.167917,-48.370833,11,12,2017
Brazil,São Paulo,Barra do Turvo,UFRGS,24756,rio Turvo no bairro Córrego dos Micos.,Characidium pterostictum,-24.866944,-48.475278,12,12,2017
Brazil,Paraná,Guaraqueçaba,UFRGS,24757,"estrada vicinal a PR-405, afluente do rio Guaraqueçaba.",Characidium pterostictum,-25.157889,-48.228556,12,11,2017
Brazil,Paraná,Guaratuba,UFRGS,24821,tributário do rio São João na BR-101.,Characidium sp.,-25.965417,-48.828389,11,12,2017
Brazil,São Paulo,Itariri,UFRGS,24836,"rio das Pedras, tributário do rio do Azeite.",Characidium pterostictum,-24.331028,-47.185167,14,12,2017
Brazil,Santa Catarina,Garopaba,UFRGS,24842,"rio da Penha, próximo à cachoeira Encantada.",Characidium sp.,-28.025278,-48.725833,09,12,2017
Brazil,Rondônia,Porto Velho,UFRGS,24854,"montante do rio Jaci-Paraná, afluente do rio Madeira.",Characidium aff. zebra,-9.453056,-64.416111,NA,NA,NA
Brazil,Rio Grande do Sul,Santo Antônio,UFRGS,2488,"sanga entre Vila Cará e rio dos Sinos, afl. Lago Guaíba.",Characidium sp.,-29.783331,-50.416667,03,03,1983
Brazil,São Paulo,Juquiá,UFRGS,25010,rio Açuagui na localidade de Iporanga.,Characidium sp.,-24.104444,-47.653056,13,12,2017
Brazil,São Paulo,Iporanga,UFRGS,25024,"rio Iporanga, na saída do Município de Iporanga.",Characidium sp.,-24.579639,-48.591333,13,12,2017
Brazil,São Paulo,Iporanga,UFRGS,25032,"rio Betari no Bairro da Serra, fora do PETAR.",Characidium pterostictum,-24.550056,-48.681222,13,12,2017
Brazil,São Paulo,Juquiá,UFRGS,25038,"ponte na estrada de Manoel Gama, rio Juquiá.",Characidium lauroi,-24.138944,-47.643306,13,12,2017
Brazil,Paraná,Guaratuba,UFRGS,25057,ponte sob o rio Canavieiras na estrada da Limeira.,Characidium pterostictum,-25.70675,-48.753944,11,12,2017
Brazil,Paraná,Morretes,UFRGS,25115,"riacho na estrada da Graciosa, PR-410, afluente da Bacia de Paranaguá.",Characidium sp.,-25.41875,-48.825917,12,12,2017
Brazil,Paraná,Jaguariaíva,UFRGS,25163,rio Cinco Reis na foz Leoa Domada,Characidium sp.,-24.29125,-49.748056,11,10,2013
Brazil,Paraná,Antonina,UFRGS,25241,"rio São João na PR-410, afluente da Bacia de Paranaguá.",Characidium lanei,-25.381472,-48.864028,12,12,2017
Brazil,Santa Catarina,Joinville,UFRGS,25263,"rio Lindo na SC-301, sob ponte, afluente do rio Cubatão Norte.",Characidium pterostictum,-26.196917,-48.922083,10,12,2017
Brazil,Rio Grande do Sul,São Luiz Gonzaga,UFRGS,25385,"riacho Araçá, afluente do rio Ijuí, entre os municípios de S. L. Gonzaga e Rolador.",Characidium tenue,-28.220636,-54.949428,18,03,2016
Brazil,Rio Grande do Sul,São Luiz Gonzaga,UFRGS,25397,"riacho Araçá, afluente do rio Ijuí, entre os municípios de S. L. Gonzaga e Rolador.",Characidium tenue,-28.220636,-54.949428,21,05,2016
Brazil,Rio Grande do Sul,Ijuí,UFRGS,25427,"arroio Três Negrinhos, na localidade de Linha 3, afluente do rio Ijuí.",Characidium pterostictum,-28.431944,-53.970389,15,01,2016
Brazil,Pará,Capitão Poço,UFRGS,25516,"igarapé-açú, afl. Guamá.",Characidium sp.,-1.574389,-47.034333,02,02,2012
Brazil,Pará,Ourém,UFRGS,25517,"rio Guamá, afl. Guamá.",Characidium sp.,-1.567833,-47.031028,05,02,2012
Brazil,Rio Grande do Sul,Rio Grande,UFRGS,2558,"Estação Ecológica do Taim, canal novo do arroio Taim, junto à curva onde se afasta da BR471.",Characidium sp.,-32.616665,-52.566666,11,12,1979
Brazil,Rio Grande do Sul,Alegrete,UFRGS,25594,"arroio São João- propriedade de Arli Brandolti, afluente rio Ibicuí.",Characidium pterostictum,-29.779722,-55.414444,28,10,2013
Brazil,Rio Grande do Sul,Soledade,UFRGS,25596,arroio sem nome- propriedade de Maurício Brum,Characidium pterostictum,-28.868611,-52.479167,12,10,2013
Brazil,Rio Grande do Sul,Três Forquilhas,UFRGS,26315,rio Três Forquilhas em ponte de concreto.,Characidium pterostictum,-29.549028,-50.07025,12,12,2018
Brazil,Rio Grande do Sul,Caçapava do Sul,UFRGS,26447,"Pousada Bellamina, em Minas do Camaquã.",Characidium pterostictum,-30.898056,-53.426167,05,01,2019
Brazil,Santa Catarina,Indaial,UFRGS,26912,"ribeirão do Encano, no Camping do Tio João, tributário do rio Itajaí.",Characidium sp.,-26.998333,-49.19,14,02,2019
Brazil,Rio Grande do Sul,Quevedos,UFRGS,26967,"rio Toropi, PCH Quebra Dentes, ponto 02.",Characidium occidentale,0,-540019,11,04,2017
Brazil,Rio Grande do Sul,Candiota,UFRGS,26997,"tributário do rio Jaguarão, ponto 3 do monitoramento da ictiofauna UTE Pampa Sul.",Characidium orientale,-31.471667,-53.805,03,05,2016
Brazil,Rio Grande do Sul,Alegrete,UFRGS,27085,"na beira da estrada, logo à montante da ponte, paralelo à RS-377, afluente do rio Inhanduí, Ibicuí.",Characidium tenue,-29.91,-56.059167,12,03,2019
Brazil,Rio Grande do Sul,Alegrete,UFRGS,27111,"dentro da fazenda do Seu Alex, afluente do rio Inhanduí, Ibicuí.",Characidium tenue,-29.909722,-56.005,13,03,2019
Brazil,Rio Grande do Sul,Alegrete,UFRGS,27117,"dentro da Fazenda do seu Hermê, afluente rio Inhanduí, Ibicuí.",Characidium tenue,-29.883611,-55.984722,14,03,2019
Brazil,Rio Grande do Sul,Aceguá,UFRGS,27243,"riacho sem nome, na Estância São Luiz, afluente rio Negro.",Characidium cf. zebra,-31.552506,-54.145247,14,04,2019
Brazil,Rio Grande do Sul,Aceguá,UFRGS,27254,"riacho sem nome na Estância Cinco Salsos, afluente rio Negro.",Characidium cf. zebra,-31.644406,-54.203392,13,04,2019
Brazil,Rio Grande do Sul,Aceguá,UFRGS,27255,"riacho sem nome na Estância Cinco Salsos, afluente rio Negro.",Characidium tenue,-31.644406,-54.203392,13,04,2019
Brazil,Rio Grande do Sul,Aceguá,UFRGS,27285,"riacho sem nome, vizinho do seu Edson, afluente do rio Negro.",Characidium tenue,-31.5117,-54.096347,12,04,2019
Brazil,Tocantins,Araguatins,UFRGS,27556,"Rio Taquari, afl. margem direita do rio Araguaia",Characidium sp.,-5.621667,-48.0625,29,09,2010
Brazil,Tocantins,Ananás,UFRGS,27618,"Ribeirão Curicacas, afluente da margem direita do rio Araguaia.",Characidium sp.,-6.158333,-48.2725,07,05,2010
Brazil,Rio Grande do Sul,Itati,UFRGS,28581,rio Três Forquilhas.,Characidium pterostictum,-29.549083,-50.070083,11,11,2020
Brazil,Pará,Marabá,UFRGS,28684,"rio Freicheiras, afluente da margem direita do rio Tocantins.",Characidium sp.,-5.236667,-48.998333,19,09,2010
Brazil,Rio Grande do Sul,Eldorado do Sul,UFRGS,28755,Estação Experimental Agronômica da UFRGS,Characidium tenue,-30.100556,-51.694778,23,11,2018
Brazil,Rondônia,Porto Velho,UFRGS,28796,"montante do rio Jaci-Paraná, afluente do rio Madeira.",Characidium aff. zebra,-9.453056,-64.416111,NA,08,2018
Brazil,Rio Grande do Sul,Rio Grande,UFRGS,288,"Estação Ecológica do Taim, estrada do Albardão, afl. Mirim.",Characidium sp.,-32.61665,-52.566656,04,07,1976
Brazil,Santa Catarina,São Francisco do Sul,UFRGS,28988,riacho 23 no distrito do Saí,Characidium pterostictum,-26.243299,-48.6381,27,11,2020
Brazil,Rio Grande do Sul,Rio Grande,UFRGS,290,"Estação Ecológica do Taim, casa de bombas do DNOS",Characidium sp.,-32.616665,-52.566666,05,07,1976
Brazil,Rondônia,Porto Velho,UFRGS,29077,"montante do rio Jaci-Paraná, afluente do rio Madeira.",Characidium pteroides,-9.453056,-64.416111,27,10,2014
Brazil,Pará,Marabá,UFRGS,29228,"rio Taurizinho, a montante do futuro barramento da AHE Marabá.",Characidium sp.,-5.377778,-49.015,16,09,2010
Brazil,Rio Grande do Sul,Cidreira,UFRGS,29289,"Lagoa Manoel Nunes, margem nordeste",Characidium zebra,-30.089159,-50.21091,15,12,2022
Brazil,Rio Grande do Sul,Cidreira,UFRGS,29371,Canal que deságua no canal de ligação entre as lagoas Manoel Nunes e Gentil,Characidium aff. zebra,-30.080814,-50.212766,09,03,2023
Brazil,Rio Grande do Sul,Saldanha Marinho,UFRGS,29417,rio Pinheirinho,Characidium pterostictum,-28.393889,-53.053889,05,01,2023
Brazil,Rio Grande do Sul,Barra do Guarita,UFRGS,29418,Rio Guarita,Characidium aff. zebra,-27.197778,-53.705556,04,01,2023
Brazil,Rio Grande do Sul,Taquara,UFRGS,29479,rio da Ilha.,Characidium pterostictum,-29.59125,-50.693861,25,08,2022
Brazil,Rio Grande do Sul,Bagé,UFRGS,29531,rio Camaquã,Characidium pterostictum,-31.079639,-53.899569,24,02,2016
Brazil,Rio Grande do Sul,Rio Grande,UFRGS,297,"Estação Ecológica do Taim, arroio Taim, afl. Mirim.",Characidium sp.,-32.483336,-52.583322,07,07,1976
Brazil,Rio Grande do Sul,Três Forquilhas,UFRGS,2988,charco à direita do rio Maquiné.,Characidium sp.,-29.5369,-50.0644,20,08,1983
Brazil,Rio Grande do Sul,Barra do Ribeiro,UFRGS,29924,arroio Ribeiro próximo à ponte de Madeira na cidade,Characidium zebra,-30.298261,-51.309022,05,08,2023
Brazil,Rio Grande do Sul,Quaraí,UFRGS,20594,"arroio sem nome- estância Charrua da GAP, afl. Ibirapuitã.",Characidium zebra,-30.282778,-55.970833,25,10,2013
Brazil,Rio Grande do Sul,São Gabriel,UFRGS,20595,"sanga do Lajeado, propriedade de José.",Characidium zebra,-30.0925,-54.305,17,02,2014
Brazil,Rio Grande do Sul,Quaraí,UFRGS,20596,"arroio Pai-Passo- propriedade de Elizabeth Peres, Ibirapuitã.",Characidium zebra,-30.304167,-55.925833,23,10,2013
Brazil,Rio Grande do Sul,Santana do Livramento,UFRGS,20597,"arroio Capivara, afluente da sanga da Divisa, Ibicuí.",Characidium zebra,-30.995,-55.403333,14,05,2014
Brazil,Rio Grande do Sul,Santana do Livramento,UFRGS,20600,"tributário do arroio Capivara, afl. Ibicuí.",Characidium zebra,-31.001667,-55.326111,14,05,2014
Brazil,Santa Catarina,Joinville,UFRGS,20769,"rio Lindo na SC-301 embaixo da ponte, Cubatão Norte",Characidium pterostictum,-26.196944,-48.922222,04,08,2015
Brazil,Santa Catarina,Praia Grande,UFRGS,20855,estrada de chão que vai para o canion Malacara na localidade de Vila Rosa,Characidium pterostictum,-29.170556,-49.979722,14,08,2015
Brazil,Santa Catarina,Antônio Carlos,UFRGS,20925,"rio Rachadel e pequeno riacho tributário, localidade de Guiomar, propriedade de Paulo Lopes, afl. Biguaçu.",Characidium sp.,-27.495278,-48.7825,02,08,2015
Brazil,Santa Catarina,Nova Trento,UFRGS,20955,"rio Mesquita, na estrada entre Nova Trento e Aguti, bairro Salto, afl. Tijucas.",Characidium sp.,-27.294444,-48.974167,03,08,2015
Brazil,São Paulo,Pariquera - açú,UFRGS,20979,"riacho na ponte da rodovia José Padovam Neto, entre Pariquera-açu e a BR-116",Characidium pterostictum,-24.693889,-47.890278,06,08,2015
Brazil,Santa Catarina,Antônio Carlos,UFRGS,20994,tributário do rio Rachadel - localidade de Guiomar,Characidium sp.,-27.4925,-48.786389,02,07,2015
Brazil,Santa Catarina,Massaranduba,UFRGS,21023,riacho na estrada de chão entre Luiz Alves e Massaranduba - riacho de cabeceira.,Characidium sp.,-26.6025,-48.941667,04,08,2015
Brazil,São Paulo,Juquiá,UFRGS,21038,"riacho na estrada SP-079 entre Juquiá e Tapirai, aprox. 8km N de Juquiá.",Characidium pterostictum,-24.253333,-47.62,06,08,2015
Brazil,Rio Grande do Sul,Itati,UFRGS,21069,riacho tributário ao rio Três Pinheiras na estrada vicinal entre a RS-486 e Três Pinheiros,Characidium pterostictum,-29.539167,-50.113889,11,08,2015
Brazil,Santa Catarina,Mãe dos Homens,UFRGS,21174,"arroio do Facão, estrda Praia Grande - Mãe dos Homens",Characidium sp.,-29.237778,-50.046944,20,02,2015
Brazil,Rio Grande do Sul,Jari,UFRGS,21256,"tributário do arroio Sampaio, Ibicuí.",Characidium occidentale,-29.293889,-54.034167,11,03,2014
Brazil,Rio Grande do Sul,Santana do Livramento,UFRGS,21258,"arroio Capivara, afluente da sanga da Divisa, Ibicuí.",Characidium occidentale,-30.995,-55.403333,14,05,2014
Brazil,Rio Grande do Sul,Rio Grande,UFRGS,2126,"Estação Ecológica do Taim, canal lateral, banhado do Taim.",Characidium rachovii,-32.035,-52.098598,15,02,1979
Brazil,Rio Grande do Sul,Lavras do Sul,UFRGS,21260,"afluente do rio Santo Antônio, Ibicuí.",Characidium occidentale,-30.791667,-54.398889,13,04,2014
Brazil,Rio Grande do Sul,Santo Antônio das Missões,UFRGS,21262,riacho sem nome - propriedade de Carlos Pimenta.,Characidium occidentale,-28.5525,-55.437222,27,11,2013
Brazil,Rio Grande do Sul,Lavras do Sul,UFRGS,21264,"arroio Santo Antônio, propriedade de Torquato Petraca, afluente rio Ibicuí.",Characidium occidentale,-30.800833,-54.414444,14,04,2014
Brazil,Rio Grande do Sul,Santo Antônio das Missões,UFRGS,21266,"riacho sem nome, propriedade de José Nilton Moraes.",Characidium occidentale,-28.515,-55.469722,28,11,2013
Brazil,Rio Grande do Sul,Manoel Viana,UFRGS,21461,Rio Itu na barragem desativada na RS-176.,Characidium zebra,-29.199333,-55.480444,02,02,2016
Brazil,Mato Grosso,Poconé,UFRGS,2149,"rio Bento Gomes, afluente do rio Paraguay, Sudoeste de Poconé.",Characidium sp.,-16.233336,-56.61665,21,12,1980
Brazil,Rio Grande do Sul,Rio Grande,UFRGS,2162,"Estação Ecológica do Taim, canal paralelo ao lado direito da BR 471, paralelo ao início do arroio Taim",Characidium rachovii,-32.035,-52.098598,07,07,1979
Brazil,Amazonas,Carauari,UFRGS,21771,"igarapé Cochimbo, tributário do Bavana Branco, afl. Jurua.",Characidium pteroides,-5.165833,-67.272222,16,06,2008
Brazil,Rio Grande do Sul,Três Cachoeiras,UFRGS,21905,Rio da Terra.,Characidium pterostictum,-29.448556,-49.96125,30,04,2016
Brazil,Mato Grosso,Vila Bela da Santíssima Trindade,UFRGS,21950,"MT 119, entre Vila Bela da Santíssima Trindade e Casalvasco.",Characidium sp.,-15.179417,-59.989528,03,02,2010
Brazil,Rio Grande do Sul,Bagé,UFRGS,22138,"arroio Igrejinha, afluente do Rio Negro.",Characidium zebra,-31.431667,-54.250278,17,03,2016
Brazil,Paraná,Jaguariaíva,UFRGS,22216,rio Cilada- ponte na beira da BR 151,Characidium sp.,-24.332667,-49.790833,11,10,2013
Brazil,Rio Grande do Sul,Aceguá,UFRGS,22234,"arroio Minuano II, na ponte sobre a BR-153, tributário do Rio Jaguarão.",Characidium orientale,-31.798278,-54.156611,17,03,2016
Brazil,Pará,Palestina do Pará,UFRGS,22307,"igarapé Saranzal, afll. marge esquerda do rio Araguaia",Characidium sp.,-5.854444,-48.352222,01,10,2010
Brazil,Rio Grande do Sul,Viamão,UFRGS,22352,arroio tributário do rio Gravataí em estrada vicinal a RS-040.,Characidium tenue,-30.064306,-50.907778,30,08,2016
Brazil,Rio Grande do Sul,Rio Grande,UFRGS,2258,"Estação Ecológica do Taim, arroio próximo a Trevo Sul (Nilton Esquerdo), afl. Lagoa Mirim.",Characidium rachovii,-32.483336,-52.650014,13,12,1979
Brazil,Rio Grande do Sul,Rio Grande,UFRGS,2259,"Estação Ecológica do Taim, canal da Luschinger Madorim",Characidium rachovii,-32.035,-52.098598,13,12,1979
Brazil,Rio Grande do Sul,Rio Grande,UFRGS,2261,"Estação Ecológica do Taim, canal ao Sul da casa de bombas (DNOS)",Characidium rachovii,-32.035,-52.098598,10,12,1979
Brazil,Rio Grande do Sul,Rio Grande,UFRGS,2265,"Estação Ecológica do Taim, canal paralelo à BR 471 (lado esquerdo) sentido Pelotas-Chuí",Characidium rachovii,-32.916668,-52.75,21,04,1979
Brazil,Rio Grande do Sul,Taim,UFRGS,2266,"Canal paralelo a BR 471, próximo a casa de Bombas. Est. Ecol. do Taim.",Characidium rachovii,0,0,21,04,1979
Brazil,Rio Grande do Sul,Rio Grande,UFRGS,2267,"Estação Ecológica do Taim, Mirim.",Characidium rachovii,-32.61665,-52.566656,08,08,1981
Brazil,Rio Grande do Sul,Rio Grande,UFRGS,2268,"Estação Ecológica do Taim, Mirim.",Characidium rachovii,-32.61665,-52.566656,06,01,1979
Brazil,Rio Grande do Sul,Unistalda,UFRGS,22734,"afluente do arroio Porteirinha, bacia do rio Ibicuí",Characidium pterostictum,-29.063889,-55.086111,27,03,2014
Brazil,Rio Grande do Sul,Santana do Livramento,UFRGS,22736,"afluente do Salso, Ibicuí da Faxina, afluente rio Ibicuí.",Characidium pterostictum,-30.846667,-55.409167,15,05,2014
Brazil,Rio Grande do Sul,Quaraí,UFRGS,22740,"arroio Pai-Passo- propriedade de Elizabeth Peres, Ibirapuitã.",Characidium pterostictum,-30.304167,-55.925833,23,10,2013
Brazil,Rio Grande do Sul,Jari,UFRGS,22743,"tributário do arroio Sampaio, Ibicuí.",Characidium pterostictum,-29.293889,-54.034167,11,03,2014
Brazil,Rio Grande do Sul,Bagé,UFRGS,23266,"afluente do arroio Quebrado, Rio Negro.",Characidium occidentale,-31.299128,-53.935972,12,03,2015
Brazil,Rio Grande do Sul,Uruguaiana,UFRGS,23415,arroio Itapitocaí na BR 472 entre Uruguaiana e Barra do Quaraí.,Characidium tenue,-29.884083,-57.11575,08,07,2017
Brazil,Rio Grande do Sul,Uruguaiana,UFRGS,23448,arroio Itapitocaí na BR 472 entre Uruguaiana e Barra do Quaraí.,Characidium zebra,-29.884083,-57.11575,08,07,2017
Brazil,Rio Grande do Sul,Uruguaiana,UFRGS,23451,arroio Itapitocaí na BR 472 entre Uruguaiana e Barra do Quaraí.,Characidium occidentale,-29.884083,-57.11575,08,07,2017
Brazil,Rio Grande do Sul,Arroio dos Ratos,UFRGS,2352,"Arroio dos Ratos, Balneário.",Characidium rachovii,-30.0772,-51.729198,29,08,1981
Brazil,Rio Grande do Sul,Quaraí,UFRGS,23528,"arroio Camoatim (Caiboaté), afluente do rio Quaraí.",Characidium zebra,-29.958611,-56.785,18,12,2014
Brazil,Rio Grande do Sul,Bagé,UFRGS,23537,"afluente do arroio Quebrado, Rio Negro.",Characidium pterostictum,-31.299128,-53.935972,12,03,2015
Brazil,Rio Grande do Sul,Jaguarão,UFRGS,23540,arroio tributário do rio Jaguarão.,Characidium orientale,-32.326944,-53.258333,29,11,2014
Brazil,Rio Grande do Sul,Bagé,UFRGS,23573,"Rio Negro,a montante da ponte na BR 293, Rio Negro.",Characidium pterostictum,-31.390224,-53.848245,12,03,2015
Brazil,Rio Grande do Sul,Quaraí,UFRGS,23576,"arroio Camoatim (Caiboaté), afluente do rio Quaraí.",Characidium zebra,-29.958611,-56.785,18,12,2014
Brazil,Rio Grande do Sul,Quaraí,UFRGS,23577,"arroio Camoatim (Caiboaté), afluente do rio Quaraí.",Characidium occidentale,-29.958611,-56.785,18,12,2014
Brazil,Rio Grande do Sul,Piratini,UFRGS,23578,afluente do arroio Guara.,Characidium pterostictum,-31.288889,-53.095,03,10,2014
Brazil,Rio Grande do Sul,Quaraí,UFRGS,23579,"arroio Salsal, tributário do arroio Areal, rio Quaraí.",Characidium tenue,-30.423333,-56.266111,17,12,2014
Brazil,Rio Grande do Sul,Quaraí,UFRGS,23580,"arroio Areal, tributário do rio Quaraí.",Characidium tenue,-30.432222,-56.312222,16,12,2014
Brazil,Rio Grande do Sul,Cachoeira do Sul,UFRGS,1716,"poça à margem da estrada para a porteira 7, próximo à ponte sobre o rio S. Nicolau.",Characidium sp.,-30.0392,-52.893902,10,04,1982
Brazil,Santa Catarina,Paulo Lopes,UFRGS,1718,"rio Cova Triste, BR 101, Km 260.",Characidium sp.,-27.9617,-48.683601,04,10,1978
Brazil,Santa Catarina,Praia Grande,UFRGS,17218,"rio do Boi, próx. a guarita rio do boi no PNAS",Characidium pterostictum,-29.202083,-50.0505,01,12,2012
Brazil,Rio Grande do Sul,Pinheiro Machado,UFRGS,17283,arroio afluente do arroio Banhado Grande,Characidium orientale,-31.385722,-53.320111,08,01,2013
Brazil,Rio Grande do Sul,Pinheiro Machado,UFRGS,17284,arroio afluente do arroio Banhado Grande,Characidium pterostictum,-31.385722,-53.320111,08,01,2013
Brazil,Alagoas,São Sebastião,UFRGS,17306,"rio Perucaba, na BR 101 junto a ponte.",Characidium bahiense,-9.97625,-36.558056,03,09,2012
Brazil,Rio Grande do Sul,Capão da Canoa,UFRGS,17713,"arroio afluente lagoa dos Quadros- estrada de ligação BR101- estrada do mar, entre quadros e itapeva. RS486",Characidium aff. zebra,-29.666233,-50.03155,03,04,2013
Brazil,Rio Grande do Sul,Capão da Canoa,UFRGS,17763,"margem da lagoa dos Quadros, próx. a RS 486.",Characidium gr. zebra,-29.687992,-50.018528,04,12,2012
Brazil,Rio Grande do Sul,Três Forquilhas,UFRGS,17764,"sítio do ''nene'', próx. da ponte sobre o rio Maquiné",Characidium gr. zebra,-29.694194,-50.185333,01,06,2013
Brazil,Rio Grande do Sul,Tapera,UFRGS,17826,"riacho da Paz, localizado na Vila Paz",Characidium pterostictum,-28.715917,-52.844917,19,04,2013
Brazil,Rio Grande do Sul,Três Forquilhas,UFRGS,17935,rio Três Forquilhas.,Characidium pterostictum,-29.541056,-50.08,22,02,2012
Brazil,Rio Grande do Sul,Três Forquilhas,UFRGS,17996,ponte passando o camping municipal,Characidium pterostictum,-29.647917,-50.217722,30,05,2013
Brazil,Rio Grande do Sul,Panambi,UFRGS,18240,montante da PCH rio Palmeira,Characidium pterostictum,-28.243056,-53.553333,28,06,2012
Brazil,São Paulo,Apiaí,UFRGS,18311,arroio sem nome- afluente do Iporanga na BR 476,Characidium schubarti,-24.411944,-48.657222,11,10,2013
Brazil,São Paulo,Apiaí,UFRGS,18314,"arroio sem nome, afluente do rio Iporanga- estrada vicinal saindo da BR 476 indo para uma mineradora desativada",Characidium schubarti,-24.393667,-48.632639,11,10,2013
Brazil,Rio Grande do Sul,Rio Grande,UFRGS,1846,"Estação Ecológica do Taim, ponte na estrada do Albardão, arroio da Estiva",Characidium rachovii,-32.035,-52.098598,10,12,1979
Brazil,Rio Grande do Sul,Três Forquilhas,UFRGS,18462,"RS-484, ponte sobre a estrada, afl. do Maquiné.",Characidium pterostictum,-29.668889,-50.206667,29,01,2014
Brazil,Rio Grande do Sul,Rio Grande,UFRGS,1850,"Estação Ecológica do Taim, Km 115 da BR 471, canal em fundo cego, lado esquerdo no sentido Rio Grande-Chuí",Characidium rachovii,-32.035,-52.098598,10,07,1979
Brazil,Rio Grande do Sul,Rio Grande,UFRGS,1851,"Estação Ecológica do Taim, Km 114,5 da BR 471, canal à esquerda no sentido Rio Grande-Chuí",Characidium rachovii,-32.035,-52.098598,04,01,1979
Brazil,Rio Grande do Sul,Rio Grande,UFRGS,1852,"Estação Ecológica do Taim, canal paralelo a BR471, km 114,5, afl. Mirim.",Characidium rachovii,-32.916667,-52.75,11,12,1979
Brazil,Rio Grande do Sul,Rio Grande,UFRGS,1853,"Estação Ecológica do Taim, canal a esquerda da BR 471 (Rio Grande - Chuí), junto a casa de Bombas",Characidium rachovii,-32.616665,-52.566666,08,07,1979
Brazil,Santa Catarina,São João Batista,UFRGS,18544,"pequeno tributário do rio Tijucas, na estrada vicinal à SC-411, entre São João Batista e Canelinha.",Characidium sp.,-27.266667,-48.820833,10,12,2013
Brazil,Rio Grande do Sul,Rio Grande,UFRGS,1855,"Estação Ecológica do Taim, banhado lateral do arroio Taim, antes das Dunas, Lagoa Mirim.",Characidium rachovii,-32.616664,-52.566664,05,01,1979
Brazil,Paraná,Morretes,UFRGS,18563,"rio Inhundiaquara, acima de morretes, Recanto Itália",Characidium pterostictum,-25.458056,-48.834722,13,12,2013
Brazil,São Paulo,Iporanga,UFRGS,18567,"rio Betari, abaixo de Bairro da Serra, na estrada para Iporanga",Characidium sp.,-24.558333,-48.673056,14,12,2013
Brazil,Rio Grande do Sul,Rio Grande,UFRGS,1857,"Estação Ecológica do Taim, margem sudeste da lagoa das Flores",Characidium rachovii,-32.035,-52.098598,05,10,1980
Brazil,Rio Grande do Sul,Rio Grande,UFRGS,1859,"Estação Ecológica do Taim, canal novo do arroio Taim, Mirim.",Characidium rachovii,-32.61665,-52.566656,07,07,1979
Brazil,Rio Grande do Sul,Rio Grande,UFRGS,1863,"Estação Ecológica do Taim, lado Oeste da fazenda Caçapava, campo inundado",Characidium rachovii,-32.035,-52.098598,09,07,1979
Brazil,Rio Grande do Sul,Rio Grande,UFRGS,1864,"Estação Ecológica do Taim, arroio próximo à lagoa Mangueira, Fazenda Sta. Marta, Lagoa Mirim.",Characidium rachovii,-32.833331,-52.65,10,12,1979
Brazil,Paraná,Guaraqueçaba,UFRGS,18666,rio Tagaçaba e pequeno riacho tributário na localidade de Tagaçaba,Characidium sp.,-25.221389,-48.458333,13,12,2013
Brazil,Paraná,Antonina,UFRGS,18673,"rio 1 de fevereiro, entre Antonina e Guaraqueçaba, próx. ao entroncamento entre a estrada PR-405 e PR-340.",Characidium sp.,-25.309167,-48.744722,13,12,2013
Brazil,São Paulo,Sete Barras,UFRGS,18682,"rio Ipiranga, entre Sete Barras e Juquiá",Characidium sp.,-24.316111,-47.853611,14,12,2014
Brazil,São Paulo,Peruíbe,UFRGS,18708,pequeno riacho na estrada do Matão em direção ao rio Bananal.,Characidium sp.,-24.195833,-46.994444,15,12,2013
Brazil,Rio de Janeiro,Parati,UFRGS,18790,"rio Taquari, em balneário no final da estrada de Taquari.",Characidium sp.,-23.041389,-44.6925,08,01,2014
Brazil,Rio de Janeiro,Cachoeiras de Macacu,UFRGS,18829,"rio Macacu em estrada vicinal na altura do posto de pedágio, na estrada entre Cachoeiras de Macacu e Nova Friburgo",Characidium vidali,-22.418889,-42.621667,09,01,2014
Brazil,Rio de Janeiro,Silva Jardim,UFRGS,18882,"rio Pirineus, na estrada vicinal à RJ-140",Characidium sp.,-22.507222,-42.48675,10,01,2014
Brazil,Espírito Santo,Vargem Alta,UFRGS,18936,"rio Novo, na estrada vicinal à estrada ES-375, entre Vargem Alta e Iconha",Characidium sp.,-20.66,-40.965278,12,01,2014
Brazil,Espírito Santo,Pedro Canario,UFRGS,19025,córrego na estrada entre Pedro Canário e Itaúnas,Characidium sp.,-18.307778,-39.919167,14,01,2014
Brazil,Mato Grosso,Chapada dos Guimarães,UFRGS,19288,"rio Claro, na MT251, junto a ponte, estrada que corta o Parque Nacional da Chapada dos Guimarães",Characidium sp.,-15.33675,-55.895806,20,02,2013
Brazil,Rio de Janeiro,Conceição de Macabu,UFRGS,19611,"rio Aduelas, locality formely named as ""Socego"", bacia do rio Macaé.",Characidium alipioi,-22.198917,-41.839972,26,05,2014
Brazil,Rio Grande do Sul,Santo Antônio das Missões,UFRGS,19644,"riacho sem nome, propriedade de José Nilton Moraes.",Characidium tenue,-28.515,-55.469722,28,11,2013
Brazil,Rio Grande do Sul,Santana da Boa Vista,UFRGS,19866,"afluente do arroio das Neves- propriedade de Jader Pires, afl. Camaquã.",Characidium orientale,-30.854722,-53.227222,13,12,2013
Brazil,Bahia,Jandaíra,UFRGS,20017,"rio Real na BR 101 junto a ponte, na divisa BA/SE Km0",Characidium bahiense,-11.520028,-37.800694,04,09,2012
Brazil,Bahia,Entre Rios,UFRGS,20023,"rio Inhambupe na BR 101 junto a ponte; Km 58 BA, Inhambupe/ Recôncavo Norte.",Characidium bahiense,-11.925778,-38.0495,05,09,2012
Brazil,Sergipe,Umbauba,UFRGS,20024,"rio Itamirim na BR 101 junto a ponte, Km 189 SE",Characidium bahiense,-11.416639,-37.702944,04,09,2012
Brazil,Rio Grande do Sul,Santo Antônio da Patrulha,UFRGS,2006,"sanga entre Free-Way e Santo Antônio da Patrulha, afl. Guaíba.",Characidium sp.,-29.866667,-50.583322,03,03,1983
Brazil,Rio Grande do Sul,Santo Antônio da Patrulha,UFRGS,2008,"sanga entre Free-Way e Santo Antônio da Patrulha, afl. Guaíba.",Characidium sp.,-29.866667,-50.583322,03,03,1983
Brazil,São Paulo,Cunha,UFRGS,20109,córrego Jacuí,Characidium sp.,-23.045278,-44.936111,25,06,2005
Brazil,Rio Grande do Norte,NA,UFRGS,20125,rio Ceará Mirim,Characidium bimaculatum,-5.629722,-35.619167,NA,NA,NA
Brazil,Rio Grande do Sul,São Nicolau,UFRGS,20181,ponte na estada entre São Nicolau- Passo do Conde,Characidium occidentale,-28.238333,-55.261667,17,05,2015
Brazil,Rio Grande do Sul,Uruguaiana,UFRGS,20216,barragem Sanchuri,Characidium zebra,-29.547222,-56.826389,14,05,2015
Brazil,Rio Grande do Sul,Uruguaiana,UFRGS,20265,"rio Ibicui, acesso entre BR472 e ''prainha'', açudes pequenos",Characidium zebra,-29.410833,-56.6725,15,05,2015
Brazil,Rio Grande do Sul,Uruguaiana,UFRGS,20305,"arroio Mutui, BR472, entre Uruguaiana e Itaqui",Characidium zebra,-29.001389,-56.176944,15,05,2015
Brazil,Rio Grande do Sul,São Borja,UFRGS,20329,"estrada entre Nhu-porã e Itacurubi, rio Icamaquã, perto da ponte ~20km de Nhu-porã",Characidium zebra,-28.743611,-55.703333,15,05,2015
Brazil,Santa Catarina,Santo Amaro da Imperatriz,UFRGS,20437,"riacho no bairro São Sebastião, Cubatão Sul.",Characidium sp.,-27.698333,-48.726944,01,09,2015
Brazil,Rio Grande do Sul,Três Forquilhas,UFRGS,3237,"arroio sobre a 1ª Ponte, estrada 3 Forquilhas-Tainhas.",Characidium sp.,-29.5369,-50.0644,20,08,1983
Brazil,Rio Grande do Sul,Bagé,UFRGS,3810,"arroio Candiota, afluente do rio Jaguarao.",Characidium orientale,-31.3314,-54.106899,05,12,1987
Brazil,Rio Grande do Sul,Bagé,UFRGS,3811,"arroio Poacá, braço Sul, afluente do arroio Candiota.",Characidium orientale,-31.3314,-54.106899,05,12,1987
Brazil,Rio Grande do Sul,Bagé,UFRGS,3812,"arroio Candiota, afluente do rio Jaguaräo.",Characidium orientale,-31.616667,-53.683334,21,08,1987
Brazil,Rio Grande do Sul,Bagé,UFRGS,3813,prainha da represa do arroio Candiota.,Characidium sp.,-31.3314,-54.106899,22,08,1987
Brazil,Rio Grande do Sul,Mata,UFRGS,3816,lagoa próxima a margem esquerda do rio Toropi.,Characidium rachovii,-29.533328,-54.316656,11,05,1987
Brazil,Rio Grande do Sul,NA,UFRGS,3818,"afluente do rio Quaraí, RS 210, Km 10.",Characidium pterostictum,-30.75,-56.083322,08,08,1986
Brazil,Rio Grande do Sul,Tenente Portela,UFRGS,3819,"arroio Parizinho sob a ponte, +/- 3Km de Ten. Portela, estrada Barra da Guarita-Ten. Portela.",Characidium pterostictum,-27.366667,-53.766666,08,08,1986
Brazil,Rio Grande do Sul,Alegrete,UFRGS,3822,"afluente do aroio Ibirocaí- com BR 290, divisa com Uruguaiana.",Characidium rachovii,-29.916666,-56.316666,12,11,1987
Brazil,Rio Grande do Sul,Osório,UFRGS,3862,"lagoa dos Barros, 2ª ponte da BR 101, da freeway p/ Capivari.",Characidium zebra,-29.883333,-50.299992,12,11,1988
Brazil,Rio Grande do Sul,Torres,UFRGS,3863,"lagoa Itapeva, extremo Norte, na estrada para praia da Riviera.",Characidium zebra,-29.383333,-49.833322,13,11,1988
Brazil,Rio Grande do Sul,Bagé,UFRGS,3908,"arroio Candiota, ponte da estrada que liga a vila Operária a Candiota II.",Characidium orientale,-31.616667,-53.683334,07,03,1988
Brazil,Rio Grande do Sul,Osório,UFRGS,3933,lagoa Emboaba,Characidium zebra,-29.950008,-50.216672,07,04,1989
Brazil,Rio Grande do Sul,Tramandaí,UFRGS,4029,banhados a leste da lagoa das Pombas.,Characidium zebra,-29.983336,-50.13335,21,05,1989
Brazil,Rio Grande do Sul,Tapes,UFRGS,4184,"Braço esquerdo do arroio Velhaco, a 38 Km da foz.",Characidium tenue,-30.649997,-51.700008,20,11,1985
Brazil,Rio Grande do Sul,Tapes,UFRGS,4198,"Arroio Velhaco, a 9 Km da foz.",Characidium tenue,-30.816675,-51.533328,12,09,1985
Brazil,Rio Grande do Sul,Tapes,UFRGS,4203,"Arroio Velhaco, braço esquerdo do Arroio a 38 Km da foz.",Characidium tenue,-30.649997,-51.700008,13,09,1985
Brazil,Rio Grande do Sul,Tapes,UFRGS,4209,"Arroio Velhaco, a 9 Km da foz, divisa com Camaqua.",Characidium tenue,-30.816668,-51.533333,20,11,1985
Brazil,Rio Grande do Sul,Camaquã,UFRGS,4217,Braço direito do arroio Velhaco a 39 Km da foz.,Characidium tenue,-30.666661,-51.75,20,02,1985
Brazil,Rio Grande do Sul,Porto Alegre,UFRGS,4341,Belém Novo,Characidium zebra,-30.0331,-51.23,27,01,1986
Brazil,Rio Grande do Sul,Terra de Areia,UFRGS,4442,"rio Três Forquilhas, Itati, Terra de Areia.",Characidium pterostictum,-29.483333,-50.099997,30,03,1990
Brazil,Rio Grande do Sul,Tramandaí,UFRGS,4459,lagoa Emboaba,Characidium zebra,-29.950008,-50.216672,17,01,1990
Brazil,Rio Grande do Sul,Três Forquilhas,UFRGS,4479,"rio Maquiné e arroio do Ouro, entre Maquiné e Barra do Ouro.",Characidium pterostictum,-29.576397,-50.275778,19,11,1990
Brazil,Rio Grande do Sul,Três Forquilhas,UFRGS,4981,arroio Água Parada,Characidium pterostictum,-29.662219,-50.212231,25,01,2001
Brazil,Rio Grande do Sul,Três Forquilhas,UFRGS,5007,arroio do Ouro,Characidium pterostictum,-29.5369,-50.0644,25,01,2001
Brazil,Rio Grande do Sul,Cambará do Sul,UFRGS,5139,Rio Santana,Characidium orientale,-28.960275,-50.050833,01,04,2001
Brazil,Rio Grande do Sul,Jaquirana,UFRGS,5140,"rio da Antas, RS 020",Characidium orientale,-28.798334,-50.429443,31,03,2001
Brazil,Rio Grande do Sul,Cacequi,UFRGS,5237,"ponte sobre o rio Ibicuí Mirim, na estrada Cacequi - São Vicente",Characidium zebra,-29.837222,-54.798053,10,07,2001
Brazil,Rio Grande do Sul,Rosário do Sul,UFRGS,5257,"rio Ibicuí da Faxina, entre Santana do Livramento e Rosário do Sul",Characidium sp.,-30.789439,-55.211375,21,09,2001
Brazil,Rio Grande do Sul,Rosário do Sul,UFRGS,5262,"rio Ibicuí da Faxina, entre Santana do Livramento e Rosário do Sul",Characidium zebra,-30.258301,-54.9142,12,06,2001
Brazil,Rio Grande do Sul,Rosário do Sul,UFRGS,5271,arroio do Salso,Characidium tenue,-30.374164,-55.034997,11,05,2001
Brazil,Rio Grande do Sul,São Vicente,UFRGS,5276,rio Ibicuí na divisa dos municípios de Cacequi e São Vicente,Characidium tenue,-29.837231,-54.798036,07,04,2001
Brazil,Rio Grande do Sul,Rosário do Sul,UFRGS,5347,"rio Ibicuí da Faxina, entre Santana do Livramento e Rosário do Sul",Characidium cf. zebra,-30.789442,-55.211386,20,12,2001
Brazil,Rio Grande do Sul,Barra do Ribeiro,UFRGS,5601,arroio Ribeiro,Characidium cf. zebra,-30.383055,-51.433056,16,10,1985
Brazil,Rio Grande do Sul,Carazinho,UFRGS,5833,"rio Jacuí-Mirim na área do futuro reservatório da PCH Maquinista Severo, junto à foz do arroio Pinheirinho",Characidium pterostictum,-28.255,-53.121944,16,04,2003
Brazil,Rio Grande do Sul,Condor,UFRGS,5933,"rio Alegre, afluente do rio Palmeira, afluente do rio Ijuí.",Characidium pterostictum,-28.216667,-53.466667,02,11,2002
Brazil,Rio Grande do Sul,Itati,UFRGS,6298,"arroio Carvalho, afluente do rio Três Forquilhas, na rota-do-sol (RST453/RS486) entre Itati - Aratinga",Characidium pterostictum,-24.388892,-50.184728,26,08,2003
Brazil,Rio Grande do Sul,Terra de Areia,UFRGS,6318,"arroio que corta a Reserva Biológica da Mata Paludosa, a montante da rota-do-sol",Characidium pterostictum,-29.511194,-50.108028,27,08,2002
Brazil,Rio Grande do Sul,Rosário do Sul/Alegrete,UFRGS,6787,"sanga na margem da BR290, tributário do arroio Gueromana",Characidium pterostictum,-30.016664,-55.388325,26,11,2003
Brazil,Rio Grande do Sul,Rio Grande,UFRGS,714,"Estação Ecológica do Taim, Mirim.",Characidium rachovii,-32.61665,-52.566656,08,05,1981
Uruguay,Rivera,Rivera,UFRGS,7212,"arroio Cuñapiru no km 12,3 da rota 27, drenagem do rio Tacuarembó, bacia do rio Negro",Characidium rachovii,-31.039167,-55.491944,27,05,2005
Uruguay,Rivera,Rivera,UFRGS,7230,"poças laterais e arroio Corrales, na rota 27, drenagem do rio Tacuarembó, bacia do rio Negro",Characidium rachovii,-31.390556,-55.253889,27,05,2005
Uruguay,Rivera,Rivera,UFRGS,7236,"poças laterais e arroio Corrales, na rota 27, drenagem do rio Tacuarembó, bacia do rio Negro",Characidium pterostictum,-31.390556,-55.253889,27,05,2005
Uruguay,Rivera,Rivera,UFRGS,7246,"arroio Yaguarí na rota 17, drenagem do rio Tacuarembó, bacia do rio Negro",Characidium pterostictum,-31.598611,-54.988611,27,05,2005
Uruguay,Tacuarembó,Tacuarembó,UFRGS,7306,"rio Tacuarembó, na rota 26 em Villa Ansina, bacia do rio Negro",Characidium zebra,-31.975833,-55.470278,28,05,2005
Uruguay,Tacuarembó,Tacuarembó,UFRGS,7354,"rio Caraguatá, afluente do rio Tacuarembó, na rota 36, localidade de Las Toscas, bacia do rio Negro",Characidium tenue,-32.158056,-55.024167,28,05,2005
Uruguay,Durazno,Durazno,UFRGS,7437,"arroio Maestre de Campo, na estrada para Polanco de YI, afluente do rio YI,Bacia do rio Negro",Characidium zebra,-33.415278,-56.201667,29,05,2005
Uruguay,Durazno,Durazno,UFRGS,7439,"arroio Maestre de Campo, na estrada para Polanco de YI, afluente do rio YI,Bacia do rio Negro",Characidium pterostictum,-33.415278,-56.201667,29,05,2005
Uruguay,Durazno,Durazno,UFRGS,7443,"arroio Maestre de Campo, na estrada para Polanco de YI, afluente do rio YI,Bacia do rio Negro",Characidium rachovii,-33.415278,-56.201667,29,05,2005
Uruguay,Cerro Largo,Cerro Largo,UFRGS,7451,"arroio Convento, bacia do rio Tacuari, na estrada de Melo, rota 26, à 1km de Melo",Characidium tenue,0,0,28,05,2005
Uruguay,Durazno,Durazno,UFRGS,7501,"rio YI no camping municipal, afluente do rio Negro, bacia do rio Negro",Characidium tenue,-33.3625,-56.52,29,05,2005
Brazil,Rio Grande do Sul,Piratini,UFRGS,7634,"arroio sem nome afluente do rio Piratini, sob a ponte na beira da estrada entre Piratini e Pinheiro Machado.",Characidium pterostictum,-31.448099,-53.104198,17,07,2007
Brazil,Rio Grande do Sul,Herval,UFRGS,7635,"sanga Arroito, afluente do rio Jaguarão.",Characidium pterostictum,-32.2025,-53.609167,18,07,2005
Brazil,Rio Grande do Sul,Herval,UFRGS,7666,"arroio sem nome, afluente de um afluente do arroio Grande. Na estrada entre Pedras Altas e Herval, sob ponte na estrada.",Characidium orientale,-32.013556,-53.427056,18,07,2005
Brazil,Rio Grande do Sul,Canguçu,UFRGS,7672,"arroio afluente do rio Camaquã, sob a ponte da beira da RST-471.",Characidium tenue,-30.963611,-52.657222,16,07,2005
Brazil,Rio Grande do Sul,Pinheiro Machado,UFRGS,7676,"arroio dos Pires, sob a ponte na estrada entre Pinheiro Machado e Pedras Altas.",Characidium pterostictum,-31.5783,-53.381100000000004,17,07,2005
Brazil,Rio Grande do Sul,Rosário do Sul,UFRGS,7677,arroio na BR158 entre Rosário do Sul e Santana do Livramento,Characidium zebra,-30.312779,-54.997223,27,11,2003
Brazil,Rio Grande do Sul,Rosário do Sul,UFRGS,7678,"arroio sem nome na margem da BR-290, a 10 km de Rosário do Sul",Characidium zebra,-30.211667,-55.054722,14,09,2004
Uruguay,Salto,Salto,UFRGS,7749,"rio Uruguai no lago da barragem do Salto, localidade de Belen",Characidium tenue,-30.785278,-57.784722,09,09,2005
Uruguay,Paysandu,Paysandu,UFRGS,7794,"arroio Carpinchuri, afluente do rio Uruguai, na rota 3 entre as cidades de Salto e Paysandu",Characidium rachovii,-31.734686,-57.866931,20,09,2005
Uruguay,Artigas,Artigas,UFRGS,7813,"arroyo Tres Cruces Grandes na ruta 4, bacia do rio Quaraí",Characidium tenue,-30.591944,-56.626111,08,09,2005
Uruguay,Salto,Salto,UFRGS,7901,Cañada Cecilia na ruta 3 no KM 512.,Characidium rachovii,-31.266944,-57.778333,09,09,2005
Uruguay,Artigas,Artigas,UFRGS,7925,Arroyo Yucutujá na ruta 3.,Characidium tenue,-30.437778,-57.296111,09,09,2005
Uruguay,Paysandu,Paysandu,UFRGS,7955,"Cañada na ruta 4, em direção a localidade de Guichón, bacia do rio Queguay Grande.",Characidium rachovii,-32.206944,-57.213056,10,09,2005
Uruguay,Artigas,Artigas,UFRGS,7960,Arroyo Yucutujá na ruta 3.,Characidium pterostictum,-30.437778,-57.296111,09,09,2005
Uruguay,Artigas,Artigas,UFRGS,7973,"Arroyo Guaviyú na ruta 3, afluente do rio Uruguai",Characidium tenue,-30.630833,-57.688333,09,09,2005
Uruguay,Artigas,Artigas,UFRGS,7974,"Arroyo Guaviyú na ruta 3, afluente do rio Uruguai",Characidium rachovii,-30.630833,-57.688333,09,09,2005
Uruguay,Artigas,Artigas,UFRGS,7986,Arroyo Yucutujá na ruta 3.,Characidium cf. zebra,-30.437778,-57.296111,09,09,2005
Uruguay,Paysandu,Paysandu,UFRGS,7996,Rio Uruguai na cidade de Paysandú.,Characidium cf. zebra,-32.31,-58.098333,10,09,2005
Uruguay,Salto,Salto,UFRGS,8035,Arroyo afluente do rio Arapey Grande na ruta 4.,Characidium rachovii,-31.128889,-56.999167,08,09,2005
Uruguay,Artigas,Artigas,UFRGS,8060,"Arroyo Mandiyú na ruta 3, afluente do rio Uruguai",Characidium rachovii,-30.531944,-57.665833,09,09,2005
Uruguay,Artigas,Artigas,UFRGS,8061,"Arroyo Mandiyú na ruta 3, afluente do rio Uruguai",Characidium tenue,-30.531944,-57.665833,09,09,2005
Uruguay,Salto,Salto,UFRGS,8079,"Arroyo de las Tunas na ruta 31, afluente do rio Arapey Grande.",Characidium tenue,-31.334444,-57.326667,08,09,2005
Brazil,Rio Grande do Sul,Pedro Osório,UFRGS,8300,"rio Piratini na BR-293, bacia da lagoa Mirim",Characidium pterostictum,-31.719444,-52.899722,28,03,2006
Brazil,Rio Grande do Sul,Bagé,UFRGS,8301,"arroio Santa Maria Chico, afluente do rio Santa Maria na BR-293, bacia do rio Ibicuí",Characidium pterostictum,-31.076389,-54.483333,30,03,2006
Brazil,Rio Grande do Sul,Pedro Osório,UFRGS,8304,"rio Piratini na BR-293, bacia da lagoa Mirim",Characidium orientale,-31.719444,-52.899722,28,03,2006
Brazil,Rio Grande do Sul,Aceguá,UFRGS,8307,"arroio Minuano (braço norte), afluente do rio Jaguarão Chico na BR-153 entre Aceguá e Bagé",Characidium orientale,-31.793611,-54.156667,29,03,2006
Brazil,Rio Grande do Sul,Bagé,UFRGS,8309,"rio Santa Maria na BR-293 entre Bagé e Dom Pedrito, bacia do rio Ibicuí",Characidium zebra,-31.139167,-54.376111,30,03,2006
Brazil,Rio Grande do Sul,Bagé,UFRGS,8310,"sanga Cinco Salsos, afluente do rio Negro na BR-153 entre Aceguá e Bagé",Characidium tenue,-31.614722,-54.145,29,03,2006
Brazil,Rio Grande do Sul,Bagé,UFRGS,8311,"sanga Cinco Salsos, afluente do rio Negro na BR-153 entre Aceguá e Bagé",Characidium rachovii,-31.614722,-54.145,29,03,2006
Brazil,Rio Grande do Sul,Bagé,UFRGS,8312,"arroio Piraí, afluente do rio Negro na BR-293 entre Bagé e Dom Pedrito, bacia do rio Negro",Characidium rachovii,-31.22,-54.275,30,03,2006
Brazil,Rio Grande do Sul,Bagé,UFRGS,8313,"arroio Santa Maria Chico, afluente do rio Santa Maria na BR-293, bacia do rio Ibicuí",Characidium rachovii,-31.076389,-54.483333,30,03,2006
Brazil,Rio Grande do Sul,Guaíba,UFRGS,844,"BR 290, 2 km após entroncamento com a BR 116.",Characidium sp.,-30.049999,-51.349998,04,11,1979
Brazil,Santa Catarina,Siderópolis,UFRGS,846,rio Jordao (baixo).,Characidium sp.,-28.597799,-49.4244,02,10,1977
Brazil,Rio Grande do Sul,Guaíba,UFRGS,847,"BR 290,Km 39.Fazenda Juncal, saída de açude, afl. Guaíba.",Characidium sp.,-30.049992,-51.349986,04,11,1979
Uruguay,Salto,Salto,UFRGS,8575,"arroio Tala na rota 31 entre a cidade de Salto e Artigas, afluente do rio Uruguai",Characidium rachovii,-31.385833,-57.562778,08,09,2005
Brazil,Rio Grande do Sul,Uruguaiana,UFRGS,8639,"arroio Itapitocai, na BR-290, próximo a Uruguaiana",Characidium rachovii,-29.859722,-56.936944,13,12,2005
Uruguay,Rivera,Rivera,UFRGS,8723,"campo do sr. Júlio Garcia, bairro Modelo, Rivera",Characidium occidentale,0,0,30,07,2005
Uruguay,Rivera,Rivera,UFRGS,8726,"campo do sr. Júlio Garcia, bairro Modelo, Rivera",Characidium occidentale,0,0,28,03,2005
Brazil,Rio Grande do Sul,Santa Margarida do Sul,UFRGS,8729,açude na Fazenda Santa Margarida,Characidium orientale,-30.354167,-54.086111,26,04,2006
Brazil,Rio Grande do Sul,Amaral Ferrador,UFRGS,8756,arroio sem nome na fazenda Ferraria,Characidium rachovii,-30.848333,-52.388611,NA,11,2006
Brazil,Rio Grande do Sul,Pantano Grande - Rio Pardo,UFRGS,8773,"área de várzea de arroio que limita as fazendas Tarumã I e Tarumã II, propriedade da Aracruz",Characidium orientale,-30.35,-52.6,24,05,2006
Brazil,Rio Grande do Sul,Três Forquilhas,UFRGS,8829,"rio Amola Faca, junto ao sítio da amizade",Characidium pterostictum,-29.538611,-50.246111,06,01,2007
Brazil,Rio Grande do Sul,Santa Margarida do Sul,UFRGS,8854,açude na Fazenda Santa Margarida,Characidium orientale,-30.354167,-54.086111,26,04,2006
Brazil,Rio Grande do Sul,Santa Margarida do Sul,UFRGS,8859,arroio no limite da Estância da Figueira,Characidium pterostictum,-30.442778,-53.974444,24,04,2006
Argentina,Jujuy,NA,UFRGS,9179,"arroio na fazendo de cana-de-açúcar Ledisma, Lib. Gral. San Martin",Characidium sp.,0,0,06,12,2001
Brazil,Rio Grande do Sul,Lavras do Sul,UFRGS,9364,arroio Taquarembó,Characidium zebra,-30.7775,-54.6375,13,02,2007
Brazil,Rio Grande do Sul,Lavras do Sul,UFRGS,9366,arroio Taquarembó,Characidium rachovii,-30.7775,-54.6375,22,09,2006
Brazil,Rio Grande do Sul,Lavras do Sul,UFRGS,9367,arroio Taquarembó,Characidium pterostictum,-30.7775,-54.6375,17,12,2006
Brazil,Minas gerais,Buritizeiro,UFRGS,9844,córrego Doce na BR-364 entre Buritizeiro e João Pinheiro,Characidium aff. zebra,-17.405,-45.024167,24,05,2008
Brazil,Minas gerais,Bocaiúva,UFRGS,9873,pequeno riacho na estrada entre Bocaiúva e Sentinela,Characidium zebra,-17.1078,-43.814999,23,05,2008
Brazil,Minas gerais,João Pinheiro,UFRGS,9878,rio Santo Antônio na BR-040,Characidium zebra,-17.7425,-46.172501,24,05,2008
Brazil,Minas gerais,Ibiaí,UFRGS,9901,riacho do Barro na MG-674 entre Guacuí e Ibiaí,Characidium zebra,-16.861099,-44.914398,22,05,2008
Brazil,Minas gerais,Pirapora,UFRGS,9917,pequeno córrego em estrada secundária entre Pirapora e Guaicuí a jusante de barramento.,Characidium aff. lagosantense,-17.344999,-44.941898,23,05,2008
Uruguai,NA,NA,NHM-LONDON-ZOO,1944.2.29.11,near Paysandu,Characidium,0,0,NA,NA,NA
Uruguai,NA,NA,NHM-LONDON-ZOO,1944.2.29.12,near Paysandu,Characidium,0,0,NA,NA,NA
Guiana,NA,NA,NHM-LONDON-ZOO,1972.10.17.2672,"Potaro River, Amatuk cataract (south bank), Guyana",Characidium,0,0,NA,NA,NA
Guiana,NA,NA,NHM-LONDON-ZOO,1972.10.17.2702-2703,"Potaro River, Little Ewang, 4 miles below Amatuk, Guyana",Characidium,0,0,NA,NA,NA
Brasil,NA,NA,NHM-LONDON-ZOO,1985.6.20.903-914,"Rio das Mortes, Brazil",Characidium,0,0,NA,NA,NA
Brasil,NA,NA,NHM-LONDON-ZOO,1985.6.22.43-44,"Tarumazinho River, Rio Negro, Brazil",Characidium,0,0,NA,NA,NA
Equador,NA,NA,NHM-LONDON-ZOO,1880.12.5.258-262,Sarayacu,Characidium fasciatum,0,0,NA,NA,NA
Brasil,Rio de Janeiro,NA,NHM-LONDON-ZOO,1913.10.30.14,NA,Characidium fasciatum,0,0,NA,NA,NA
Paraguai,NA,NA,NHM-LONDON-ZOO,1927.11.23.28-30,"Swamp at Makthalawaiya, Paraguayan Chaco",Characidium fasciatum,0,0,NA,NA,NA
Uruguai,NA,NA,NHM-LONDON-ZOO,1944.3.3.5,near Paysandu,Characidium fasciatum,0,0,NA,NA,NA
Brasil,NA,NA,NHM-LONDON-ZOO,1946.12.23.112-123,"Mogi-Guascu River, Pirana System, Brazil",Characidium fasciatum,0,0,NA,NA,NA
Peru,NA,NA,NHM-LONDON-ZOO,1969.7.15.39-40,Quebrada Pijuyal Tributary of Rio Pachitea,Characidium fasciatum,0,0,1,8,1968
Guiana,NA,NA,NHM-LONDON-ZOO,1972.7.27.931-934,"Rupununi, Manari Creek, Guyana",Characidium fasciatum,0,0,NA,NA,NA
Brasil,Rio Grande do Sul,NA,NHM-LONDON-ZOO,1891.3.16.93,NA,Characidium interruptum,0,0,NA,NA,NA
Guiana,NA,NA,NHM-LONDON-ZOO,1911.10.31.161,"Amatuk, British Guiana",Characidium laterale,0,0,NA,NA,NA
Brasil,Rio Grande do Sul,NA,NHM-LONDON-ZOO,1891.3.16.94-95,NA,Characidium lateralis,0,0,NA,NA,NA
Uruguai,NA,NA,NHM-LONDON-ZOO,1893.7.31.8-9,"Tributary of Rio Negro, near Mercedes, Uruguay",Characidium lateralis,0,0,NA,NA,NA
Brasil,Mato Grosso,NA,NHM-LONDON-ZOO,1900.4.14.33-34,Carandasinho,Characidium lateralis,0,0,NA,NA,NA
Uruguai,NA,NA,NHM-LONDON-ZOO,1944.2.29.10,near Paysandu,Characidium lateralis,0,0,NA,NA,NA
Argentina,Formosa,NA,NHM-LONDON-ZOO,1971.2.12.35-40,(24° L.S.),Characidium lateralis,0,0,NA,NA,NA
Brazil,Rio de Janeiro,NA,HU-ZOO,21414,Rio de Janeiro,Characidium,-22.90295,-43.17387,01,01,1872
Brazil,Rio de Janeiro,NA,HU-ZOO,21442,"RIO PARAHYBA [Rio Paraíba do Sul], probably near mouth.",Characidium,-22.26667,-42.75,01,01,1865
Guyana,Rupununi,NA,HU-ZOO,48533,"Moco-Moco Creek under small bridge near settlement, first high water",Characidium,3.32463,-59.67369,11,05,1971
Guyana,Rupununi,NA,HU-ZOO,48534,"Crusa Creek, Moco-Moco settlement. Sta. 71.22",Characidium,3.32463,-59.67369,03,05,1971
Ecuador,NA,NA,HU-ZOO,51487,"Manduro Coca, near Coca lake",Characidium,-0.42961,-76.97713,01,12,1971
Ecuador,Napo,NA,HU-ZOO,52059,"Río Punino and Río Payamino, just below Río Punino at Puerto Coca (mouth of latter 25km above mouth of former)",Characidium,-0.43578,-77.10233,21,11,1971
Brazil,Amazonas,NA,HU-ZOO,78118,"Lago Jacaretinga, off Rio Amazonas near Manaus",Characidium,-3.21324,-59.79204,17,02,1981
Brazil,Amazonas,NA,HU-ZOO,78119,"Lago Jacaretinga, off Rio Amazonas near Manaus.",Characidium,-3.21324,-59.79204,08,02,1980
Colombia,Valle del Cauca,NA,HU-ZOO,35890,Upper Rio Cauca and tributaries,Characidium caucanum,4.71587,-76.0008,01,10,1942
Colombia,Valle del Cauca,NA,HU-ZOO,35892,Upper Rio Cauca and tributaries,Characidium caucanum,4.71587,-76.0008,01,10,1942
Venezuela,Mérida,NA,HU-ZOO,37244,"Rio Chama at Estanques, S end of Lago de Maracaibo",Characidium chupa chupa,8.51,-71.68,03,04,1942
Colombia,Valle del Cauca,NA,HU-ZOO,35895,"Río Cali at Cali, Upper Río Cauca drainage",Characidium phoxocephalum,3.43722,-76.5225,01,01,1942
Brazil,Rio de Janeiro,NA,HU-ZOO,138700,"Stream 22km of Bananeira's road, rio Sao Joao basin.",Characidium,-22.6,-42,NA,NA,NA
Brazil,Amazonas,NA,HU-ZOO,19620,Rio Javari (tributary of Rio Solimoes) at the Peruvian-Brazilian border,Characidium,-4.35833,-70.04167,19,10,1865
Guyana,Cuyuni-Mazaruni,NA,HU-ZOO,29934,Shrimp (Orimetuk) Creek,Characidium vintoni,5.23,-59.43,30,10,1908
Venezuela,Zulia,NA,HU-ZOO,37234,"Rio San Juan, nr. bridge S of Mene Grande, trib. of Rio Motatan, Maracaibo Basin",Characidium voladorita,9.83,-70.94,17,03,1942
NA,NA,NA,MZFS,17882,NA,Characidium bimaculatum,0,0,NA,NA,NA
Brasil,Bahia,NA,MZFS,14779,Rio Caldeirão. PPBio -Serra da Jibóia.,Characidium bahiensis,0,0,08,07,2011
Brasil,Bahia,Andaraí,MZFS,16706,Rio Santo Antônio no Marimbus Baiano Ponto 01 - Alagado (coordenadas estimadas),Characidium bahiensis,-12.745897,-41.316818,22,02,2013
Brasil,Bahia,Andaraí,MZFS,16713,Rio Santo Antônio no Marimbus Baiano Ponto 01 - Alagado (coordenadas estimadas),Characidium bahiensis,-12.745897,-41.316818,20,10,2012
Brasil,Bahia,Lençóis,MZFS,16716,Rio Santo Antônio no Marimbus do Remanso no Ponto 02 - Alagado (coordenadas estimadas),Characidium bahiensis,-12.653003,-41.33702,14,12,2013
Brasil,Bahia,Lençóis,MZFS,16738,Rio Santo Antônio no Marimbus do Remanso no Ponto 02 - Alagado (coordenadas estimadas),Characidium bahiensis,-12.653003,-41.33702,19,10,2012
Brasil,Bahia,Governador Mangabeira,MZFS,8818,Rio Paraguaçu na Barragem Pedra do Cavalo (coordenadas estimadas),Characidium bahiensis,-12.5875942943403,-39.0017595319317,29,11,2006
Brasil,Bahia,Jeremoabo,MZFS,9082,Rio Vaza-Barris na Estrada de Brejo Grande a Brejo do Zé (coordenadas estimadas),Characidium bahiensis,-10.018771,-38.543433,17,11,2006
Brasil,Bahia,Jeremoabo,MZFS,9443,Rio Vaza-Barris sob a ponte na BR-110 (coordenadas estimadas),Characidium bahiensis,-10.093721,-38.325154,28,03,2007
Brasil,Bahia,Lençóis,MZFS,17072,Rio São José (coordenadas estimadas),Characidium bimaculatum,-12.567202,-41.381568,31,03,2016
NA,NA,NA,MZFS,17877,NA,Characidium bimaculatum,0,0,NA,NA,NA
Brasil,Bahia,Bom Jesus da Lapa,MZFS,10825,Rio Corrente (PPBIO). Bom Jesus da Lapa.,Characidium fasciatum,-13.255,-43.418098,18,03,2008
Brasil,Bahia,Morro do Chapéu,MZFS,11941,Riacho do Umbu (coordenadas estimadas),Characidium fasciatum,-11.3778800964355,-41.3775939941406,23,07,2008
Brasil,Bahia,Morro do Chapéu,MZFS,11943,Riacho do Bonifácio em Ventura (coordenadas estimadas),Characidium fasciatum,-11.662214348772,-40.9646893902823,22,07,2008
Brasil,Bahia,São Desidério,MZFS,18801,"Rio Grande ""Ponto 03 - Remanso Grande, Vazão reduzida"" (coordenadas informadas pelos coletores)",Characidium fasciatum,-12.5445833333333,-45.1029833333333,23,08,2022
Brasil,Bahia,São Desidério,MZFS,18831,"Rio Grande ""Ponto 01 - Cabeceirinha "" (coordenadas informadas pelos coletores)",Characidium fasciatum,-12.5611167,-45.0840667,25,08,2022
Brasil,Bahia,Igrapiúna,MZFS,10285,Rio do Daniel na Reserva da Michelin (coordenadas estimadas),Characidium sp.,-13.8239843418035,-39.1727686729405,19,02,2008
Brasil,Bahia,Igrapiúna,MZFS,10287,Riacho do Berel na Reserva da Michelin (coordenadas da sede da reserva),Characidium sp.,-13.821577,-39.171047,17,12,2007
Brasil,Bahia,Igrapiúna,MZFS,10293,Riacho do Berel na Reserva da Michelin (coordenadas da sede da reserva),Characidium sp.,-13.821577,-39.171047,17,12,2007
Brasil,Bahia,Igrapiúna,MZFS,10297,Rio do Daniel na Reserva da Michelin (coordenadas estimadas),Characidium sp.,-13.8239843418035,-39.1727686729405,19,02,2008
Brasil,Bahia,Igrapiúna,MZFS,10319,Rio de Maria Rosa na Reserva da Michelin (coordenadas estimadas),Characidium sp.,-13.8724798948552,-39.1974062994014,08,04,2008
Brasil,Bahia,Rafael Jambeiro,MZFS,10452,Fazenda Jaraguá (Rio Paraguaçu) (coordenadas estimadas),Characidium sp.,-12.5585787221789,-39.5436516329646,07,10,2006
Brasil,Bahia,Igrapiúna,MZFS,10523,Reserva da Michelin (coordenadas da sede da reserva),Characidium sp.,-13.821577,-39.171047,20,02,2008
Brasil,Bahia,Igrapiúna,MZFS,10525,Rio de Maria Rosa na Reserva da Michelin (coordenadas estimadas),Characidium sp.,-13.8724798948552,-39.1974062994014,08,04,2008
Brasil,Bahia,Igrapiúna,MZFS,11140,Rio do Acácio na Reserva da Michelin (coordenadas da sede da reserva),Characidium sp.,-13.815023,-39.170954,07,08,2008
Brasil,Bahia,Morro do Chapéu,MZFS,11737,Rio do Ventura na Cachoeira Domingos Lopes (Cachoeira do Ventura) (coordenadas estimadas),Characidium sp.,-11.684978,-41.027862,22,07,2008
Brasil,Bahia,Morro do Chapéu,MZFS,11742,Rio do Ventura na Cachoeira Domingos Lopes (Cachoeira do Ventura) (coordenadas estimadas),Characidium sp.,-11.684978,-41.027862,22,07,2008
Brasil,Bahia,Morro do Chapéu,MZFS,12082,Rio Salitre,Characidium sp.,-11.55,-41.156101,14,02,2008
Brasil,Bahia,Morro do Chapéu,MZFS,12093,Rio do Ventura na Cachoeira Domingos Lopes (Cachoeira do Ventura) (coordenadas estimadas),Characidium sp.,-11.684978,-41.027862,13,02,2008
Brasil,Bahia,Morro do Chapéu,MZFS,12094,Rio do Ventura na Cachoeira Domingos Lopes (Cachoeira do Ventura) (coordenadas estimadas),Characidium sp.,-11.684978,-41.027862,13,02,2008
Brasil,Bahia,Morro do Chapéu,MZFS,12097,Rio Ventura,Characidium sp.,-11.55,-41.156101,13,02,2008
Brasil,Bahia,Igrapiúna,MZFS,13145,Riacho da lagoa Vila 10 na Reserva da Michelin (coordenadas estimadas),Characidium sp.,-13.8369220774339,-39.2006603467488,19,02,2009
Brasil,Bahia,Igrapiúna,MZFS,13388,Riacho atras do CEB (mais distante) na Reserva da Michelin (coordenadas da CEB),Characidium sp.,-13.815023,-39.170954,21,10,2008
Brasil,Bahia,Lençóis,MZFS,13579,Ribeirão de Baixo (Rio Ribeirão) (coordenadas estimadas),Characidium sp.,-12.5860833333333,-41.3825277777778,23,06,2008
Brasil,Bahia,Itaeté,MZFS,13628,Rio Tinhozinho em Colônia (coordenadas estimadas),Characidium sp.,-13.090975,-41.128974,27,11,2008
Brasil,Bahia,Itaeté,MZFS,13654,Rio Timbó (coordenadas estimadas),Characidium sp.,-13.07227,-41.165551,19,03,2009
Brasil,Bahia,Wagner,MZFS,13667,Rio Utinga (coordenadas estimadas),Characidium sp.,-12.2869434690186,-41.1653480243164,27,11,2008
Brasil,Bahia,Utinga,MZFS,13738,Rio Utinga na 2ª ponte (coordenadas estimadas),Characidium sp.,-12.113144230003,-41.1211745296627,11,08,2008
Brasil,Bahia,Wagner,MZFS,13747,Rio Utinga (Bonito do meio) (coordenadas estimadas),Characidium sp.,-12.2869434690186,-41.1653480243164,11,08,2008
Brasil,Bahia,Lençóis,MZFS,13768,Ribeirão de Baixo (Rio Ribeirão) (coordenadas estimadas),Characidium sp.,-12.5860833333333,-41.3825277777778,23,04,2008
Brasil,Bahia,Lençóis,MZFS,14467,Ribeirão de Baixo (Rio Ribeirão) (coordenadas estimadas),Characidium sp.,-12.5860833333333,-41.3825277777778,16,06,2011
Brasil,Bahia,Utinga,MZFS,14488,Rio Utinga (coordenadas estimadas),Characidium sp.,-12.0779030516247,-41.101179045769896,16,06,2011
Brasil,Bahia,Wagner,MZFS,14496,Rio Lalau. Passagem do Boi - Alambique (coordenadas estimadas),Characidium sp.,-12.1911067134581,-41.2266570715308,22,09,2011
Brasil,Bahia,Lençóis,MZFS,14551,Ribeirão de Baixo (Rio Ribeirão) (coordenadas estimadas),Characidium sp.,-12.5860833333333,-41.3825277777778,02,07,2010
Brasil,Bahia,Itaeté,MZFS,14713,Rio Timbozinho (coordenadas estimadas),Characidium sp.,-13.150672,-41.1405,NA,NA,NA
Brasil,Bahia,Milagres,MZFS,14987,Riacho Cambuçu. PPBio - Milagres.,Characidium sp.,-12.87,-39.858898,27,04,2012
Brasil,Paraíba,Areias,MZFS,15015,Riacho Vaca Brava. PPBio - Brejo Paraibano.,Characidium sp.,0,0,10,07,2012
Brasil,Paraíba,Pilões,MZFS,15036,Araçaji-mirim. PPBio - Brejo Paraibano.,Characidium sp.,-6.7,-35.615002,08,07,2012
Brasil,Paraíba,Pilões,MZFS,15038,Rio Pintura. PPBio - Brejo Paraibano.,Characidium sp.,-6.7,-35.615002,08,07,2012
Brasil,Paraíba,Areias,MZFS,15039,"Rio ""Fechada"". PPBio - Brejo Paraibano.",Characidium sp.,0,0,08,07,2012
Brasil,Paraíba,Pilões,MZFS,15068,Rio Pintura. PPBio - Brejo Paraibano.,Characidium sp.,-6.7,-35.615002,08,07,2012
Brasil,Bahia,Utinga,MZFS,15190,Rio Mocambo. IBI (coordenadas estimadas),Characidium sp.,-12.076749,-41.0725,20,09,2012
Brasil,Bahia,Lençóis,MZFS,15208,Rio Capivara (coordenadas estimadas),Characidium sp.,-12.622725,-41.37657,21,09,2012
Brasil,Paraíba,Alagoa Nova,MZFS,15240,Rio Coringa. PPBio - Brejo Paraibano.,Characidium sp.,-7.07083,-35.758301,10,07,2012
Brasil,Paraíba,Pilões,MZFS,15245,Balneário Vale Escuro. PPBio - Brejo Paraibano.,Characidium sp.,-6.7,-35.615002,09,07,2012
Brasil,Paraíba,Pilões,MZFS,15254,Rio Ouricuri. PPBio - Brejo Paraibano.,Characidium sp.,-6.7,-35.615002,09,07,2012
Brasil,Paraíba,Areias,MZFS,15373,Riachão. PPBio - Brejo Paraibano.,Characidium sp.,0,0,10,07,2012
Brasil,Bahia,Curaçá,MZFS,15519,Rio em Patamuté. PPBio - Curaçá.,Characidium sp.,-8.99028,-39.909401,01,12,2010
Brasil,Bahia,NA,MZFS,16497,Rio Utinga (coordenadas do trecho médio do rio),Characidium sp.,-12.349355,-41.168632,28,11,2008
Brasil,Bahia,NA,MZFS,16505,Rio Utinga (coordenadas do trecho médio do rio),Characidium sp.,-12.349355,-41.168632,28,11,2008
Brasil,Bahia,Andaraí,MZFS,16552,Córrego do Padre PELD - IBI (coordenadas estimadas),Characidium sp.,-12.8204187705599,-41.3310155428626,28,05,2014
Brasil,Bahia,Andaraí,MZFS,16689,Rio Santo Antônio no Marimbus Baiano (coordenadas estimadas),Characidium sp.,-12.7491,-41.335724,27,06,2012
Brasil,Bahia,Lençóis,MZFS,16701,Rio Santo Antônio no Marimbus do Remanso no Ponto 01 - Rio (coordenadas estimadas),Characidium sp.,-12.660217,-41.327948,26,06,2012
Brasil,Bahia,Andaraí,MZFS,17013,Rio Santo Antônio no Marimbus Baiano (coordenadas estimadas),Characidium sp.,-12.7491,-41.335724,19,12,2011
Brasil,Bahia,Itaberaba,MZFS,17014,Rio Capivara (coordenadas estimadas),Characidium sp.,-12.513999,-40.329282,14,12,2013
Brasil,Bahia,Itaberaba,MZFS,17018,Rio Capivara (coordenadas estimadas),Characidium sp.,-12.513999,-40.329282,14,12,2013
Brasil,Bahia,Lençóis,MZFS,17019,Rio Capivara (coordenadas estimadas),Characidium sp.,-12.622725,-41.37657,NA,NA,NA
Brasil,Bahia,Lençóis,MZFS,17021,Rio Santo Antônio (coordenadas estimadas),Characidium sp.,-12.519589,-41.320382,NA,NA,NA
Brasil,Bahia,Lençóis,MZFS,17022,Ribeirão de Baixo (Rio Ribeirão) (coordenadas informadas pelos coletores),Characidium sp.,-12.563099861145,-41.3899993896484,03,09,2005
Brasil,Bahia,Lençóis,MZFS,17024,Rio Capivara (coordenadas estimadas),Characidium sp.,-12.622725,-41.37657,NA,NA,NA
Brasil,Bahia,Lençóis,MZFS,17026,Rio Capivara (coordenadas estimadas),Characidium sp.,-12.622725,-41.37657,21,09,2012
Brasil,Bahia,Lençóis,MZFS,17027,Rio Santo Antônio (coordenadas estimadas),Characidium sp.,-12.519589,-41.320382,15,10,2014
Brasil,Bahia,Andaraí,MZFS,17028,Córrego do Padre (coordenadas estimadas),Characidium sp.,-12.8204187705599,-41.3310155428626,28,05,2014
Brasil,Bahia,Andaraí,MZFS,17029,Córrego do Padre (coordenadas estimadas),Characidium sp.,-12.8204187705599,-41.3310155428626,28,05,2014
Brasil,Bahia,Andaraí,MZFS,17030,Córrego do Padre (coordenadas estimadas),Characidium sp.,-12.8204187705599,-41.3310155428626,28,05,2014
Brasil,Bahia,Lençóis,MZFS,17078,Rio São José (coordenadas estimadas),Characidium sp.,-12.567202,-41.381568,NA,NA,NA
NA,NA,NA,MZFS,17839,NA,Characidium sp.,0,0,NA,NA,NA
NA,NA,NA,MZFS,17869,NA,Characidium sp.,0,0,NA,NA,NA
NA,NA,NA,MZFS,17889,NA,Characidium sp.,0,0,NA,NA,NA
NA,NA,NA,MZFS,17926,NA,Characidium sp.,0,0,NA,NA,NA
Brasil,Bahia,São Desidério,MZFS,18256,"Rio Grande ""Ponto 03 - Remanso Grande, Vazão reduzida"" (coordenadas informadas pelos coletores)",Characidium sp.,-12.5445833333333,-45.1029833333333,01,03,2022
Brasil,Bahia,Barreiras,MZFS,18405,"Rio Grande ""Ponto 06 - São José"" (coordenadas informadas pelo coletor)",Characidium sp.,-12.2968,-45.0164666666667,03,03,2022
Brasil,Bahia,Santaluz,MZFS,18521,Rio Itapicuru. Ponto 1-Bomba (coordenadas informadas pelos coletores),Characidium sp.,-10.98980556,-39.26633333,15,12,2021
Brasil,Bahia,Santaluz,MZFS,18541,Rio Itapicuru. Ponto 1-Bomba (coordenadas informadas pelos coletores),Characidium sp.,-10.98980556,-39.26633333,15,12,2021
Brasil,Bahia,Santaluz,MZFS,18558,Rio Itapicuru. Ponto 2-Areal de cima (coordenadas informadas pelos coletores),Characidium sp.,-10.98438889,-39.29172222,15,12,2021
Brasil,Bahia,Santaluz,MZFS,18575,Rio Itapicuru. Ponto 2-Areal de cima (coordenadas informadas pelos coletores),Characidium sp.,-10.98438889,-39.29172222,15,12,2021
Brasil,Bahia,Santaluz,MZFS,18617,Rio Itapicuru. Ponto 2-Areal de cima (coordenadas informadas pelos coletores),Characidium sp.,-10.98438889,-39.29172222,04,11,2019
Brasil,Bahia,Santaluz,MZFS,18690,Rio Itapicuru. Ponto 2-Areal de cima (coordenadas informadas pelos coletores),Characidium sp.,-10.98438889,-39.29172222,14,06,2022
Brasil,Bahia,Santaluz,MZFS,18691,Rio Itapicuru. Ponto 3-Barragem (coordenadas informadas pelos coletores),Characidium sp.,-10.98855556,-39.31477778,14,06,2022
Brasil,Bahia,Santaluz,MZFS,18693,Rio Itapicuru. Ponto 1-Bomba (coordenadas informadas pelos coletores),Characidium sp.,-10.98980556,-39.26633333,14,06,2022
Brasil,Bahia,Santaluz,MZFS,18724,Rio Itapicuru. Ponto 3-Barragem (coordenadas informadas pelos coletores),Characidium sp.,-10.98855556,-39.31477778,14,06,2022
Brasil,Bahia,Santaluz,MZFS,18888,Rio Itapicuru. Ponto 1-Bomba (coordenadas informadas pelos coletores),Characidium sp.,-10.98980556,-39.26633333,04,07,2019
Brasil,Bahia,Lençóis,MZFS,2513,Rio Santo Antônio no Marimbus do Remanso (coordenadas estimadas),Characidium sp.,-12.6603055555556,-41.3286111111111,01,05,1998
Brasil,Bahia,Lençóis,MZFS,2527,Rio São José (coordenadas estimadas),Characidium sp.,-12.567202,-41.381568,02,05,1998
Brasil,Bahia,Lençóis,MZFS,2619,Rio Santo Antônio no Marimbus do Remanso (coordenadas estimadas),Characidium sp.,-12.6603055555556,-41.3286111111111,21,05,1998
Brasil,Bahia,Lençóis,MZFS,2679,Rio Santo Antônio no Marimbus do Remanso (coordenadas estimadas),Characidium sp.,-12.6603055555556,-41.3286111111111,26,06,1998
Brasil,Bahia,Lençóis,MZFS,2693,Rio São José (coordenadas estimadas),Characidium sp.,-12.567202,-41.381568,28,06,1998
Brasil,Bahia,Lençóis,MZFS,2774,Rio Santo Antônio no Marimbus do Remanso (coordenadas estimadas),Characidium sp.,-12.6603055555556,-41.3286111111111,24,07,1998
Brasil,Bahia,Lençóis,MZFS,2802,Rio São José (coordenadas estimadas),Characidium sp.,-12.567202,-41.381568,25,07,1998
Brasil,Bahia,Lençóis,MZFS,2866,Rio São José (coordenadas estimadas),Characidium sp.,-12.567202,-41.381568,25,07,1998
Brasil,São Paulo,Cananéia,MZFS,342,Rio Perequê na Ilha do Cardoso (coordenadas da ilha),Characidium sp.,-25.1330271489929,-47.961623834789,15,01,1990
Brasil,Bahia,Lençóis,MZFS,3447,Rio São José (coordenadas estimadas),Characidium sp.,-12.567202,-41.381568,24,10,1998
Brasil,São Paulo,Cananéia,MZFS,345,Ilha do Cardoso (coordenadas da ilha),Characidium sp.,-25.1330271489929,-47.961623834789,16,01,1990
Brasil,Bahia,Lençóis,MZFS,3528,Rio São José (coordenadas estimadas),Characidium sp.,-12.567202,-41.381568,30,08,1998
Brasil,Bahia,Lençóis,MZFS,3552,Rio São José (coordenadas estimadas),Characidium sp.,-12.567202,-41.381568,21,01,1999
Brasil,Bahia,Lençóis,MZFS,3608,Rio São José (coordenadas estimadas),Characidium sp.,-12.567202,-41.381568,22,11,1998
Brasil,Bahia,Lençóis,MZFS,3651,Rio São José (coordenadas estimadas),Characidium sp.,-12.567202,-41.381568,22,11,1998
Brasil,Bahia,Lençóis,MZFS,4546,Rio São José (coordenadas estimadas),Characidium sp.,-12.567202,-41.381568,20,06,1999
Brasil,Bahia,Lençóis,MZFS,4550,Rio São José (coordenadas estimadas),Characidium sp.,-12.567202,-41.381568,24,05,1999
Brasil,Bahia,Lençóis,MZFS,4551,Rio São José (coordenadas estimadas),Characidium sp.,-12.567202,-41.381568,24,05,1999
Brasil,Bahia,Lençóis,MZFS,4555,Rio São José (coordenadas estimadas),Characidium sp.,-12.567202,-41.381568,22,11,1998
Brasil,Bahia,Lençóis,MZFS,4564,Rio São José (coordenadas estimadas),Characidium sp.,-12.567202,-41.381568,28,03,1999
Brasil,Bahia,Lençóis,MZFS,4565,Rio São José (coordenadas estimadas),Characidium sp.,-12.567202,-41.381568,28,03,1999
Brasil,Bahia,Lençóis,MZFS,4571,Rio Santo Antônio no Marimbus do Remanso (coordenadas estimadas),Characidium sp.,-12.6603055555556,-41.3286111111111,23,04,1999
Brasil,Bahia,Lençóis,MZFS,7208,Ribeirão de Baixo (Rio Ribeirão) (coordenadas informadas pelos coletores),Characidium sp.,-12.5860833333333,-41.3825277777778,03,09,2005
Brasil,Bahia,Lençóis,MZFS,7214,Ribeirão de Baixo (Rio Ribeirão) (coordenadas informadas pelos coletores),Characidium sp.,-12.5860833333333,-41.3825277777778,03,09,2005
Brasil,Bahia,Pilão Arcado,MZFS,7296,Brejo Dois Irmãos (coordenadas estimadas),Characidium sp.,-10.1609949449603,-43.1406211047226,24,09,2005
Brasil,Bahia,Pilão Arcado,MZFS,7309,Brejo Dois Irmãos (coordenadas estimadas),Characidium sp.,-10.1609949449603,-43.1406211047226,24,09,2005
Brasil,Bahia,Senhor do Bonfim,MZFS,7691,Riacho Seco (Rio Itapicuru) (coordenadas estimadas),Characidium sp.,-10.411313,-40.18608,23,10,2005
Brasil,Bahia,Senhor do Bonfim,MZFS,8418,Riacho seco (Rio Itapicuru). Montante (coordenadas estimadas),Characidium sp.,-10.379795,-40.230701,20,04,2006
Brasil,Bahia,Senhor do Bonfim,MZFS,8432,Rio da Prata (coordenadas estimadas),Characidium sp.,-10.5068410418843,-40.2183443447375,21,04,2006
Brasil,Bahia,Andorinha,MZFS,8531,Rio represado (Afluente do Riacho Toca da Onça) (coordenadas estimadas,Characidium sp.,-10.36465,-39.837794,22,04,2006
Brasil,Bahia,Morro do Chapéu,MZFS,8580,Lagoa no Balneário de Tareco (coordenadas informadas pelos coletores),Characidium sp.,-11.4072222222222,-41.3722222222222,10,04,2003
Brasil,Bahia,Wagner,MZFS,8629,Rio Bonito do Meio (Rio Bonito) (coordenadas estimadas),Characidium sp.,-12.246348,-41.243075,06,09,2003
Brasil,Bahia,Lençóis,MZFS,8630,Rio Santo Antônio no Marimbus do Remanso (coordenadas estimadas),Characidium sp.,-12.6727777777778,-41.3433333333333,05,09,2003
Brasil,Bahia,Morro do Chapéu,MZFS,8677,Tareco (coordenadas do povoado de Tareco),Characidium sp.,-11.4085517451167,-41.3729637488722,14,11,2003
Brasil,Bahia,Rafael Jambeiro,MZFS,9165,Não informada (coordenadas da sede do município),Characidium sp.,-12.4083003997803,-39.5013999938965,13,01,2007
Brasil,Espírito Santo,Santa Teresa,MZFS,18161,Não informada (coordenadas da sede do município),Characidium timbuiense,-19.9356002807617,-40.6002998352051,02,06,2014
Brasil,Bahia,São Desidério,MZFS,11499,"Rio Grande ""Ponto Manoel de Souza"" (coordenadas informadas pelos coletores)",Characidium zebra,-12.5264722222222,-45.1103333333333,19,08,2008
Brasil,Bahia,Palmeiras,MZFS,14518,Rio Preto (coordenadas estimadas),Characidium zebra,-12.51852,-41.570789,23,09,2011
Brasil,Bahia,Morro do Chapéu,MZFS,14528,Rio Jacuípe na Cachoeira Domingos Lopes (coordenadas estimadas),Characidium zebra,-11.4887104034424,-41.0233268737793,26,09,2011
Brasil,Bahia,Utinga,MZFS,14566,Rio Utinga na 2ª ponte (coordenadas estimadas),Characidium zebra,-12.113144230003,-41.1211745296627,02,07,2010
Brasil,Bahia,Wagner,MZFS,14567,Rio Lalau. Passagem do Boi - Alambique (coordenadas estimadas),Characidium zebra,-12.1911067134581,-41.2266570715308,25,04,2011
NA,NA,NA,MZFS,18040,NA,Characidium zebra,0,0,15,10,2014
Brasil,Bahia,São Desidério,MZFS,18367,"Rio Grande ""Ponto 02 - Marco Zero"" (coordenadas informadas pelos coletores)",Characidium zebra,-12.5543833333333,-45.0940333333333,28,02,2022
Brasil,Bahia,São Desidério,MZFS,18384,"Rio Grande ""Ponto Angico"" (coordenadas informadas pelos coletores)",Characidium zebra,-12.5543833333333,-45.0940333333333,20,10,2021
Brasil,Bahia,São Desidério,MZFS,18438,"Rio Grande ""Ponto 02 - Marco Zero"" (coordenadas informadas pelos coletores)",Characidium zebra,-12.5543833333333,-45.0940333333333,19,10,2021
Brasil,Bahia,São Desidério,MZFS,18494,"Rio Grande ""Ponto 01 - Cabeceirinha "" (coordenadas informadas pelos coletores)",Characidium zebra,-12.5611167,-45.0840667,01,03,2022
Brasil,Bahia,São Desidério,MZFS,18495,"Rio Grande ""Ponto 01 - Cabeceirinha "" (coordenadas informadas pelos coletores)",Characidium zebra,-12.5611167,-45.0840667,01,03,2022
Brasil,Bahia,Barreiras,MZFS,18766,"Rio Grande ""Ponto 06 - São José"" (coordenadas informadas pelo coletor)",Characidium zebra,-12.2968,-45.0164666666667,23,08,2022
Brasil,Bahia,São Desidério,MZFS,18791,"Rio Grande ""Ponto 02 - Marco Zero"" (coordenadas informadas pelos coletores)",Characidium zebra,-12.5543833333333,-45.0940333333333,25,08,2022
Brasil,Bahia,São Desidério,MZFS,18871,"Rio Grande ""Ponto 02 - Marco Zero"" (coordenadas informadas pelos coletores)",Characidium zebra,-12.5543833333333,-45.0940333333333,25,08,2022
Brasil,Bahia,Camaçari,MZFS,5433,Rio Jacuípe (coordenadas estimadas),Characidium zebra,-12.7083,-38.126586,01,04,2001
Brasil,Bahia,Senhor do Bonfim,MZFS,7603,Riacho Seco (Rio Itapicuru) (coordenadas estimadas),Characidium zebra,-10.411313,-40.18608,23,10,2005
Brasil,Bahia,Senhor do Bonfim,MZFS,7684,Rio do Reinaldo (coordenadas da sede do município),Characidium zebra,-10.4614000320435,-40.1893997192383,23,10,2005
Brasil,Bahia,Andorinha,MZFS,7705,Rio represado (Afluente do Riacho Toca da Onça) (coordenadas estimadas,Characidium zebra,-10.36465,-39.837794,25,10,2005
Brasil,Bahia,Pindobaçu,MZFS,7727,Rio da Fumaça (coordenadas estimadas),Characidium zebra,-10.674633,-40.329244,24,10,2005
Brasil,Bahia,Marcionílio Souza,MZFS,7889,Rio Paraguaçu na Fazenda Palma (coordenadas estimadas),Characidium zebra,-12.95078,-40.490371,14,12,2005
Brasil,Bahia,Pindobaçu,MZFS,8469,Rio Laginha sob a ponte da BA-020 (coordenadas da sede do município),Characidium zebra,-10.7427998586885,-40.363384763519,21,04,2006
Brasil,Bahia,Jeremoabo,MZFS,8724,Rio Vaza-Barris sob a ponte na BR-110 (coordenadas estimadas),Characidium zebra,-10.093721,-38.325154,08,04,2006
Brasil,Goiás,Rio Verde,UNT,UNT016498,córrego tribitário do rio São Tomás,Characidium aff timbuiensis,-17.7833333,-50.8043611,30,11,2010
Brasil,Maranhão,Estreito,UNT,UNT011974,rio Itaueiras na BR 226,Characidium cf steindachneri,-6.5141667,-47.3875,13,11,2011
Brasil,Tocantins,Porto Nacional,UNT,UNT013997,rio Areias - cabeceira,Characidium cf steindachneri,-10.9883333,-48.1627778,17,11,2010
Brasil,Tocantins,Monte do Carmo,UNT,UNT014605-2,rio Areias - cabeceira,Characidium cf steindachneri,-10.9883333,-48.1627778,25,10,2010
Brasil,Tocantins,São Valério,UNT,UNT015329,"rio São Valério, próximo da cidade de São Valério. (cabeceira)",Characidium cf steindachneri,-11.9944444,-48.2255556,9,8,2010
Brasil,Tocantins,Ipueiras,UNT,UNT015330,rio Formiga próximo da confluência com o rio Tocantins,Characidium cf steindachneri,-11.2602778,-48.4455556,6,10,2011
Brasil,Tocantins,São Valério,UNT,UNT015332,"rio São Valério, próximo da cidade de São Valério. (cabeceira)",Characidium cf steindachneri,-11.9944444,-48.2255556,13,3,2012
Brasil,Tocantins,Peixe,UNT,UNT015337,rio Tocantins abaixo da confluência com o rio Santa Tereza,Characidium cf steindachneri,-11.7802778,-48.6183333,15,6,2010
Brasil,Tocantins,Peixe,UNT,UNT015338,rio Tocantins abaixo da confluência com o rio Santa Tereza,Characidium cf steindachneri,-11.7802778,-48.6183333,14,6,2010
Brasil,Tocantins,Tupirama,UNT,UNT015341,rio Tocantins próximo da confluência com o rio Tabocão,Characidium cf steindachneri,-9.1341667,-48.2797222,20,9,2010
Brasil,Tocantins,São Valério,UNT,UNT015342,"rio São Valério, próximo da cidade de São Valério. (cabeceira)",Characidium cf steindachneri,-11.9944444,-48.2255556,6,2,2012
Brasil,Tocantins,Araguaína,UNT,UNT011952,rio Pontes na BR 153,Characidium gr zebra,-7.2836111,-48.2775,13,11,2011
Brasil,Tocantins,Araguaína,UNT,UNT011958,ribeirão nas proximidades da BR 153,Characidium gr zebra,-7.0786111,-48.1402778,13,11,2011
Brasil,Tocantins,Aurora do Tocantins,UNT,UNT012303,córrego Cana Brava,Characidium gr zebra,-12.7163889,-46.4188889,10,7,2012
Brasil,Goiás,Campus Belos,UNT,UNT009108,"rio Buritizal, vila Buritizal, na GO-452",Characidium grupo 7,-12.9844444,-46.2583333,12,10,2008
Brasil,Tocantins,Combinado,UNT,UNT009222,rio do Peixe,Characidium grupo 7,-12.8002778,-46.5961111,11,10,2008
Brasil,Tocantins,Almas,UNT,UNT010069,"córrego tributário do rio Manoel Alves, próximo da lagoa",Characidium sp,-11.7052778,-47.1547222,5,9,2010
Brasil,Tocantins,Almas,UNT,UNT010082,córrego tributário do rio Manoel Alves,Characidium sp,-11.6855556,-47.1475,3,9,2010
Brasil,Tocantins,Almas,UNT,UNT010126,córrego tributário do rio Manoel Alves,Characidium sp,-11.71,-47.1375,2,9,2010
Brasil,Tocantins,Pindorama do Tocantins,UNT,UNT010179,rio Sucuriú na confluência com um tributário,Characidium sp,-11.3205556,-47.55,19,11,2010
Brasil,Tocantins,Chapada da Natividade,UNT,UNT010180,rio Bagagem na ponte da TO 050,Characidium sp,-11.5644444,-47.7911111,19,11,2010
Brasil,Bahia,Gongogi,UNT,UNT010363,rio Gongogi,Characidium sp,-14.3338889,-39.4644444,15,5,2011
Brasil,Tocantins,Peixe,UNT,UNT011650,grande lagoa artificial a 800 metro da BR 242.,Characidium sp,-12.1877778,-48.5280556,8,12,2011
Brasil,Tocantins,Pindorama do Tocantins,UNT,UNT012013,rio Sucuriú na confluência com um tributário,Characidium sp,-11.3205556,-47.55,4,2,2011
Brasil,Tocantins,Lagoa da Confusão,UNT,UNT012112,Lagoa da Confusão,Characidium sp,-10.7966667,-49.6241667,26,9,2011
Brasil,Tocantins,Jaú do Tocantins,UNT,UNT012579,rio Santa Tereza (cabeceiras),Characidium sp,-12.7516667,-48.8291667,4,10,2010
Brasil,Tocantins,Porto Nacional,UNT,UNT014119,"rio Areias, próximo da confluência com o rio Tocantins",Characidium sp,-10.8491667,-48.3827778,18,6,2010
Brasil,Espírito Santo,Joao Neiva,UNT,UNT016184,"córrego tributário do rio Ubás, tributário do rio Triunfo",Characidium sp (gr fasciatum),-19.725,-40.5038889,7,1,2017
Brasil,Minas Gerais,Virgem Da Lapa,UNT,UNT023414,"rio Jequitinhonha, na foz do rio Vacaria",Characidium sp (gr fasciatum),-16.6497861,-42.40395,16,4,2015
Brasil,Tocantins,Paraíso do Tocantins,UNT,UNT018218,cabeceira do rio Santa Luzia,Characidium sp (gr steindachneri),-10.0288889,-48.7680556,9,11,2010
Brasil,Tocantins,Crixás do Tocantins,UNT,UNT002500,rio Crixas (cabeceira),Characidium sp (gr zebra),-11.1152778,-48.9505556,8,11,2010
Brasil,Tocantins,São Valério,UNT,UNT006380,"rio São Valério, próximo da cidade de São Valério. (cabeceira)",Characidium sp (gr zebra),-11.9944444,-48.2255556,18,5,2010
Brasil,Bahia,Aurelino Leal,UNT,UNT009422,rio Jacaré na estrada que liga Gongogi a Aurelino Leal,Characidium sp (gr zebra),-14.3580556,-39.4222222,20,1,2009
Brasil,Bahia,São Desidério,UNT,UNT009513,pequeno riacho afluente do rio do Meio,Characidium sp (gr zebra),-12.975,-44.6527778,25,10,2008
Brasil,Bahia,São Desidério,UNT,UNT009540,rio dos Angicos,Characidium sp (gr zebra),-13.0027778,-44.6222222,25,10,2008
Brasil,Tocantins,Monte do Carmo,UNT,UNT009903,rio Areias - cabeceira,Characidium sp (gr zebra),-10.9883333,-48.1627778,25,10,2010
Brasil,Bahia,São Desidério,UNT,UNT013878,rio Galheiros no distrito de Estiva,Characidium sp (gr zebra),-12.4916667,-45.2016667,8,10,2010
Brasil,Bahia,São Desidério,UNT,UNT013884,pequeno riacho afluente do rio do Meio,Characidium sp (gr zebra),-12.975,-44.6527778,9,10,2010
Brasil,Bahia,Santa Maria da Vitória,UNT,UNT013901,riacho tributário do rio do Meio,Characidium sp (gr zebra),-13.0669444,-44.7058333,10,10,2010
Brasil,Bahia,Santa Maria da Vitória,UNT,UNT013913,"rio Angico, tributário do rio do Meio, próximo da vila de Inhaúmas",Characidium sp (gr zebra),-13.0397222,-44.6477778,10,10,2010
Brasil,Tocantins,Crixás do Tocantins,UNT,UNT013998,rio Crixas (cabeceira),Characidium sp (gr zebra),-11.1152778,-48.9505556,11,10,2010
Brasil,Tocantins,Peixe,UNT,UNT013999,rio Santo Antônio próximo da confluência com o rio Tocantins.,Characidium sp (gr zebra),-11.5213889,-48.6402778,9,11,2011
Brasil,Tocantins,Natividade,UNT,UNT014402,"rio do Peixe, próximo da ponte da TO 280",Characidium sp (gr zebra),-11.6677778,-47.4402778,15,7,2014
Brasil,Tocantins,Dianópolis,UNT,UNT014422,"rio Mombó, proximo da ponte da TO 467",Characidium sp (gr zebra),-11.4983333,-46.8425,16,7,2014
Brasil,Tocantins,Porto Nacional,UNT,UNT014459,rio Matança - cabeceira,Characidium sp (gr zebra),-10.5994444,-48.6052778,13,10,2010
Brasil,Tocantins,Dianópolis,UNT,UNT014474,"rio Gameleira, proximo da ponte da TO 040",Characidium sp (gr zebra),-11.6264722,-46.9398333,16,7,2014
Brasil,Tocantins,Aurora do Tocantins,UNT,UNT014502,rio Palma na Estância Jaqueline,Characidium sp (gr zebra),-12.68925,-46.34475,17,7,2014
Brasil,Goiás,Cavalcante,UNT,UNT014511,ribeirão São Domingos,Characidium sp (gr zebra),-13.8556667,-47.6005833,18,7,2014
Brasil,Goiás,Cavalcante,UNT,UNT014530,"rio das Almas, próximo da ponte da GO 241",Characidium sp (gr zebra),-13.7792778,-47.4226389,19,7,2014
Brasil,Tocantins,Monte do Carmo,UNT,UNT014572,rio Areias - cabeceira,Characidium sp (gr zebra),-10.9883333,-48.1627778,21,6,2010
Brasil,Tocantins,São Valério,UNT,UNT014578,"rio São Valério, próximo da cidade de São Valério. (cabeceira)",Characidium sp (gr zebra),-11.9944444,-48.2255556,18,3,2011
Brasil,Tocantins,Cariri do Tocantins,UNT,UNT014663,vereda na vazente de uma lagoa próxima da BR 153,Characidium sp (gr zebra),-11.8822222,-49.1613889,20,11,2014
Brasil,Goiás,Santa Teresina de Goiás,UNT,UNT014810,"córrego Teresa, aproximadamente no km 02 da GO 241",Characidium sp (gr zebra),-13.794167,-47.291389,13,12,2015
Brasil,Tocantins,Palmas,UNT,UNT015135,Ribeirão Taquaruçuzinho na ponte,Characidium sp (gr zebra),-10.3113889,-48.1508333,30,5,2016
Brasil,Tocantins,São Valério,UNT,UNT015319,"rio São Valério, próximo da cidade de São Valério. (cabeceira)",Characidium sp (gr zebra),-11.9944444,-48.2255556,18,5,2010
Brasil,Tocantins,São Valério,UNT,UNT015327,"rio São Valério, próximo da cidade de São Valério. (cabeceira)",Characidium sp (gr zebra),-11.9944444,-48.2255556,16,5,2011
Brasil,Tocantins,Crixás do Tocantins,UNT,UNT015344,rio Crixas (cabeceira),Characidium sp (gr zebra),-11.1152778,-48.9505556,5,7,2010
Brasil,Tocantins,Porto Nacional,UNT,UNT015345,"rio Areias, próximo da confluência com o rio Tocantins",Characidium sp (gr zebra),-10.8491667,-48.3827778,8,7,2010
Brasil,Tocantins,Silvanópolis,UNT,UNT015346,rio Formiga - cabeceira,Characidium sp (gr zebra),-11.3125,-48.1125,5,10,2010
Brasil,Tocantins,São Valério,UNT,UNT015347,"rio São Valério, próximo da cidade de São Valério. (cabeceira)",Characidium sp (gr zebra),-11.9944444,-48.2255556,18,5,2010
Brasil,Tocantins,Porto Nacional,UNT,UNT015348,rio Matança - cabeceira,Characidium sp (gr zebra),-10.5994444,-48.6052778,7,7,2010
Brasil,Tocantins,Jaú do Tocantins,UNT,UNT015349,rio Santa Tereza (cabeceiras),Characidium sp (gr zebra),-12.7516667,-48.8291667,21,11,2011
Brasil,Tocantins,Silvanópolis,UNT,UNT015350,rio Formiga - cabeceira,Characidium sp (gr zebra),-11.3125,-48.1125,5,10,2010
Brasil,Tocantins,Crixás do Tocantins,UNT,UNT015354,rio Crixas (cabeceira),Characidium sp (gr zebra),-11.1152778,-48.9505556,10,5,2010
Brasil,Tocantins,Porto Nacional,UNT,UNT015358,rio Matança - cabeceira,Characidium sp (gr zebra),-10.5994444,-48.6052778,5,8,2010
Brasil,Tocantins,São Valério,UNT,UNT015359,"rio São Valério, próximo da cidade de São Valério. (cabeceira)",Characidium sp (gr zebra),-11.9944444,-48.2255556,4,10,2010
Brasil,Tocantins,Crixás do Tocantins,UNT,UNT015360,rio Crixas (cabeceira),Characidium sp (gr zebra),-11.1152778,-48.9505556,2,8,2010
Brasil,Tocantins,São Valério,UNT,UNT015364,"rio São Valério, próximo da cidade de São Valério. (cabeceira)",Characidium sp (gr zebra),-11.9944444,-48.2255556,23,8,2011
Brasil,Tocantins,Monte do Carmo,UNT,UNT015366,rio Areias - cabeceira,Characidium sp (gr zebra),-10.9883333,-48.1627778,4,8,2010
Brasil,Tocantins,Porto Nacional,UNT,UNT015368,rio Matança - cabeceira,Characidium sp (gr zebra),-10.5994444,-48.6052778,15,9,2010
Brasil,Tocantins,Brejinho de Nazaré,UNT,UNT015369,rio Crixás,Characidium sp (gr zebra),-11.0530556,-48.5725,20,5,2011
Brasil,Tocantins,Taipas do Tocantins,UNT,UNT015372,lagoas marginais do ribeirão Mombó,Characidium sp (gr zebra),-12.1591667,-46.8625,29,4,2006
Brasil,Tocantins,Palmas,UNT,UNT015550,Ribeirão Taquaruçuzinho na ponte para o povoado de Taquaruçu Grande,Characidium sp (gr zebra),-10.3155556,-48.2163889,16,9,2016
Brasil,Goiás,Indiara,UNT,UNT016428,rio Capivari,Characidium sp (gr zebra),-17.2058889,-50.1054722,29,11,2010
Brasil,Bahia,Santa Maria da Vitória,UNT,UNT016737,córrego tributário do rio Correntina na BR 135,Characidium sp (gr zebra),-12.9751389,-44.653,7,4,2011
Brasil,Bahia,São Desidério,UNT,UNT016753,rio Galheiro em Estiva,Characidium sp (gr zebra),-12.4915444,-45.2019389,7,4,2011
Brasil,Bahia,Correntina,UNT,UNT017041,"rio Correntina, na vila Caruarú",Characidium sp (gr zebra),-13.3841667,-44.4108333,9,4,2010
Brasil,Bahia,Correntina,UNT,UNT017070,Rio corentina na ponte da BR 349,Characidium sp (gr zebra),-13.3977778,-44.3363889,9,4,2010
Brasil,Bahia,Correntina,UNT,UNT017087,rio Correntina na cidade de Correntina,Characidium sp (gr zebra),-13.3408333,-44.6413889,10,4,2010
Brasil,Bahia,São Félix do Coribe,UNT,UNT017100,"pequeno riacho sob a ponte da BR 349, tributário do rio Corrente",Characidium sp (gr zebra),-13.4970556,-44.1386667,10,4,2010
Brasil,Tocantins,Mateiros,UNT,UNT017186-1,rio Novo nas proximidades da ponte,Characidium sp (gr zebra),-10.5594444,-46.7602778,20,11,2009
Brasil,Tocantins,Mateiros,UNT,UNT017194,"riacho da Areia, próximo das dunas",Characidium sp (gr zebra),-10.5647944,-46.661625,20,11,2009
Brasil,Tocantins,Mateiros,UNT,UNT017200-1,rio Come Assado,Characidium sp (gr zebra),-10.606025,-46.28575,20,11,2009
Brasil,Tocantins,Mateiros,UNT,UNT017200-2,rio Come Assado,Characidium sp (gr zebra),-10.606025,-46.28575,20,11,2009
Brasil,Tocantins,Porto Nacional,UNT,UNT018325,"rio Areias, próximo da confluência com o rio Tocantins",Characidium sp (gr zebra),-10.8491667,-48.3827778,18,11,2011
Brasil,Tocantins,Monte do Carmo,UNT,UNT018990,rio Areias - cabeceira,Characidium sp (gr zebra),-10.9883333,-48.1627778,15,3,2010
Brasil,Tocantins,Palmas,UNT,UNT019252,Ribeirão Taquaruçuzinho na ponte,Characidium sp (gr zebra),-10.2986111,-48.2161111,16,4,2018
Brasil,Tocantins,São Valério,UNT,UNT020830,rio São Valério (cabeceira),Characidium sp (gr zebra),-11.9944444,-48.2255556,23,2,2018
Brasil,Tocantins,Porto Nacional,UNT,UNT021254,rio Matança - cabeceira,Characidium sp (gr zebra),-10.5994444,-48.6052778,9,12,2010
Brasil,Pará,Conceicao Do Araguaia,UNT,UNT021597,córrego Arraiazinha,Characidium sp (gr zebra),-8.019167,-49.468333,25,3,2013
Brasil,Tocantins,Dois Irmãos do Tocantins,UNT,UNT022637,córrego Sabiá,Characidium sp (gr zebra),-9.1388139,-49.02135,21,9,2024
Brasil,Tocantins,Divinópolis do Tocantins,UNT,UNT023030,"ponto 2, tributário do ribeirão Boa Esperança",Characidium sp (gr zebra),-9.715605,-49.436616,26,4,2024
Brasil,Tocantins,Divinópolis do Tocantins,UNT,UNT023073,"ponto 2, tributário do ribeirão Boa Esperança",Characidium sp (gr zebra),-9.715605,-49.436616,4,8,2024
Brasil,Tocantins,Porto Nacional,UNT,UNT023194,"córrego tributário do ribeirão São João, montante da represa (P 04)",Characidium sp (gr zebra),-10.7364167,-48.3363333,26,7,2021
Brasil,Tocantins,Porto Nacional,UNT,UNT023201,"córrego tributário do ribeirão São João, montante da represa (P 05)",Characidium sp (gr zebra),-10.7330833,-48.3171944,26,7,2021
Brasil,Tocantins,Porto Nacional,UNT,UNT023244,"córrego tributário do ribeirão São João, montante da represa (P 05)",Characidium sp (gr zebra),-10.7330833,-48.3171944,11,10,2021
Brasil,Tocantins,Porto Nacional,UNT,UNT023252,"ribeirão São João, jusante da represa (P 06)",Characidium sp (gr zebra),-10.7019583,-48.39775,11,10,2021
Brasil,Tocantins,Porto Nacional,UNT,UNT023322,"córrego tributário do ribeirão São João, montante da represa (P 04)",Characidium sp (gr zebra),-10.7364167,-48.3363333,23,5,2022
Brasil,Tocantins,Porto Nacional,UNT,UNT023345,"ribeirão São João, jusante da represa (P 02)",Characidium sp (gr zebra),-10.7070833,-48.3810278,4,7,2023
Brasil,Tocantins,Porto Nacional,UNT,UNT023377,"córrego tributário do ribeirão São João, montante da represa (P 05)",Characidium sp (gr zebra),-10.7330833,-48.3171944,4,7,2023
Brasil,Tocantins,Paranã,UNT,UNT001754,córrego das Pedras,Characidium sp gr 01,-12.5983333,-47.9872222,3,8,2004
Brasil,Tocantins,Ipueiras,UNT,UNT005163,córrego Fundo,Characidium sp gr 01,-11.2333333,-48.45,14,2,2002
Brasil,Tocantins,Paranã,UNT,UNT005164,"córrego Albano, próximo da confluência com o rio Paranã",Characidium sp gr 01,-12.6130556,-48.1169444,8,12,1998
Brasil,Maranhão,Imperatriz,UNT,UNT005553,rio Tocantins próximo da confluência com o rio Bananal,Characidium sp gr 01,-5.6863889,-47.4744444,26,6,2000
Brasil,Tocantins,Guaraí,UNT,UNT005596,córrego Barreiro,Characidium sp gr 01,-8.8333333,-48.5166667,28,10,2000
Brasil,Tocantins,Tocantinópolis,UNT,UNT005604,córrego Santana,Characidium sp gr 01,-6.4225,-47.4363889,29,6,2000
Brasil,Tocantins,Taipas do Tocantins,UNT,UNT007254,lagoas marginais do ribeirão Mombó,Characidium sp gr 01,-12.1591667,-46.8625,13,2,2006
Brasil,Tocantins,Peixe,UNT,UNT007382,rio Tocantins próximo da coonfluência com o rio Santa Tereza,Characidium sp gr 01,-11.7908333,-48.6172222,7,8,2002
Brasil,Tocantins,Taipas do Tocantins,UNT,UNT007790,lagoas marginais do ribeirão Mombó,Characidium sp gr 01,-12.1580556,-46.8619444,13,2,2006
Brasil,Tocantins,Paranã,UNT,UNT009080,pequeno riacho,Characidium sp gr 01,-12.3261111,-48.1469444,31,10,2008
Brasil,Goiás,Campus Belos,UNT,UNT009139,"pequeno riacho na GO-452, primeiro apos a vila",Characidium sp gr 01,-12.9877778,-46.3008333,12,10,2008
Brasil,Tocantins,Porto Nacional,UNT,UNT005199-1,"rio Areias, próximo da confluência com o rio Tocantins",Characidium sp gr 01 a,-10.8416667,-48.3930556,10,9,1999
Brasil,Tocantins,Porto Nacional,UNT,UNT005199-2,"rio Areias, próximo da confluência com o rio Tocantins",Characidium sp gr 01 a,-10.8416667,-48.3930556,10,9,1999
Brasil,Tocantins,Tupiratins,UNT,UNT005587-1,córrego Água Suja.,Characidium sp gr 01 a,-8.3766667,-48.145,27,10,2000
Brasil,Tocantins,Guaraí,UNT,UNT005590-1,córrego Barreiro,Characidium sp gr 01 a,-8.8333333,-48.5166667,26,6,2000
Brasil,Tocantins,Guaraí,UNT,UNT005590-2,córrego Barreiro,Characidium sp gr 01 a,-8.8333333,-48.5166667,26,6,2000
Brasil,Tocantins,Conceição do Tocantins,UNT,UNT009158-1,"rio Palma, na ponte da rodovia TO-050, entre Conceição e Arraias",Characidium sp gr 01 a,-12.4183333,-47.1975,10,10,2008
Brasil,Tocantins,Arraias,UNT,UNT010184,rio Palma na ponte em construção da BR-242,Characidium sp gr 01 a,-12.4508333,-46.8958333,10,10,2010
Brasil,Goiás,Campos Belos,UNT,UNT010186,"rio do Peixe, aproximadamente 5km após a vila de Campos Belos",Characidium sp gr 01 a,-12.9875,-46.3025,11,10,2010
Brasil,Tocantins,Entre Sucupira e Peixe,UNT,UNT010191,"rio Santa Tereza, na margem esquerda",Characidium sp gr 01 a,-12.2652778,-48.7011111,8,10,2010
Brasil,Tocantins,Taguatinga,UNT,UNT010192,rio Palma em balneário Praia Bela,Characidium sp gr 01 a,-12.5311111,-46.7844444,10,10,2010
Brasil,Tocantins,Taguatinga,UNT,UNT010194-1,rio Palma em balneário Praia Bela,Characidium sp gr 01 b,-12.5311111,-46.7844444,10,10,2010
Brasil,Tocantins,Taguatinga,UNT,UNT010194-2,rio Palma em balneário Praia Bela,Characidium sp gr 01 b,-12.5311111,-46.7844444,10,10,2010
Brasil,Tocantins,Taguatinga,UNT,UNT009163-1,"rio Palmas, em um Balneario",Characidium sp gr 01 d,-12.5308333,-46.7844444,11,10,2008
Brasil,Tocantins,Taguatinga,UNT,UNT009163-2,"rio Palmas, em um Balneario",Characidium sp gr 01 d,-12.5308333,-46.7844444,11,10,2008
Brasil,Tocantins,Palmeirópolis,UNT,UNT008784-2,lagoa artificial (açude),Characidium sp gr 01 e,-13.0186111,-48.1511111,7,8,2008
Brasil,Tocantins,Paranã,UNT,UNT001824,rio das Lages,Characidium sp gr 02,-12.585993,-48.041237,3,8,2004
Brasil,Tocantins,Paranã,UNT,UNT005196,córrego Lagedo,Characidium sp gr 02,-12.4833333,-48.2166667,28,7,1998
Brasil,Tocantins,Paranã,UNT,UNT005554,"riacho Traçadal, fazenda Traçadal",Characidium sp gr 02,-12.4833333,-48.2166667,7,8,2000
Brasil,Tocantins,Paranã,UNT,UNT001837-1,rio das Lages,Characidium sp gr 02 a,-12.585993,-48.041237,3,8,2004
Brasil,Tocantins,Paranã,UNT,UNT001926-1,rio das Lages,Characidium sp gr 02 a,-12.585993,-48.041237,3,8,2004
Brasil,Tocantins,Paranã,UNT,UNT004090-2,córrego Boaventura,Characidium sp gr 02 a,-12.9316667,-47.9438889,19,8,2005
Brasil,Tocantins,São Salvador do Tocantins,UNT,UNT010178,córrego Queda Dágua,Characidium sp gr 02 a,-12.6788889,-48.3736111,18,8,2005
Brasil,Goiás,Campos Belos,UNT,UNT010185,"rio do Peixe, aproximadamente 5km após a vila de Campos Belos",Characidium sp gr 02 a,-12.9875,-46.3025,11,10,2010
Brasil,Tocantins,Paranã,UNT,UNT010190,córrego Traçado,Characidium sp gr 02 a,-12.3261111,-48.1469444,9,10,2010
Brasil,Tocantins,Taguatinga,UNT,UNT010193,rio Palma em balneário Praia Bela,Characidium sp gr 02 a,-12.5311111,-46.7844444,10,10,2010
Brasil,Distrito Federal,Brazlândia,UNT,UNT010169-1,rio Dois Irmãos no haras da RPPN Chapada Imperial,Characidium sp gr 02 b,-15.5208333,-48.1141667,2,11,2010
Brasil,Distrito Federal,Brazlândia,UNT,UNT010170,rio Dois Irmão na confluênca com o córrego que nasce no poço artificial do haras da RPPN Chapada Imperial,Characidium sp gr 02 b,-15.5180556,-48.1166667,3,11,2010
Brasil,Goiás,Padre Bernardo,UNT,UNT010171-1,"rio Amador e rio do Sal, na propriedade do Sr Osmar, próximo da RPPN Chapada Imperial",Characidium sp gr 02 b,-15.5025,-48.1416667,3,11,2010
Brasil,Goiás,Padre Bernardo,UNT,UNT010171-2,"rio Amador e rio do Sal, na propriedade do Sr Osmar, próximo da RPPN Chapada Imperial",Characidium sp gr 02 b,-15.5025,-48.1416667,3,11,2010
Brasil,Distrito Federal,Brazlândia,UNT,UNT011873,rio Dois Irmãos no haras da RPPN Chapada Imperial,Characidium sp gr 02 b,-15.5205556,-48.1138889,14,7,2012
Brasil,Distrito Federal,Brazlândia,UNT,UNT010162,poço artificial para captação de água na nascente de um afl. do rio Dois Irmão no haras da RPPN Chapada Imperial,Characidium sp gr 02 c,-15.5183333,-48.1172222,3,11,2010
Brasil,Distrito Federal,Brazlândia,UNT,UNT010164-2,"Haras da RPPN Chapada Imperial, poço artificial para captação de água, af. do rio Dois Irmão",Characidium sp gr 02 c,-15.5183333,-48.1172222,2,11,2010
Brasil,Distrito Federal,Brazlândia,UNT,UNT011872,rio Dois Irmãos no haras da RPPN Chapada Imperial,Characidium sp gr 02 c,-15.5205556,-48.1138889,14,7,2012
Brasil,Distrito Federal,Brazlândia,UNT,UNT010166-2,"Haras da RPPN Chapada Imperial, poço artificial para captação de água, af. do rio Dois Irmão",Characidium sp gr 02 d,-15.5183333,-48.1172222,2,11,2010
Brasil,Distrito Federal,Brazlândia,UNT,UNT010168,rio Dois Irmão na confluênca com o córrego que nasce no poço artificial do haras da RPPN Chapada Imperial,Characidium sp gr 02 d,-15.5180556,-48.1166667,3,11,2010
Brasil,Distrito Federal,Brazlândia,UNT,UNT011871,rio Dois Irmãos no haras da RPPN Chapada Imperial,Characidium sp gr 02 d,-15.5205556,-48.1138889,14,7,2012
Brasil,Goiás,Campos Belos,UNT,UNT010197,"rio do Peixe, aproximadamente 5km após a vila de Campos Belos",Characidium sp gr 02 e,-12.9875,-46.3025,11,10,2010
Brasil,Tocantins,Ipueiras,UNT,UNT005592,"rio Tocantins, próximo da confluência com o rio Manoel Alves",Characidium sp gr 03,-11.3152778,-48.4577778,8,8,2002
Brasil,Tocantins,Peixe,UNT,UNT005593,rio Tocantins próximo da coonfluência com o rio Santa Tereza,Characidium sp gr 03,-11.7908333,-48.6172222,18,11,2002
Brasil,Tocantins,Paranã,UNT,UNT007786,rio das Lages,Characidium sp gr 03 a,-12.585993,-48.041237,3,8,2004
Brasil,Tocantins,Paranã,UNT,UNT007788,rio das Lages,Characidium sp gr 03 a,-12.585993,-48.041237,3,8,2004
Brasil,Tocantins,São Salvador do Tocantins,UNT,UNT010174,córrego Queda Dágua,Characidium sp gr 03 a,-12.6788889,-48.3736111,18,8,2005
Brasil,Distrito Federal,Brazlândia,UNT,UNT010172-1,"rio do Sal em Ranchos da Praia, entre a ponte sobre o rio do Sal e o Posto de Fiscalização da DF 180",Characidium sp gr 03 b,-15.5183333,-48.195,2,11,2010
Brasil,Distrito Federal,Brazlândia,UNT,UNT010172-2,"rio do Sal em Ranchos da Praia, entre a ponte sobre o rio do Sal e o Posto de Fiscalização da DF 180",Characidium sp gr 03 b,-15.5183333,-48.195,2,11,2010
Brasil,Maranhão,Ribamar Figueiro,UNT,UNT005605,ribeirão Sumaúma,Characidium sp gr 05,-5.9333333,-47.4333333,28,6,2000
Brasil,Tocantins,Brejinho de Nazaré,UNT,UNT007787,córrego dos Vidros,Characidium sp gr 05,-10.9086111,-48.5633333,15,11,2005
Brasil,Goiás,Cavalcante,UNT,UNT014688,"córrego Grotão ou Maria Rita, próximo da GO 241",Characidium stigmosum,-13.7551111,-47.4555,9,7,2015
Brasil,Goiás,Cavalcante,UNT,UNT014693,"córrego Grotão ou Maria Rita, próximo da GO 241",Characidium stigmosum,-13.7551111,-47.4555,10,7,2015
Brasil,Pará,Itaituba,UNT,UNT012943,transecto H Igarapé 17,Characidium zebra,-5.0594444,-56.8705556,12,7,2012
Brasil,Amazonas,São Gabriel da Cachoeira,ZUEC-PIS,16138,Igarapé no km 20 da BR 307 (estrada para Cucuí),Characidium cf. pteroides,-0.049722,-66.963333,23,02,2018
Brasil,Amazonas,São Gabriel da Cachoeira,ZUEC-PIS,16231,"Igarapé afl. rio Miuá, km 26 da BR 307 (estrada para Cucuí)",Characidium cf. pteroides,-0.008611,-66.088333,24,02,2018
Brasil,Amazonas,São Gabriel da Cachoeira,ZUEC-PIS,16267,"Rio Miuá, Km 50 da BR 307 (estrada para Cucuí)",Characidium sp.,0.155833,-66.801111,25,02,2018
Brasil,Amazonas,São Gabriel da Cachoeira,ZUEC-PIS,16279,"Igarapé afl. rio Miuá, Km 41 da BR 307 (estrada para Cucuí)",Characidium cf. pteroides,0.077778,-66.825833,25,02,2018
Brasil,São Paulo,Iguape,ZUEC-PIS,1634,Riacho afluente do Rio Despraiado,Characidium pterostictum,-24.700278,-47.549722,17,04,1989
Brasil,São Paulo,Iguape,ZUEC-PIS,1636,Riacho afluente do Rio Despraiado,Characidium lanei,-24.700278,-47.549722,17,04,1989
Brasil,São Paulo,Iguape,ZUEC-PIS,1637,Riacho afluente do Rio Despraiado,Characidium lanei,-24.700278,-47.549722,17,04,1989
Brasil,São Paulo,Iguape,ZUEC-PIS,1639,Riacho afluente do Rio Despraiado,Characidium lanei,-24.700278,-47.549722,17,04,1989
Brasil,Amapá,Oiapoque,ZUEC-PIS,16414,Igarapé afl. rio Caciporé,Characidium sp.,3.016111,-51.453889,05,10,2017
Brasil,Amapá,Calçoene,ZUEC-PIS,16528,"Rio Amapá Grande, próximo à BR 156",Characidium sp.,2.161111,-50.9225,03,10,2017
Brasil,Amapá,Tartarugalzinho,ZUEC-PIS,16569,"Rio Tartarugalzinho,Cachoeira do Viveiro da AMCEL",Characidium sp.,1.493333,-50.946667,03,10,2017
Brasil,Amapá,Tartarugalzinho,ZUEC-PIS,16627,"Afl. rio Tracajatuba, perto da BR 156",Characidium sp.,1.039444,-51.1025,26,09,2017
Brasil,Amapá,Pedra Branca do Amapari,ZUEC-PIS,16694,"Igarapé afl. Rio Amapari, na BR-210",Characidium pteroides,0.803056,-51.973889,08,10,2017
Brasil,Amapá,Oiapoque,ZUEC-PIS,16760,"Igarapé Piquia (bacia do rio Oiapoque), próximo à BR-156",Characidium sp.,3.571944,-51.7825,05,10,2017
Brasil,Mato Grosso,Juara,ZUEC-PIS,17046,"Rio Arinos, praia na Fazenda Água Boa",Characidium steindachneri,-11.159167,-57.693333,21,11,2018
Brasil,Mato Grosso,Juara,ZUEC-PIS,17047,"Rio Arinos, praia na Fazenda Água Boa",Characidium hasemani,-11.159167,-57.693333,21,11,2018
Brasil,Mato Grosso,São José do Rio Claro,ZUEC-PIS,17112,"Rio Claro, abaixo da estrada MT - 235",Characidium,-13.805556,-56.692778,04,10,2007
Brasil,Mato Grosso,São José do Rio Claro,ZUEC-PIS,17114,"Rio Claro, abaixo da estrada MT - 235",Characidium steindachneri,-13.793889,-56.702778,11,05,2007
Brasil,Mato Grosso,Vila Bela da Santíssima Trindade,ZUEC-PIS,17140,Córrego Longe Vida (afl. rio Guaporé),Characidium barbosai,-14.759722,-59.703889,03,06,2005
Brasil,Mato Grosso,Vila Bela da Santíssima Trindade,ZUEC-PIS,17149,"Córrego Cabeceira, trib. rio Guaporé, Mineradora Santa Elina, Serra da Borda",Characidium barbosai,-14.811667,-59.661944,02,06,2005
Brasil,Minas Gerais,Carmésia,ZUEC-PIS,17209,"Ribeirão São João, Bacia do Rio Doce",Characidium cf. alipioi,-19.046667,-43.234444,01,09,2013
Brasil,Minas Gerais,Conceição do Mato Dentro,ZUEC-PIS,17211,"Córrego Vargem Grande, Bacia do Rio Doce",Characidium cf. alipioi,-18.872778,-43.381111,08,09,2013
Brasil,Distrito Federal,Brasília,ZUEC-PIS,17241,"Córrego Roncador (foz) (afl. Ribeirão Gama, afl. Lago Paranoá)",Characidium sp.,-15.93525,-47.891483,24,10,2009
Brasil,Distrito Federal,Brasília,ZUEC-PIS,17242,"Córrego Roncador (afl. córrego Taquara, afl. ribeirão Gama, afl. Lago Paranoá)",Characidium sp.,-15.939722,-47.890833,01,05,2005
Brasil,Distrito Federal,Brasília,ZUEC-PIS,17243,"Córrego Taquara, abaixo do córrego Tapera (afl. ribeirão Gama, afl. Lago Paranoá)",Characidium sp.,-15.919167,-47.903889,19,10,2005
Brasil,Distrito Federal,Brasília,ZUEC-PIS,17244,"Córrego Taquara, abaixo do córrego Tapera (afl. ribeirão Gama, afl. Lago Paranoá)",Characidium sp.,-15.906389,-47.905,20,10,2005
Brasil,Minas Gerais,Divino,ZUEC-PIS,17312,Ribeirão Bom Jesus (bacia do rio Paraíba do Sul),Characidium,-20.594722,-42.253611,24,06,2014
Brasil,São Paulo,Cachoeira Paulista,ZUEC-PIS,17452,"Rio Bravo (afl. Rio Bocaina), acima da PCH Cachoeira Paulista",Characidium cf. alipioi,-22.736667,-44.912222,11,11,2020
Brasil,Mato Grosso,Campinápolis,ZUEC-PIS,17626,"Rio Culuene, PCH Paranatinga II (lago), pouco abaixo da ponte",Characidium,-13.914444,-53.285278,11,01,2023
Brasil,Mato Grosso,Campinápolis,ZUEC-PIS,17639,"Rio Culuene, PCH Paranatinga II (lago), porção média",Characidium,-13.882778,-53.262222,11,01,2023
Brasil,Mato Grosso,Colniza,ZUEC-PIS,17742,"Rio Mureru (afl. Rio Aripuanã), P.E. Igarapés Juruena",Characidium,-8.964167,-53.051944,01,11,2007
Brasil,Mato Grosso,Colniza,ZUEC-PIS,17743,"Rio Mureru (afl. Rio Aripuanã), P.E. Igarapés Juruena",Characidium,-8.964167,-53.051944,01,11,2007
Brasil,Mato Grosso,Colniza,ZUEC-PIS,17772,"Rio Mureru, P.E. Igarapés Juruena",Characidium,-8.962778,-59.054444,02,11,2007
Brasil,Mato Grosso,Colniza,ZUEC-PIS,17816,"Igarapé afl. Rio Aripuanã, P.E. Igarapés Juruena (estrada do manejo florestal)",Characidium,-9.000556,-59.158611,08,11,2007
Brasil,Minas Gerais,Grão Mogol,ZUEC-PIS,17836,"Rio Itacambiruçu, à montante do final do reservatório da UHE Irapé",Characidium,-16.587778,-42.814722,06,04,2013
Brasil,São Paulo,Brotas,ZUEC-PIS,1793,Ribeirão do Pinheirinho,Characidium fasciatum,-22.280278,-48.119722,20,02,1987
Brasil,Tocantins,Porto Alegre de Tocantins,ZUEC-PIS,17936,Rio da Queimada (afl. Rio Manuel Alves),Characidium sp.,-11.621667,-47.001667,30,06,2023
Brasil,São Paulo,Brotas,ZUEC-PIS,1794,Ribeirão do Pinheirinho,Characidium fasciatum,-22.280278,-48.119722,20,02,1987
Brasil,Tocantins,Rio da Conceição,ZUEC-PIS,17945,"Rio Mombó (afl. Rio Manuel Alves da Natividade), estrada TO-476",Characidium cf. zebra,-11.498611,-46.842778,01,07,2023
Brasil,Tocantins,Monte do Carmo,ZUEC-PIS,17954,"Serra Alta, riacho afl. rio Água Suja",Characidium cf. zebra,-10.755833,-48.080278,15,07,2023
Brasil,Tocantins,Monte do Carmo,ZUEC-PIS,18298,"Serra Alta, riacho afl. rio Água Suja",Characidium sp.,-10.734722,-48.038333,15,07,2023
Brasil,Mato Grosso,Chapada dos Guimarães,ZUEC-PIS,18512,Rio Claro (aflunte do rio Coxipó),Characidium sp.,-15.333333,-55.891667,28,09,2005
Brasil,Acre,Mâncio Lima,ZUEC-PIS,13406,Igarapé Branco (afl. rio Juruá),Characidium sp.,-7.645278,-72.881944,30,09,2016
Brasil,Pará,Marapanim,ZUEC-PIS,14388,"Igarapé Timboteua, ponte na estrada Bom Jardim - Bussú (bacia do rio Marapanim)",Characidium cf. etheostoma,-1.011389,-47.604444,22,04,2012
Brasil,Pará,Capitão Poço,ZUEC-PIS,14477,Igarapé Água Fria (bacia do rio Capim/Guamá),Characidium cf. etheostoma,-2.199444,-47.331667,08,11,2011
Brasil,Mato Grosso,Alto Taquari,ZUEC-PIS,14604,"Ribeirão afl. rio Araguaia, Fazenda Riacho",Characidium cf. zebra,-17.725,-53.258333,16,11,2007
Brasil,Mato Grosso,Alto Taquari,ZUEC-PIS,14605,"Ribeirão afl. rio Araguaia, Fazenda Riacho",Characidium sp.,-17.725,-53.258333,16,11,2007
Brasil,Pará,Jacareacanga,ZUEC-PIS,14708,"Rio Teles Pires, Igarapé Preto (Comunidade Munduruku)",Characidium sp.,-8.365556,-57.665,05,07,2017
Brasil,Pará,Jacareacanga,ZUEC-PIS,14733,"Rio Teles Pires, cachoeira de Rasteira",Characidium hasemani,-8.745,-57.595833,08,07,2017
Brasil,Mato Grosso,Pontes e Lacerda,ZUEC-PIS,14735,Córrego Cabeceira (bacia do rio Guaporé),Characidium barbosai,-14.833333,-59.666667,02,06,2005
Brasil,Mato Grosso,Pontes e Lacerda,ZUEC-PIS,14736,Foz do Córrego Longa Vida (bacia do rio Guaporé),Characidium barbosai,-14.811667,-59.661944,02,06,2005
Brasil,Pará,Jacareacanga,ZUEC-PIS,14746,"Rio Teles Pires, Igarapé Preto (corredeira perto da aldeia Munduruku)",Characidium cf. declivirostre,-8.415833,-57.685833,06,07,2017
Brasil,Amazonas,Tabatinga,ZUEC-PIS,14905,"Igarapé do Urumutum, ramal do Urumutum",Characidium sp.,-4.209444,-69.913056,03,05,2017
Brasil,Amazonas,Tefé,ZUEC-PIS,15022,"Igarapé do Curupira, estrada da Agrovila",Characidium etheostoma,-3.429167,-64.739167,25,11,2017
Brasil,Amazonas,Tefé,ZUEC-PIS,15030,"Igarapé do Curupira, estrada da Agrovila",Characidium sp.,-3.429167,-64.739167,25,11,2017
Brasil,Amazonas,Atalaia do Norte,ZUEC-PIS,15184,Lago do rio Javari,Characidium etheostoma,-4.361111,-70.201389,13,11,2017
Brasil,Amazonas,Tabatinga,ZUEC-PIS,15324,Igarapé no ramal do Urumutum,Characidium sp.,-4.1675,-69.904167,20,11,2017
Brasil,Amazonas,Atalaia do Norte,ZUEC-PIS,15460,"Igarapé do Adolfo, estrada Benjamin Constant / Atalaia do Norte",Characidium sp.,-4.434722,-70.121944,11,11,2017
Brasil,Amazonas,Benjamin Constant,ZUEC-PIS,15500,Igarapé do Palhau (ramal do Incra),Characidium sp.,-4.407778,-70.023333,16,11,2017
Brasil,Amazonas,Benjamin Constant,ZUEC-PIS,15527,"Igarapé de Associação, estrada Benjamin Constant - Atalaia do Norte",Characidium sp.,-4.410278,-70.035556,17,11,2017
Brasil,Mato Grosso,Lucas do Rio Verde,ZUEC-PIS,15705,"Rio Verde, PCH Canoa Quebrada (escada de peixes)",Characidium sp.,-12.796944,-56.008056,14,12,2017
Brasil,Pará,Ourilândia do Norte,ZUEC-PIS,15807,Igarapé Águas Claras,Characidium cf. zebra,-6.566444,-51.049611,23,03,2009
Brasil,Pará,Ourilândia do Norte,ZUEC-PIS,15846,Igarapé Paxiubal,Characidium sp.,-6.617556,-51.162972,21,03,2009
Brasil,Mato Grosso,Paranatinga,ZUEC-PIS,15923,"Rio Culuene, Cachoeira do Adelino",Characidium hasemani,-13.795833,-53.245556,23,01,2018
Brasil,Mato Grosso,Paranatinga,ZUEC-PIS,15924,"Rio Culuene, Cachoeira do Adelino",Characidium sp.,-13.795833,-53.245556,23,01,2018
Brasil,Espírito Santo,Mimoso do Sul,MBML-PEIXES,1778,Córrego Boa Vista,Characidium alipioi,-21.064167,-41.366389,03,12,2002
Brasil,Espírito Santo,Divino de São Lourenço,MBML-PEIXES,2412,Córrego Limo Verde,Characidium alipioi,-20.570556,-41.749722,29,09,2009
Brasil,Bahia,São Desidério,MBML-PEIXES,11465,"Rio Grande, sob a estrada de terra entre a BA-462 e o povoado de Almas.",Characidium bahiense,-12.643333,-45.084444,26,03,2016
Brasil,Bahia,São Desidério,MBML-PEIXES,8736,Rio Grande sobre a estrada de terra entre a BA-462 e o povoado de almas.,Characidium bahiense,-12.643333,-43.084444,18,01,2014
Brasil,Sergipe,Moita Bonita,MBML-PEIXES,8076,Rio Corta Rio,Characidium bimaculatum,-10.434278,-37.351694,20,01,2011
Brasil,Bahia,Itamaraju,MBML-PEIXES,12879,"Afluente do rio Jucuruçu, na estrada para Jucuruçu, na periferia de Pau d'Alho.",Characidium cricarense,-16.906667,-39.754167,25,10,2004
Brasil,Espírito Santo,São Mateus,MBML-PEIXES,13549,"Rio Cricaré, na Cachoeira do Inferno.",Characidium cricarense,-18.706806,-40.268667,15,08,2017
Brasil,Espírito Santo,Água Doce do Norte,MBML-PEIXES,3480,Córrego Água Doce entre Governador Lacerda e Água Doce do Norte,Characidium cricarense,-18.564444,-40.957222,02,08,2010
Brasil,Espírito Santo,Água Doce do Norte,MBML-PEIXES,3484,Rio Preto na Estrada de Água Doce do Norte para Santo Agostinho,Characidium cricarense,-18.516667,-40.998889,02,08,2010
Brasil,Espírito Santo,Santa Teresa,MBML-PEIXES,4381,"Rio Santa Maria do Rio Doce, na estrada de terra entre São João de Petrópolis e Vila 25 de Julho, entre primeira e segunda ponte",Characidium cricarense,-19.783278,-40.652806,24,09,2011
Brasil,Espírito Santo,Santa Teresa,MBML-PEIXES,4388,"Rio Santa Maria do Rio Doce, entre São joão de Petrópolis e Vila 25 de Julho, sob a segunda ponte",Characidium cricarense,-19.772528,-40.634083,24,09,2011
Brasil,Espírito Santo,Santa Teresa,MBML-PEIXES,4456,"Santo Antonio, 05 de Novembro",Characidium cricarense,-19.821417,-40.641833,29,10,2011
Brasil,Espírito Santo,Conceição da Barra,MBML-PEIXES,4807,"Córrego Grande na Estrada que liga Costa Dourada á Pedro Canário, no entorno da REBIO Córrego Grande",Characidium cricarense,-18.296472,-39.794611,24,02,2012
Brasil,Espírito Santo,Pedro Canário,MBML-PEIXES,4808,"Córrego Douradão no asfalto do Picadão da Bahia após a BR-101, no entorno da REBIO Córrego Grande",Characidium cricarense,-18.180194,-39.910583,24,02,2012
Brasil,Espírito Santo,Conceição da Barra,MBML-PEIXES,4830,Córrego Grande no interior da REBIO Córrego Grande próximo ao limite sul da reserva entre o Km 08 e 09 da Trilha interna,Characidium cricarense,-18.29175,-39.816389,26,02,2012
Brasil,Espírito Santo,Pinheiros,MBML-PEIXES,7217,"Córrego Santo Antônio a jusante da foz do Córrego do Veado, próximo a estrada de terra à leste da REBIO Córrego do Veado.",Characidium cricarense,-18.346806,-40.100167,08,07,2013
Brasil,Espírito Santo,Pinheiros,MBML-PEIXES,7227,Córrego Santo Antônio na lateral leste da sede da REBIO Córrego do Veado.,Characidium cricarense,-18.454722,-40.141639,08,07,2013
Brasil,Espírito Santo,Pinheiros,MBML-PEIXES,7261,Córrego do Veado no lado leste da trilha interna da REBIO Córrego do Veado.,Characidium cricarense,-18.353778,-40.135833,09,07,2013
Brasil,Minas Gerais,Palmópolis,MBML-PEIXES,7501,"Rio do Prado (rio Jucuruçu) na estrada entre Rio do Prado e Palmópolis, próximo a cidade de Palmópolis.",Characidium cricarense,-16.735,-40.430833,29,11,2013
Brasil,Minas Gerais,Palmópolis,MBML-PEIXES,7508,"Córrego Paulino Laranjeira, próximo a foz no Ribeirão Dois de Abril.",Characidium cricarense,-16.851944,-40.3325,29,11,2013
Brasil,Mato Grosso,Paranatinga,MBML-PEIXES,8673,"Rio Culuene, no sistema de transposição de peixes da PCH Paranatinga.",Characidium declivirostre,-14.4317,-54.051102,14,07,2010
Brasil,Bahia,Uruçuca,MBML-PEIXES,6512,"Rio Água Preta de Mocambo, próximo a BA-656 na ponte.",Characidium deludens,-14.578611,-39.306944,05,06,2012
Brasil,Espírito Santo,Conceição da Barra,MBML-PEIXES,3127,Rio Angelim,Characidium fasciatum,-18.478611,-39.869167,01,08,1993
Brasil,Espírito Santo,Anchieta,MBML-PEIXES,3224,Rio Grande - próximo à Jaqueira na divisa entre Guarapari e Anchieta Estação 01,Characidium fasciatum,-20.806111,-40.645833,06,01,1989
Brasil,Minas Gerais,Guarda-Mor,MBML-PEIXES,7969,"Ribeirão das Traíras, tributário do rio Escurinho",Characidium fasciatum,-17.474722,-46.889722,21,08,2012
Brasil,Bahia,Porto Seguro,MBML-PEIXES,14209,"Trancoso, zona de amortecimento do Parque Nacional do Pau Brasil.",Characidium helmeri,-16.500278,-39.148333,16,03,2021
Brasil,Bahia,Porto Seguro,MBML-PEIXES,14225,"Reserva Particular do Patrimônio Natural #?# RPPN Rio do Brasil, próximo a BA-001.",Characidium helmeri,-16.555,-39.127778,12,03,2021
Brasil,Bahia,Porto Seguro,MBML-PEIXES,14232,Reserva Particular do Patrimônio Natural #?# RPPN Rio do Brasil.,Characidium helmeri,-16.548333,-39.133333,12,03,2021
Brasil,Bahia,Porto Seguro,MBML-PEIXES,14553,Entorno do Parque Nacional do Pau Brasil. Trancoso.,Characidium helmeri,-16.4858,-39.3613,11,02,2021
Brasil,Bahia,Porto Seguro,MBML-PEIXES,14615,Parque Nacional do Pau Brasil.,Characidium helmeri,-16.469639,-39.279553,18,01,2021
Brasil,Bahia,Porto Seguro,MBML-PEIXES,3969,"Rio das Águas, afluente do Rio Trancoso",Characidium helmeri,-16.553611,-39.1675,08,06,2010
Brasil,Bahia,Porto Seguro,MBML-PEIXES,3984,Rio Trancoso,Characidium helmeri,-16.571944,-39.178889,08,06,2010
Brasil,Bahia,Porto Seguro,MBML-PEIXES,6668,"Córrego Manoelzinho, afluente do rio do Norte, afluente do rio da Barra na RPPN rio do Brasil em Trancoso",Characidium helmeri,-16.5225,-39.141389,16,11,2012
Brasil,Bahia,Porto Seguro,MBML-PEIXES,6680,"Rio do Norte, afluente do rio da Barra na RPPN rio do Brasil em Trancoso",Characidium helmeri,-16.511111,-39.1425,23,07,2012
Brasil,Bahia,Porto Seguro,MBML-PEIXES,6708,Rio da Barra. Rio do Norte na RPPN rio do Brasil em Trancoso,Characidium helmeri,-16.529167,-39.150556,20,07,2012
Brasil,Bahia,Porto Seguro,MBML-PEIXES,6720,"Córrego Manuelzinho, afluente do Rio do Norte, contribuinte do Rio da Barra. Rppn II F Sol Poente em Trancoso.",Characidium helmeri,-16.5225,-39.141389,20,07,2012
Brasil,Bahia,Porto Seguro,MBML-PEIXES,7363,Rio Trancoso,Characidium helmeri,-16.585278,-39.093056,07,04,2001
Brasil,Bahia,Eunápolis,MBML-PEIXES,10395,Rio Buranhém (jusante à rodovia BR-101).,Characidium kamakan,-16.463056,-39.586389,01,07,2015
Brasil,Bahia,Itabela,MBML-PEIXES,10485,Rio Caraíva a montante da rodovia BR-101.,Characidium kamakan,-16.7175,-39.45,24,03,2015
Brasil,Bahia,Eunápolis,MBML-PEIXES,10519,Rio Buranhém à jusante da rodovia.,Characidium kamakan,-16.413056,-39.586389,29,03,2015
Brasil,Bahia,Itabela,MBML-PEIXES,10555,Rio Barriguda à montante da BR-101.,Characidium kamakan,-16.617778,-39.541111,01,08,2015
Brasil,Bahia,Itabela,MBML-PEIXES,1475,Rio São Gonçalo na Estrada de Itabela à Guaratinga,Characidium kamakan,-16.572222,-39.646944,06,01,2007
Brasil,Bahia,Guaratinga,MBML-PEIXES,1491,"Córrego Sete Ranchos, na Estrada Cotajás-Santo Antonio do Jacinto, próximo a divisa MG/BA",Characidium kamakan,-16.5775,-40.275278,07,01,2007
Brasil,Bahia,Santa Cruz Cabrália,MBML-PEIXES,1529,"Rio da Pedra Branca, entre a Usina Sta Cruz e a BR-367",Characidium kamakan,-16.196944,-39.376389,09,01,2007
Brasil,Bahia,Itabela,MBML-PEIXES,1545,"Córrego do Cemitério, próximo a nascente",Characidium kamakan,-16.821389,-39.501944,10,01,2007
Brasil,Bahia,Prado,MBML-PEIXES,1559,"Afluente do Rio Corumbau, próximo a Aldeia Nova, na divisa de Prado com Porto-Seguro",Characidium kamakan,-16.911667,-39.415278,11,01,2007
Brasil,Bahia,Jiquiriçá,MBML-PEIXES,1570,Afluente do Rio Jiquiriça na Estrada para Jiquiriça,Characidium kamakan,-13.420278,-39.612222,30,01,2007
Brasil,Bahia,Guaratinga,MBML-PEIXES,3851,Córrego Itú na Estrada Guaratinga - Buranhém em Guaratinga,Characidium kamakan,-16.536944,-39.871944,06,01,2007
Brasil,Minas Gerais,Santo Antônio do Jacinto,MBML-PEIXES,3854,"Córrego Sete Ranchos, na Estrada Cotajás-Santo Antonio do Jacinto, próximo a divisa MG/BA",Characidium kamakan,-16.600833,-40.284444,07,01,2007
Brasil,Bahia,Porto Seguro,MBML-PEIXES,3855,"Afluente do Rio dos Frades, próximo ao povoado de Queimados",Characidium kamakan,-16.554722,-39.42,09,01,2007
Brasil,Bahia,Prado,MBML-PEIXES,7364,"Afluente do Rio Corumbau, próximo a Aldeia Nova, na divisa de Prado com Porto-Seguro",Characidium kamakan,-16.911667,-39.415278,11,01,2007
Brasil,Bahia,Guaratinga,MBML-PEIXES,7498,Córrego Sete Rancho próximo a foz no córrego Tabocal na estrada entre Santo Antônio do Jacinto e Catajás.,Characidium kamakan,-16.5775,-40.275,28,11,2013
Brasil,Bahia,Guaratinga,MBML-PEIXES,7575,Córrego Sete Rancho próximo a foz no córrego Tabocal na estrada entre Santo Antônio do Jacinto e Catajás.,Characidium kamakan,-16.5775,-40.275,28,11,2013
Brasil,Rio de Janeiro,Silva Jardim,MBML-PEIXES,2095,Rio São João na ponte sobre a Estrada RJ-126,Characidium litorale,-22.55,-42.416667,20,05,2002
Brasil,Bahia,Jussari,MBML-PEIXES,1620,"Afluente do Rio Aliança, na RPPN Serra do Teimoso",Characidium samurai,-15.154722,-39.525278,04,02,2007
Brasil,Bahia,Camacan,MBML-PEIXES,4101,"Tributário do Rio Panelinha, afluente do Rio Panelão Distrito de São João do Panelinha",Characidium samurai,-15.365556,-39.499167,22,04,2011
Brasil,Bahia,Camacan,MBML-PEIXES,4104,"Tributário do Rio Panelinha, afluente do Rio Panelão Distrito de São João do Panelinha",Characidium samurai,-15.371111,-39.497222,22,04,2011
Brasil,Bahia,Uruçuca,MBML-PEIXES,9251,Rio Catolé no km 470 da BR-101.,Characidium samurai,-14.521389,-39.334444,15,02,2014
Brasil,Bahia,Ilhéus,MBML-PEIXES,9263,"Rio Sete Voltas, tributário do rio Tiriri próximo a BA-656.",Characidium samurai,-14.69,-39.193333,13,02,2014
Brasil,Bahia,Ilhéus,MBML-PEIXES,9281,Tributário do rio Almada próximo a BA-656.,Characidium samurai,-14.628056,-39.243333,11,02,2014
Brasil,Bahia,São Desidério,MBML-PEIXES,11832,"Rio Galheirão na BA-462, próximo ao Sítio Grande.",Characidium satoi,-12.490556,-45.200833,17,08,2016
Brasil,Bahia,São Desidério,MBML-PEIXES,10206,"Rio Grande, sob a estrada de terra entre a BA-462 e o povoado de Almas.",Characidium sp.,-12.643333,-45.084444,28,02,2015
Brasil,Bahia,São Desidério,MBML-PEIXES,10219,"Rio Galheirão na BA-462, próximo a Sítio Grande.",Characidium sp.,-12.490556,-45.200833,26,02,2015
Brasil,Bahia,Teixeira de Freitas,MBML-PEIXES,10479,Rio Itanhem a montante da rodovia BR-101,Characidium sp.,-17.511667,-39.706667,18,03,2015
Brasil,Espírito Santo,Barra de São Francisco,MBML-PEIXES,1053,Rio Itaúnas,Characidium sp.,-18.822222,-40.895833,26,08,2000
Brasil,Espírito Santo,Barra de São Francisco,MBML-PEIXES,1068,Córrego de Barra Funda,Characidium sp.,-18.755,-40.890833,27,08,2001
Brasil,Espírito Santo,Muniz Freire,MBML-PEIXES,1087,Ribeirão da Boa Vista,Characidium sp.,-20.464167,-41.539722,20,10,2003
Brasil,Bahia,Correntina,MBML-PEIXES,10927,"Rio Guará, tributário do rio Correntina.",Characidium sp.,-12.996667,-44.805556,25,08,2015
Brasil,Espírito Santo,Santa Leopoldina,MBML-PEIXES,10968,Rio Mangaraí.,Characidium sp.,-20.179458,-40.502931,06,10,2015
Brasil,Espírito Santo,Santa Leopoldina,MBML-PEIXES,10976,Rio Mangaraí.,Characidium sp.,-20.179458,-40.502931,06,10,2015
Brasil,Espírito Santo,Santa Leopoldina,MBML-PEIXES,10980,Rio Mangaraí.,Characidium sp.,-20.171272,-40.496919,07,10,2015
Brasil,Espírito Santo,Santa Leopoldina,MBML-PEIXES,10985,Rio Mangaraí.,Characidium sp.,-20.171272,-40.496919,07,10,2015
Brasil,Espírito Santo,Santa Leopoldina,MBML-PEIXES,10997,Rio Mangaraí.,Characidium sp.,-20.159528,-40.456389,05,10,2015
Brasil,Minas Gerais,Governador Valadares,MBML-PEIXES,11222,"Ribeirão São Félix, rio Corrente Grande na Bacia do Rio Doce.",Characidium sp.,-2.001111,-42.230556,NA,NA,NA
Brasil,Minas Gerais,Governador Valadares,MBML-PEIXES,11224,"Rio Doce, Ensecadeiras da UEH Baguari.",Characidium sp.,-19.022222,-42.124722,NA,NA,NA
Brasil,Bahia,São Desidério,MBML-PEIXES,11379,"Rio Roda Velha, próximo ao povoado de Roda Velha de Baixo.",Characidium sp.,-12.716667,-45.848056,24,03,2016
Brasil,Bahia,Andaraí,MBML-PEIXES,11526,Córrego dos Padres.,Characidium sp.,-12.805,-41.33,28,05,2014
Brasil,Espírito Santo,Santa Leopoldina,MBML-PEIXES,11616,"Rio Mangaraí, próximo ao trevo - Tirol, Holanda e Rio do Meio.",Characidium sp.,-19.464167,-40.6075,11,07,2016
Brasil,Espírito Santo,Santa Leopoldina,MBML-PEIXES,11622,"Rio Mangaraí, próximo a estrada de Barra do Mangaraí para Tirol.",Characidium sp.,-20.171272,-40.496919,12,07,2016
Brasil,Espírito Santo,Santa Leopoldina,MBML-PEIXES,11624,Rio Mangaraí.,Characidium sp.,-20.159528,-40.456389,13,07,2016
Brasil,Espírito Santo,Nova Venécia,MBML-PEIXES,11633,PCH Cachoeira do Inferno.,Characidium sp.,-18.707733,-40.283036,28,06,2016
Brasil,Espírito Santo,Nova Venécia,MBML-PEIXES,11648,PCH Cachoeira do Inferno.,Characidium sp.,-18.707733,-40.283036,30,06,2016
Brasil,Espírito Santo,Pedro Canário,MBML-PEIXES,1252,Ribeirão do Engano,Characidium sp.,-18.208056,-40.045,16,02,2001
Brasil,Bahia,São Desidério,MBML-PEIXES,12583,"Rio galheirão, na BA-462 próximo ao Sítio Grande.",Characidium sp.,-12.490556,-45.200833,20,03,2017
Brasil,Espírito Santo,Santa Leopoldina,MBML-PEIXES,127,Ribeirão Cubrixá Mirim,Characidium sp.,-20.127778,-40.551667,14,10,1997
Brasil,Espírito Santo,Boa Esperança,MBML-PEIXES,12819,A montante do eixo do barramento no rio Itauninhas na área da barragem de Pinheiros.,Characidium sp.,-18.485278,-40.200556,06,09,2017
Brasil,Espírito Santo,Boa Esperança,MBML-PEIXES,12846,A montante do eixo do barramento no rio Iyauninhas na área da barragem de Pinheiros.,Characidium sp.,-18.496389,-40.234722,06,09,2017
Brasil,Espírito Santo,Boa Esperança,MBML-PEIXES,12876,A jusante do eixo do barramento no rio Itauninhas na área da barragem de Pinheiros.,Characidium sp.,-18.480556,-40.193333,05,09,2017
Brasil,Minas Gerais,Conceição do Mato Dentro,MBML-PEIXES,12946,Tributário da margem direita do rio do Peixe. Rio Santo Antônio do Doce.,Characidium sp.,-18.934722,-43.398889,24,10,2012
Brasil,Minas Gerais,Alvorada de Minas,MBML-PEIXES,12947,"Rio das Pedras, afluente da margem direita do Rio do Peixe. Rio Santo Antônio do Doce.",Characidium sp.,-18.754444,-43.447222,24,10,2012
Brasil,Espírito Santo,Água Doce do Norte,MBML-PEIXES,13233,"Rio Preto, na estrada de Água Doce do Norte para Santo Agostinho.",Characidium sp.,-18.516667,-40.998889,02,08,2010
Brasil,Espírito Santo,Rio Novo do Sul,MBML-PEIXES,13782,"Córrego Cabral, Rio Novo do Sul.",Characidium sp.,-20.751111,-40.968889,22,02,2019
Brasil,Espírito Santo,Alfredo Chaves,MBML-PEIXES,1379,Córrego Cachoeira Alta na Cachoeira Tororama.,Characidium sp.,-20.635,-40.749722,29,07,2005
Brasil,Espírito Santo,Rio Novo do Sul,MBML-PEIXES,13809,"Córrego Cabral, Rio Novo do Sul.",Characidium sp.,-20.751111,-40.968889,18,08,2018
Brasil,Espírito Santo,Muniz Freire,MBML-PEIXES,13857,Rio Braço Norte Esquerdo. Muniz Freire,Characidium sp.,-20.369167,-41.408333,24,10,2018
Brasil,Espírito Santo,Mantenópolis,MBML-PEIXES,13898,"Rio Itaúnas, Mantenópolis",Characidium sp.,-18.803889,-40.878333,24,08,2018
Brasil,Espírito Santo,Mantenópolis,MBML-PEIXES,13921,"Córrego Cachoeirinha, Mantenópolis",Characidium sp.,-18.862499,-41.122799,24,08,2018
Brasil,Minas Gerais,São Sebastião do rio Preto,MBML-PEIXES,14018,São Sebastião do rio Preto,Characidium sp.,-19.296111,-43.206111,25,09,2018
Brasil,Minas Gerais,Joanésia,MBML-PEIXES,14031,Joanésia,Characidium sp.,-19.158889,-42.741111,26,09,2018
Brasil,Minas Gerais,São Sebastião do rio Preto,MBML-PEIXES,14075,São Sebastião do rio Preto,Characidium sp.,-19.292222,-43.2575,02,05,2019
Brasil,Espírito Santo,Vila Pavão,MBML-PEIXES,14101,Córrego da Poaia,Characidium sp.,-18.609306,-40.766556,19,02,2023
Brasil,Espírito Santo,Viana,MBML-PEIXES,14815,"Ribeirão Santo Agostinho, próximo a BR-262.",Characidium sp.,-20.381389,-40.504167,16,04,2024
Brasil,Minas Gerais,Jacinto,MBML-PEIXES,1499,"Córrego Enxadinha próximo da entrada de Jacinto, no sentido Jaguarão-Jacinto",Characidium sp.,-16.224444,-40.286389,07,01,2007
Brasil,Minas Gerais,Jacinto,MBML-PEIXES,1502,"Córrego Areinha, no lado direito da Estrada Jacinto-Salto da Divisa",Characidium sp.,-16.158611,-40.233333,08,01,2007
Brasil,Bahia,Itagimirim,MBML-PEIXES,1514,Afluente do Rio Ribeira na entrada para União Baiana,Characidium sp.,-16.109444,-39.840556,08,01,2007
Brasil,Bahia,Jussari,MBML-PEIXES,1605,Afluente do Rio Colonia,Characidium sp.,-15.216667,-39.520278,04,02,2007
Brasil,Espírito Santo,Pancas,MBML-PEIXES,1719,"Córrego São Bento, afluente do Rio Pancas São Bento",Characidium sp.,-19.189167,-40.762778,05,02,2003
Brasil,Espírito Santo,Iúna,MBML-PEIXES,1732,"Córrego Palmital afluente do Ribeirão Santa Cruz, tributário do Rio Santa Clara",Characidium sp.,-20.296667,-41.691389,14,01,2003
Brasil,Espírito Santo,Pancas,MBML-PEIXES,1751,"Córrego Ubá, afluente do Rio Pancas",Characidium sp.,-19.123889,-40.814444,05,02,2003
Brasil,Espírito Santo,Mimoso do Sul,MBML-PEIXES,1810,Córrego do Farol.,Characidium sp.,-21.064167,-41.366389,03,02,2002
Brasil,Espírito Santo,Pancas,MBML-PEIXES,1850,"Córrego do Roque, afluente do Córrego Ubá, contibuinte do Rio Pancas",Characidium sp.,-19.096389,-40.818056,05,02,2003
Brasil,Espírito Santo,Afonso Cláudio,MBML-PEIXES,2296,"Rio do Peixe, ponte em estrada lateral antes de Afonso Cláudio",Characidium sp.,-20.1275,-41.135833,14,06,2009
Brasil,Espírito Santo,São José do Calçado,MBML-PEIXES,2365,Rio Calçado,Characidium sp.,-21.068333,-41.668889,28,09,2009
Brasil,Espírito Santo,Dores do Rio Preto,MBML-PEIXES,2399,Córrego da Piedade,Characidium sp.,-20.685556,-41.836944,29,09,2009
Brasil,Espírito Santo,Ibitirama,MBML-PEIXES,2417,Ribeirão Santa Marta na cachoeira Santa Marta,Characidium sp.,-20.655278,-41.718889,30,09,2009
Brasil,Espírito Santo,Iúna,MBML-PEIXES,2431,Córrego Jatobá afluente do Rio Pardo,Characidium sp.,-20.404444,-41.514167,30,09,2009
Brasil,Espírito Santo,Muniz Freire,MBML-PEIXES,2445,"Córrego Lajinha afluente do Córrego Bugarim, tributário do Córrego Amorim",Characidium sp.,-20.504722,-41.421944,01,10,2009
Brasil,Espírito Santo,Alegre,MBML-PEIXES,2461,Ribeirão São Bartolomeu à jusante de Cachoeira Braúna,Characidium sp.,-20.781389,-41.453333,01,10,2009
Brasil,Espírito Santo,Cariacica,MBML-PEIXES,2740,Reserva Biológica de Duas Bocas Córrego Pau Amarelo antes da represa velha e depois de cruzar o Córrego Itaquaruçú,Characidium sp.,-20.2675,-40.503056,19,04,1986
Brasil,Paraná,Porto Rico,MBML-PEIXES,3043,Lagoa da Ilha Porto Rico - Rio Paraná,Characidium sp.,-22.772222,-53.266944,23,07,1989
Brasil,Espírito Santo,Serra,MBML-PEIXES,3050,Ribeirão Juara,Characidium sp.,-20.098333,-40.2675,28,11,1988
Brasil,Piauí,Campo Maior,MBML-PEIXES,3086,Rio Tamanduá,Characidium sp.,-4.827778,-42.168611,15,01,1990
Brasil,Piauí,Campo Maior,MBML-PEIXES,3088,Rio Tamanduá,Characidium sp.,-4.827778,-42.168611,15,01,1990
Brasil,Espírito Santo,Ecoporanga,MBML-PEIXES,3418,Córrego Facão em Imburana,Characidium sp.,-18.253333,-40.725278,23,06,2010
Brasil,Espírito Santo,São Roque do Canaã,MBML-PEIXES,3422,"Na ponte do rio Santa Maria do Rio Doce, no povoado de São Pedro",Characidium sp.,-19.693333,-40.671944,01,07,2010
Brasil,Espírito Santo,Barra de São Francisco,MBML-PEIXES,3471,Rio Itaúnas entre Cachoeirinha do Itaúnas e Barra de São Francisco,Characidium sp.,-18.846944,-40.937222,02,08,2010
Brasil,Espírito Santo,Ecoporanga,MBML-PEIXES,3497,Rio Dois de Setembro na Estrada de Ecoporanga para Imburana,Characidium sp.,-18.336944,-40.798611,03,08,2010
Brasil,Espírito Santo,Montanha,MBML-PEIXES,3512,Córrego da Montanha na BR-209/ES-130 na entrada de Montanha,Characidium sp.,-18.123056,-40.369444,03,08,2010
Brasil,Espírito Santo,Boa Esperança,MBML-PEIXES,3530,Rio Itauninhas sob a ponte da ES-130 entre Pinheiros e Boa Esperança,Characidium sp.,-18.495833,-40.267778,03,08,2010
Brasil,Espírito Santo,Boa Esperança,MBML-PEIXES,3545,Rio Cotaxé na Cachoeira Tapira na estradinha de terra que sai da ES-310 entre Nova Venécia e Boa Esperança,Characidium sp.,-18.577778,-40.2825,04,08,2010
Brasil,Espírito Santo,Águia Branca,MBML-PEIXES,3568,Rio Braço Sul na ES-080 entre São Domingos do Norte e Águia Branca,Characidium sp.,-19.097778,-40.6725,04,08,2010
Brasil,Espírito Santo,São Roque do Canaã,MBML-PEIXES,3633,"Cachoeira do Melotti, rio Santa Julia",Characidium sp.,-19.689722,-40.698333,28,08,2010
Brasil,Espírito Santo,Santa Teresa,MBML-PEIXES,37,Rio Tabocas,Characidium sp.,-19.935556,-40.600278,18,01,1997
Brasil,Espírito Santo,Itapemirim,MBML-PEIXES,3739,Rio Muqui do Norte na Es-162 (Rodovia Alberico de Souza Jordão) entrea BR-101 e Presidente Kennedy na divisa com Itapemirim,Characidium sp.,-21.016667,-41.086667,22,10,2010
Brasil,Bahia,Itamaraju,MBML-PEIXES,3836,"Alfuente do Rio Jucuruçu na estrada para Jucuruçu, na periferia de Pau d'Alho",Characidium sp.,-16.906667,-39.754167,25,10,2004
Brasil,Bahia,Jucuruçu,MBML-PEIXES,3837,"Rio Jucuruçu, 2 Km antes de Jucuruçu na estrada Itamaraju- Jucuruçu",Characidium sp.,-16.836111,-40.144444,26,10,2004
Brasil,Bahia,Jucuruçu,MBML-PEIXES,3838,Córrego da Onça Estrada Jucuruçu-Jeribá Marco da divisa MG/ BA,Characidium sp.,-16.830278,-40.251389,26,10,2004
Brasil,Minas Gerais,Palmópolis,MBML-PEIXES,3839,Rio Dois de Abril no povoado de Dois de Abril,Characidium sp.,-16.846667,-40.316667,26,10,2004
Brasil,Minas Gerais,Palmópolis,MBML-PEIXES,3840,Ribeirao Dois de Abril à montante de Geribá na fazenda Antônio Gildo,Characidium sp.,-16.838611,-40.405833,26,10,2004
Brasil,Minas Gerais,Palmópolis,MBML-PEIXES,3842,"Córrego Seco, na estrada para Umburaninhas e Batinga (afluente da margem direita do Jucuruçu)",Characidium sp.,-16.848611,-40.408611,27,10,2004
Brasil,Espírito Santo,Iúna,MBML-PEIXES,4152,Córrego Jatobá afluente do Rio Pardo,Characidium sp.,-20.404444,-41.514167,17,05,2011
Brasil,Espírito Santo,Colatina,MBML-PEIXES,4200,Córrego das Piabas,Characidium sp.,-19.499722,-40.778333,02,07,2011
Brasil,Espírito Santo,Santa Teresa,MBML-PEIXES,421,Córrego Santo Antônio na parte baixa.,Characidium sp.,-19.935556,-40.600278,28,08,1997
Brasil,Espírito Santo,Ibitirama,MBML-PEIXES,4320,Ribeirão São Domingos no entorno do Parque Nacional do Caparaó,Characidium sp.,-20.561556,-41.840972,10,09,2011
Brasil,Espírito Santo,Colatina,MBML-PEIXES,4353,Rio São João Pequeno na Fazenda Prucoli,Characidium sp.,-19.4825,-40.742778,10,09,2011
Brasil,Espírito Santo,Santa Teresa,MBML-PEIXES,436,Rio Santa Maria do Rio Doce na Cachoeira do Rúdio,Characidium sp.,-19.836389,-40.690833,30,06,2000
Brasil,Espírito Santo,Santa Teresa,MBML-PEIXES,4361,Rio Santa Maria do Rio Doce na Cachoeira do Rúdio,Characidium sp.,-19.836389,-40.690833,30,06,2000
Brasil,Espírito Santo,Conceição da Barra,MBML-PEIXES,4717,"Córrego Grande na Estrada que liga Costa dourada à Pedro Canário, no entorno da REBIO Córrego Grande",Characidium sp.,-18.296472,-39.794611,24,02,2012
Brasil,Espírito Santo,Conceição da Barra,MBML-PEIXES,4733,"Córrego Douradão no asfalto do Picadão da Bahia após a BR-101, non entorno da REBIO Córrego Grande",Characidium sp.,-18.178806,-39.910583,24,02,2012
Brasil,Espírito Santo,Montanha,MBML-PEIXES,499,Rio do Sul,Characidium sp.,-18.318056,-40.2525,17,02,2001
Brasil,Espírito Santo,Sooretama,MBML-PEIXES,5146,Córrego Paraisópolis próximo a ponte no interior da REBIO de Sooretema,Characidium sp.,-18.981694,-40.241806,21,04,2012
Brasil,Espírito Santo,Muniz Freire,MBML-PEIXES,525,Rio Norte Braço Esquerdo UHE Muniz Freire,Characidium sp.,-20.456111,-41.474722,05,06,2001
Brasil,Bahia,Aurelino Leal,MBML-PEIXES,5291,"Rio da Visagem, próximo a foz do Banco",Characidium sp.,-14.357639,-39.422806,26,04,2012
Brasil,Espírito Santo,Anchieta,MBML-PEIXES,551,Rio Salinas,Characidium sp.,-20.703333,-40.769167,02,03,2001
Brasil,Minas Gerais,Espera Feliz,MBML-PEIXES,5662,Rio São João,Characidium sp.,-20.594444,-41.975278,10,07,2012
Brasil,Minas Gerais,Santa Margarida,MBML-PEIXES,5708,"Córrego Venda Nova- Tributário do rio Santa Margarida- Tributario do Ribeirão São domingos, próximo a foz do Ribeirão Bom Retiro",Characidium sp.,-20.412944,-42.238889,13,07,2012
Brasil,Espírito Santo,Dores do Rio Preto,MBML-PEIXES,5726,Rio Caparaozinho á montante da foz do Córrego Fazenda Velha,Characidium sp.,-20.712833,-41.815889,09,07,2012
Brasil,Minas Gerais,Espera Feliz,MBML-PEIXES,5735,"Rio São João, entre o Córrego Ventania e o Córrego Grande",Characidium sp.,-20.587222,-41.9835,10,07,2012
Brasil,Minas Gerais,Matipó,MBML-PEIXES,5769,Rio São João à jusante do Córrego da Boa sorte Entre córrego da Boa Sorte com Espera Feliz,Characidium sp.,-20.609694,-41.938222,10,07,2012
Brasil,Espírito Santo,Iúna,MBML-PEIXES,5911,Córrego Ponte Alta afluente do Rio Pardo (A M E Rio Pardo),Characidium sp.,-20.378333,-41.497222,16,05,2002
Brasil,Espírito Santo,Pedro Canário,MBML-PEIXES,5927,"Afluente do Rio Itaúnas à montante do Córrego da Cruz, próximo a ES-209",Characidium sp.,-18.270833,-40.010833,01,01,2004
Brasil,Espírito Santo,Brejetuba,MBML-PEIXES,6227,Córrego da Passagem na estrada de terra entre Brejetuba e Afonso Cláudio,Characidium sp.,-20.125833,-41.279722,11,08,2012
Brasil,Espírito Santo,Brejetuba,MBML-PEIXES,6233,Ribeirão Santa Rita em Barra de Santa Rita na estrada de terra entre Brejetuba e Afonso Cláudio,Characidium sp.,-20.101944,-41.260278,11,08,2012
Brasil,Espírito Santo,São José do Calçado,MBML-PEIXES,6314,Rio Calçado -na ES-181- próximo a Alto Calçado.,Characidium sp.,-20.945361,-41.622306,04,04,2012
Brasil,Espírito Santo,São José do Calçado,MBML-PEIXES,6321,"Córrego Calçado, próximo a foz do rio Estrela.",Characidium sp.,-20.942944,-41.608944,04,04,2012
Brasil,Espírito Santo,Barra de São Francisco,MBML-PEIXES,633,Córrego da Penha,Characidium sp.,-18.741667,-40.9325,27,08,2000
Brasil,Espírito Santo,Itaguaçu,MBML-PEIXES,637,Fazenda Coser,Characidium sp.,-19.801667,-40.855556,08,09,2000
Brasil,Espírito Santo,Ibitirama,MBML-PEIXES,6456,Rio Pedra Roxa- no PARNA Caparaó.,Characidium sp.,-20.396944,-41.735556,28,09,2012
Brasil,Espírito Santo,Iúna,MBML-PEIXES,6459,Afluente do Rio Santa Clara no entorno do PARNA Caparaó.,Characidium sp.,-20.333333,-41.746667,28,09,2012
Brasil,Espírito Santo,Itarana,MBML-PEIXES,649,Córrego Jatibocas,Characidium sp.,-19.873889,-40.875278,19,04,2001
Brasil,Espírito Santo,Mucurici,MBML-PEIXES,6573,"Afluente do rio Itaúnas, próxio a ES-130.",Characidium sp.,-18.003611,-40.408333,12,12,2012
Brasil,São Paulo,Pontes Gestal,MBML-PEIXES,6603,"Rio Preto, afluente do rio Turvo, contribuinte do rio Grande, na área de lazer da cachoeira de São Roberto.",Characidium sp.,-20.185917,-49.685111,17,06,2012
Brasil,Espírito Santo,Itarana,MBML-PEIXES,691,Córrego Jatibocas,Characidium sp.,-19.873889,-40.875278,10,08,2000
Brasil,Espírito Santo,Domingos Martins,MBML-PEIXES,6949,"Córrego Santa Ursula, próximo a estrada de terra na localidade Suído de Cima.",Characidium sp.,-20.380278,-40.724444,18,07,2013
Brasil,Espírito Santo,Marechal Floriano,MBML-PEIXES,6968,"Rio Jucu, braço sul, próximo a ES 470, Paraju, comunidade Boa Esperança.",Characidium sp.,-20.404056,-40.766806,17,07,2013
Brasil,Espírito Santo,Domingos Martins,MBML-PEIXES,6981,"Córrego dos Cavalos, próximo a BR-262.",Characidium sp.,-20.406,-40.971667,17,07,2013
Brasil,Espírito Santo,Itaguaçu,MBML-PEIXES,699,Rio Santa Joana Fazenda Coser,Characidium sp.,-19.801667,-40.855556,07,03,2001
Brasil,Espírito Santo,Ecoporanga,MBML-PEIXES,7005,"Córrego Café, tributário do Rio 2 de Setembro.",Characidium sp.,-18.313333,-40.847778,15,07,2013
Brasil,Espírito Santo,Ecoporanga,MBML-PEIXES,7009,"Afluente do Córrego Café, tributário do Rio 2 de Setembro.",Characidium sp.,-18.323611,-40.836389,15,07,2013
Brasil,Espírito Santo,Itarana,MBML-PEIXES,703,Rio Santa Joana,Characidium sp.,-19.873889,-40.875278,19,08,2000
Brasil,Bahia,Aurelino Leal,MBML-PEIXES,7059,"Ribeirão Visagem, afluente do Rio do Branco próximo a foz.",Characidium sp.,-14.357778,-39.422778,23,11,2012
Brasil,Espírito Santo,Pinheiros,MBML-PEIXES,7277,"Afluente do Córrego Santo Antônio na estrada de terra Pinheiros-BR101, a 3,4 Km à leste da REBIO Córrego do Veado.",Characidium sp.,-18.370056,-40.113194,08,07,2013
Brasil,Espírito Santo,Pancas,MBML-PEIXES,7621,"Córrego São Luís, próximo a foz Ribeirão Panquinhas.",Characidium sp.,-19.229444,-40.814444,11,12,2013
Brasil,Espírito Santo,Pinheiros,MBML-PEIXES,7302,"Córrego do Veado no lado oeste, natrilha interna da REBIO Córrego do Veado.",Characidium sp.,-18.344389,-40.161139,09,07,2013
Brasil,Espírito Santo,Pinheiros,MBML-PEIXES,7318,"Córrego São Roque no lado oeste, na trilha interna da REBIO Córrego do Veado.",Characidium sp.,-18.314722,-40.152806,09,07,2013
Brasil,Bahia,Itanhém,MBML-PEIXES,7366,"Córrego Surpresa (localmente chamado de rio Brejão) Estrada Geribá - Itanhém, antes da Vila Santa Rita",Characidium sp.,-16.994722,-40.397778,27,10,2004
Brasil,Bahia,Prado,MBML-PEIXES,7367,"Córrego dos Palmares, na Estrada Corumbau-Guarani via Palmares, antes de chegar a Palmares",Characidium sp.,-16.940278,-39.33,24,10,2004
Brasil,Espírito Santo,Barra de São Francisco,MBML-PEIXES,7371,Rio Itaúnas entre Cachoeirinha do Itaúnas e Barra de São Francisco,Characidium sp.,-18.846944,-40.937222,02,08,2010
Brasil,Espírito Santo,Pancas,MBML-PEIXES,7372,"Córrego São Bento, afluente do Rio Pancas São Bento",Characidium sp.,-19.189167,-40.762778,05,02,2003
Brasil,Espírito Santo,Montanha,MBML-PEIXES,7375,Córrego da Montanha na BR-209/ES-130 na entrada de Montanha,Characidium sp.,-18.123056,-40.369444,03,08,2010
Brasil,Espírito Santo,Anchieta,MBML-PEIXES,7381,Rio Salinas,Characidium sp.,-20.703333,-40.769167,02,03,2001
Brasil,Espírito Santo,Mimoso do Sul,MBML-PEIXES,7382,Córrego Boa Vista,Characidium sp.,-21.064167,-41.366389,03,12,2002
Brasil,Espírito Santo,Barra de São Francisco,MBML-PEIXES,7385,Córrego de Ouro,Characidium sp.,-18.734167,-40.836389,26,08,2000
Brasil,Espírito Santo,Iúna,MBML-PEIXES,7386,Rio Pedregulho no Parque Nacional do Caparaó,Characidium sp.,-20.349083,-41.755139,10,09,2011
Brasil,Espírito Santo,Montanha,MBML-PEIXES,7476,"Rio Itaúnas, sob a ES-130.",Characidium sp.,-18.008056,-40.3975,28,11,2013
Brasil,Minas Gerais,Santo Antônio do Jacinto,MBML-PEIXES,7492,Córrego Tabocal na estrada entre Santo Antônio do Jacinto e Catajás.,Characidium sp.,-16.568889,-40.278333,28,11,2013
Brasil,Espírito Santo,Conceição da Barra,MBML-PEIXES,758,Rio Itaunas na ponte,Characidium sp.,-18.310556,-39.955278,NA,NA,NA
Brasil,Minas Gerais,Palmópolis,MBML-PEIXES,7581,"Rio do Prado (rio Jucuruçu) na estrada entre Rio do Prado e Palmópolis, próximo a cidade de Palmópolis.",Characidium sp.,-16.735,-40.430833,29,11,2013
Brasil,Minas Gerais,Palmópolis,MBML-PEIXES,7587,"Córrego Paulino Laranjeira, próximo a foz no Ribeirão Dois de Abril.",Characidium sp.,-16.851944,-40.3325,29,11,2013
Brasil,Bahia,Jucuruçu,MBML-PEIXES,7588,Rio Jucuruçu próximo da foz do Rio da Prata.,Characidium sp.,-16.836111,-40.144028,29,11,2013
Brasil,Espírito Santo,Montanha,MBML-PEIXES,7702,"Afluente do rio Itaúnas no km 10,3 da ES-130",Characidium sp.,-18.014167,-40.398889,17,12,2013
Brasil,Espírito Santo,Pedro Canário,MBML-PEIXES,7705,Rio Itáúnas na ES-209 próximo ao povoado de Cristal Norte,Characidium sp.,-18.091389,-40.114722,17,12,2013
Brasil,Espírito Santo,Pedro Canário,MBML-PEIXES,7711,Ribeirão do Engano sob a ponte da ES-209,Characidium sp.,-18.207778,-40.044722,17,12,2013
Brasil,Minas Gerais,Açucena,MBML-PEIXES,7758,"Ribeirão São Félix, tributário da margem esquerda do rio Corrente Grande",Characidium sp.,-19.001389,-42.230556,25,10,2012
Brasil,Minas Gerais,Governador Valadares,MBML-PEIXES,7772,"Ribeirão Caramanho, afluente da margem esquerda do Rio Doce",Characidium sp.,-18.999722,-42.125,25,10,2012
Brasil,Minas Gerais,Conceição de Ipanema,MBML-PEIXES,7782,"Rio José Pedro, tributário da margem direita do rio Manhuaçu",Characidium sp.,-19.984167,-41.7175,11,07,2012
Brasil,Minas Gerais,Açucena,MBML-PEIXES,7790,"Ribeirão São Mateus, afluente da margem direita do rio Corrente Grande ""Expedição Bajuari""",Characidium sp.,-18.99,-42.315833,23,04,2013
Brasil,Espírito Santo,Itarana,MBML-PEIXES,787,Córrego Jatibocas,Characidium sp.,-19.873889,-40.875278,12,10,2000
Brasil,Minas Gerais,Paracatu,MBML-PEIXES,7905,"Ribeirão das Traíras, tributário do rio Escurinho",Characidium sp.,-17.494722,-46.970833,22,08,2012
Brasil,Minas Gerais,Paracatu,MBML-PEIXES,7940,"Córrego sem nome, tributário do Rio Escurinho",Characidium sp.,-17.352222,-46.855833,25,08,2012
Brasil,Minas Gerais,Paracatu,MBML-PEIXES,7954,"Ribeirão das Traíras, tributário do rio Escurinho",Characidium sp.,-17.491111,-46.816667,23,08,2012
Brasil,Minas Gerais,Paracatu,MBML-PEIXES,7965,"Córrego Morro Agudo, tributário do rio Escurinho",Characidium sp.,-17.514444,-46.824722,22,08,2012
Brasil,Minas Gerais,Guarda-Mor,MBML-PEIXES,7968,"Ribeirão das Traíras, tributário do rio Escurinho",Characidium sp.,-17.474722,-46.889722,21,08,2012
Brasil,Minas Gerais,Paracatu,MBML-PEIXES,8015,Rio Santa Isabel afluente do rio Escurinho,Characidium sp.,-17.307222,-46.933611,17,11,2012
Brasil,Minas Gerais,Paracatu,MBML-PEIXES,8050,"Córrego sem nome, tributário do rio Santa Isabel afluente do rio Escurinho",Characidium sp.,-17.352222,-46.855833,18,11,2012
Brasil,Espírito Santo,Mimoso do Sul,MBML-PEIXES,8158,"Córrego Paraíso, afluente do Córrego do Loro",Characidium sp.,-21.073,-41.275556,04,05,2014
Brasil,Espírito Santo,Guaçuí,MBML-PEIXES,8173,"Córrego São Domingos, próximo ao Km 88 da ES-482",Characidium sp.,-20.780972,-41.762778,09,05,2014
Brasil,Espírito Santo,Irupi,MBML-PEIXES,8193,Rio Santa Clara em Santa Clara de Minas,Characidium sp.,-20.325306,-41.75,10,05,2014
Brasil,Espírito Santo,Muniz Freire,MBML-PEIXES,8221,"Córrego Bugarim, afluente do córrego Amorim, sob a ES-181",Characidium sp.,-20.505917,-41.423889,11,05,2014
Brasil,Espírito Santo,São José do Calçado,MBML-PEIXES,8273,"Córrego Perobas, próximo ao Km 232 da ES-484",Characidium sp.,-20.989722,-41.654444,03,05,2014
Brasil,Espírito Santo,Mimoso do Sul,MBML-PEIXES,8293,"Córrego Santa Marta, próximo a ES-177",Characidium sp.,-21.038806,-41.353889,04,05,2014
Brasil,Espírito Santo,Mimoso do Sul,MBML-PEIXES,8306,"Córrego Paraíso, afluente do Córrego do Loro",Characidium sp.,-21.073,-41.275556,04,05,2014
Brasil,Espírito Santo,Guaçuí,MBML-PEIXES,8319,"Córrego São Domingos, próximo ao Km 88 da ES-482",Characidium sp.,-20.780972,-41.762778,09,05,2014
Brasil,Espírito Santo,Dores do Rio Preto,MBML-PEIXES,8323,Rio Caparaozinho sob a ES-482,Characidium sp.,-20.720056,-41.8425,09,05,2014
Brasil,Minas Gerais,Espera Feliz,MBML-PEIXES,8326,"Rio São João sob a MG-111, próximo ao povoado de Boa Esperança",Characidium sp.,-20.5775,-41.985,09,05,2014
Brasil,Espírito Santo,Iúna,MBML-PEIXES,8341,Rio José Pedro na divisa de Minas Gerais,Characidium sp.,-20.369556,-41.857889,10,05,2014
Brasil,Espírito Santo,Irupi,MBML-PEIXES,8347,Rio Santa Clara em Santa Clara de Minas,Characidium sp.,-20.325306,-41.75,10,05,2014
Brasil,Espírito Santo,Santa Maria de Jetibá,MBML-PEIXES,8487,"Rio Santa Maria da Vitória, sob a ES-264",Characidium sp.,-20.128778,-40.891861,18,05,2014
Brasil,Espírito Santo,Santa Maria de Jetibá,MBML-PEIXES,8489,Rio Possmouser próximo a ES-264,Characidium sp.,-20.069361,-40.852389,18,05,2014
Brasil,Bahia,São Desidério,MBML-PEIXES,8731,Rio Grande sobre a estrada de terra entre a BA-462 e o povoado de almas.,Characidium sp.,-12.643333,-43.084444,18,01,2014
Brasil,Bahia,Santa Maria da Vitória,MBML-PEIXES,8917,Rio Correntina sob a Estrada de terra entre a BR-349 e o povoado de Barra de São José.,Characidium sp.,-13.398056,-44.336667,23,01,2014
Brasil,Bahia,Santa Maria da Vitória,MBML-PEIXES,8933,Rio Correntina sob a Estrada de terra entre a BR-349 e o povoado de Barra de São José.,Characidium sp.,-13.398056,-44.336667,23,01,2014
Brasil,Bahia,Correntina,MBML-PEIXES,9023,Rio Correntina sob a Estrada de terra entre a BA-583 e o povoado de Caruaru.,Characidium sp.,-13.384167,-44.410833,23,01,2014
Brasil,Bahia,Correntina,MBML-PEIXES,9084,"Rio Santo Antônio, afluente do rio Guará, sob a estrada de terra para a BR-135, próximo a entrada dia 4.3, ponto extra 2, da comunidade de Santo Antônio.",Characidium sp.,-13.171944,-44.682222,21,01,2014
Brasil,Bahia,Bom Jesus da Lapa,MBML-PEIXES,9098,"Rio São Francisco, próximo a Lagoa dos Patos.",Characidium sp.,-13.448889,-43.428333,24,01,2014
Brasil,Espírito Santo,Santa Leopoldina,MBML-PEIXES,10353,Distrito de Mangaraí.,Characidium timbuiense,-20.158417,-40.456528,27,03,2015
Brasil,Espírito Santo,Santa Teresa,MBML-PEIXES,1040,Rio Lombardia em Nova Lombardia,Characidium timbuiense,-19.883333,-40.541667,19,03,2005
Brasil,Espírito Santo,Santa Leopoldina,MBML-PEIXES,10687,"Rio Mangaraí, próximo do rio do Meio, no trevo-Tirol, Holanda, Rio do Meio.",Characidium timbuiense,-20.179192,-40.500989,01,09,2015
Brasil,Espírito Santo,Santa Leopoldina,MBML-PEIXES,10694,"Rio Mangaraí, próximo do rio do Meio, no trevo-Tirol, Holanda, Rio do Meio.",Characidium timbuiense,-20.179192,-40.500989,01,09,2015
Brasil,Espírito Santo,Santa Leopoldina,MBML-PEIXES,11097,"Trecho controle, Barra do Mangaraí na estrada de Barra do Mangaraí para Tirol.",Characidium timbuiense,-20.171272,-40.496919,10,12,2015
Brasil,Espírito Santo,Santa Leopoldina,MBML-PEIXES,11109,"Trecho referência, retiro do Mangaraí.",Characidium timbuiense,-20.159528,-40.456389,11,12,2015
Brasil,Espírito Santo,Santa Teresa,MBML-PEIXES,1214,Córrego na Penha,Characidium timbuiense,-19.947222,-40.555556,16,08,1997
Brasil,Espírito Santo,Santa Teresa,MBML-PEIXES,1265,Córrego no Sítio do Rubinho na Penha,Characidium timbuiense,-19.947222,-40.555556,24,10,2001
Brasil,Espírito Santo,Santa Teresa,MBML-PEIXES,12898,"Rio Stelzer no Sítio do Anildo Pancini, próximo a Comunidade da Penha, a 1km do asfalto.",Characidium timbuiense,-19.951667,-40.556389,04,11,2017
Brasil,Espírito Santo,Santa Teresa,MBML-PEIXES,12901,"Rio Stelzer no Sítio do Anildo Pancini, próximo a Comunidade da Penha, a 1km do asfalto.",Characidium timbuiense,-19.951667,-40.556389,12,11,2017
Brasil,Espírito Santo,Santa Teresa,MBML-PEIXES,1315,Córrego na Penha,Characidium timbuiense,-19.947222,-40.555556,24,03,1998
Brasil,Espírito Santo,Santa Teresa,MBML-PEIXES,1342,Rio Lombardia em Nova Lombardia,Characidium timbuiense,-19.883333,-40.541667,11,05,2005
Brasil,Espírito Santo,Santa Teresa,MBML-PEIXES,13708,"Terreno do Anildo Pansini, ao lado da Cervejaria Teresense, a 1 km do asfalto.",Characidium timbuiense,0,-40.556111,06,06,2019
Brasil,Espírito Santo,Santa Teresa,MBML-PEIXES,1647,Córrego Santa Lúcia,Characidium timbuiense,-19.95,-40.527778,21,12,1998
Brasil,Espírito Santo,Santa Teresa,MBML-PEIXES,21,Córrego Valsugana Velha,Characidium timbuiense,-19.975278,-40.548056,16,11,1988
Brasil,Espírito Santo,Santa Maria de Jetibá,MBML-PEIXES,2278,"Rio Santa Maria da Vitória, ponte na ES-264 entre Garrafão e Ibiaba",Characidium timbuiense,-20.128611,-40.8925,11,06,2009
Brasil,Espírito Santo,Domingos Martins,MBML-PEIXES,2503,Rio Jucu Braço Norte em Alto Jucu,Characidium timbuiense,-20.338333,-41.048056,02,10,2009
Brasil,Espírito Santo,Fundão,MBML-PEIXES,2607,"Ribeirao Tres Barras, próximo a foz do Córrego Saltinho e Córrego Carneiro",Characidium timbuiense,-19.835306,-40.451917,18,02,2010
Brasil,Espírito Santo,Fundão,MBML-PEIXES,2610,"Ribeirao Tres Barras, estrada de terra a esquerda da rodovia Fundão-Santa Teresa",Characidium timbuiense,-19.931556,-40.451722,18,02,2010
Brasil,Espírito Santo,Santa Teresa,MBML-PEIXES,2619,Rio Lombardia à jusante de Lampê,Characidium timbuiense,-19.814167,-40.503611,18,02,2010
Brasil,Espírito Santo,Ibiraçu,MBML-PEIXES,2622,Rio Lombardia na estrada entre Lampê e Pendanga,Characidium timbuiense,-19.825833,-40.482778,18,02,2010
Brasil,Espírito Santo,Santa Teresa,MBML-PEIXES,35,Rio Timbuí na Estação Biológica de Santa Lúcia,Characidium timbuiense,-19.974167,-40.528333,31,10,1987
Brasil,Espírito Santo,Santa Teresa,MBML-PEIXES,4255,Córrego Valsugana Velha em Valsugana Velha,Characidium timbuiense,-19.980833,-40.546389,13,08,2011
Brasil,Espírito Santo,Santa Teresa,MBML-PEIXES,4289,"Rio Stelzer no entorno da REBIO Augusto Ruschi, próximo a foz do rio Timbuí no Sítio Tabajara Penha",Characidium timbuiense,-19.951944,-40.556111,03,09,2011
Brasil,Espírito Santo,Santa Teresa,MBML-PEIXES,4292,"Rio Stelzer no entorno da REBIO Augusto Ruschi, próximo a canhoeira no Sítio Tabajara Penha",Characidium timbuiense,-19.950278,-40.556111,03,09,2011
Brasil,Espírito Santo,Santa Teresa,MBML-PEIXES,4412,Rio Stelzer no interior da REBIO Augusto Ruschi,Characidium timbuiense,-19.921583,-40.553889,01,10,2011
Brasil,Espírito Santo,Santa Teresa,MBML-PEIXES,4417,"Rio Stelzer no interior da REBIO Augusto Ruschi, na primeira ponte de madeira",Characidium timbuiense,-19.919806,-40.553222,01,10,2011
Brasil,Espírito Santo,Santa Teresa,MBML-PEIXES,4420,"Rio Stelzer no interior da REBIO Augusto Ruschi, na estrada para Goiapabaçu",Characidium timbuiense,-19.907972,-40.549556,01,10,2011
Brasil,Espírito Santo,Santa Teresa,MBML-PEIXES,4451,"Rio Stelzer no interior da REBIO Augusto Ruschi, na estrada para Goiapabaçu",Characidium timbuiense,-19.907972,-40.549556,01,10,2011
Brasil,Espírito Santo,Santa Teresa,MBML-PEIXES,4599,"Afluente do Rio Lombardiar no interior da REBIO Augusto Ruschi, na trilha da roda d#?#agua",Characidium timbuiense,-19.892944,-40.544444,02,02,2012
Brasil,Espírito Santo,Santa Teresa,MBML-PEIXES,4604,"Rio Lombardia no interior da REBIO Augusto Ruschi, no cruzamento da estrada para João Neiva",Characidium timbuiense,-19.883167,-40.541833,02,02,2012
Brasil,Espírito Santo,Santa Teresa,MBML-PEIXES,4605,"Rio Lombardia no interior da REBIO Augusto Ruschi, no cruzamento da estrada para João Neiva",Characidium timbuiense,-19.883167,-40.541833,02,02,2012
Brasil,Espírito Santo,Santa Teresa,MBML-PEIXES,4609,"Rio Lombardia no interior da REBIO Augusto Ruschi, após afluente com cachoeirinha",Characidium timbuiense,-19.881306,-40.541222,02,02,2012
Brasil,Espírito Santo,Santa Teresa,MBML-PEIXES,4610,"Rio Lombardia no interior da REBIO Augusto Ruschi, após afluente com cachoeirinha",Characidium timbuiense,-19.881306,-40.541222,02,02,2012
Brasil,Espírito Santo,Santa Teresa,MBML-PEIXES,4619,"Rio Lombardia no entorno da REBIO Augusto Ruschi, após os limites das UC",Characidium timbuiense,-19.876194,-40.533417,02,02,2012
Brasil,Espírito Santo,Santa Teresa,MBML-PEIXES,4621,"Afluente do Rio Stelzer, próximo a trilha da roda d#?#agua no Sul no interior da REBIO Augusto Ruschi",Characidium timbuiense,-19.908417,-40.541861,12,02,2012
Brasil,Espírito Santo,Santa Teresa,MBML-PEIXES,4622,"Afluente do Rio Stelzer, próximo a trilha da roda d#?#agua no Sul no interior da REBIO Augusto Ruschi",Characidium timbuiense,-19.908417,-40.541861,12,02,2012
Brasil,Espírito Santo,Santa Teresa,MBML-PEIXES,4628,Rio Stelzer próximo a trilha da Preguiça no interior da REBIO Augusto Ruschi,Characidium timbuiense,-19.910528,-40.542056,12,02,2012
Brasil,Espírito Santo,Santa Teresa,MBML-PEIXES,4635,"Rio Stelzer próximo a trilha da Preguiça, onde a trilha cruza o Rio no interior da REBIO Augusto Ruschi",Characidium timbuiense,-19.910944,-40.541611,12,02,2012
Brasil,Espírito Santo,Santa Teresa,MBML-PEIXES,4639,Rio Stelzer na entrada leste no interior da REBIO Augusto Ruschi,Characidium timbuiense,-19.910722,-40.532361,12,02,2012
Brasil,Espírito Santo,Santa Teresa,MBML-PEIXES,4674,Córrego Valsugana Velha em Valsugana Velha,Characidium timbuiense,-19.963056,-40.545,13,08,2011
Brasil,Espírito Santo,Santa Maria de Jetibá,MBML-PEIXES,488,Rio Santa Maria da Vitória na Cachoeira do Pastor,Characidium timbuiense,-20.058333,-40.773611,14,03,2001
Brasil,Espírito Santo,Santa Maria de Jetibá,MBML-PEIXES,501,Rio Santa Maria da Vitória no Alto Santa Maria,Characidium timbuiense,-20.1925,-40.990556,01,11,2000
Brasil,Espírito Santo,Cariacica,MBML-PEIXES,5445,Rio Panelas no interior da REBIO Duas Bocas,Characidium timbuiense,-20.280556,-40.363667,25,04,2012
Brasil,Espírito Santo,Cariacica,MBML-PEIXES,5459,Rio Naiá Assú no interior da REBIO Duas Bocas,Characidium timbuiense,-20.274944,-40.483944,25,04,2012
Brasil,Espírito Santo,Cariacica,MBML-PEIXES,5471,Rio Pau Amarelo no interior da REBIO Duas Bocas,Characidium timbuiense,-20.258139,-40.49275,24,04,2012
Brasil,Espírito Santo,Santa Teresa,MBML-PEIXES,5775,Córrego Valsugana Velha em Valsugana Velha,Characidium timbuiense,-19.980833,-40.546389,13,08,2011
Brasil,Espírito Santo,Santa Teresa,MBML-PEIXES,5781,Córrego Valsugana Velha,Characidium timbuiense,-19.980833,-40.546389,03,07,2012
Brasil,Espírito Santo,Santa Maria de Jetibá,MBML-PEIXES,7374,"Rio Taquarinha da Penha, entre São João do Garrafão e Rio da Penha",Characidium timbuiense,-20.142222,-40.975833,11,06,2009
Brasil,Espírito Santo,Santa Teresa,MBML-PEIXES,797,Córrego Saltinho,Characidium timbuiense,-19.936389,-40.510556,08,05,2001
Brasil,Espírito Santo,Itarana,MBML-PEIXES,8119,Rio Santa Joana,Characidium timbuiense,-19.873889,-40.875278,19,08,2000
Brasil,Espírito Santo,Santa Teresa,MBML-PEIXES,8509,"Rio Stelzer, próximo a foz no rio Timbuí",Characidium timbuiense,-19.950556,-40.556111,20,06,2014
Brasil,Espírito Santo,Santa Teresa,MBML-PEIXES,8531,Rio Valsugana Velha sob a ES-080.,Characidium timbuiense,-19.975611,-40.547861,02,06,2014
Brasil,Espírito Santo,Fundão,MBML-PEIXES,8537,Tributário do ribeirão Três Barras em Irundi,Characidium timbuiense,-19.916917,-40.457639,03,06,2014
Brasil,Espírito Santo,Santa Teresa,MBML-PEIXES,8578,Rio Valsugana Velha sob a ES-080,Characidium timbuiense,-19.975611,-40.547861,02,06,2014
Brasil,Espírito Santo,Fundão,MBML-PEIXES,8601,Ribeirão Três Barras à esquerda da ES-261 no sentido Santa Teresa-Fundão,Characidium timbuiense,-19.924806,-40.448806,03,06,2014
Brasil,Espírito Santo,Fundão,MBML-PEIXES,8615,Ribeirão Três Barras à direita da ES-261 no sentido Santa Teresa-Fundão,Characidium timbuiense,-19.928556,-40.451861,03,06,2014
Brasil,Espírito Santo,Santa Teresa,MBML-PEIXES,882,Córrego Valão de São Lourenço na entrada do Country-Club,Characidium timbuiense,-19.931111,-40.63,24,07,2002
Brasil,Espírito Santo,Santa Teresa,MBML-PEIXES,885,Córrego Valão de São Pedro,Characidium timbuiense,-19.937778,-40.6175,24,07,2002
Brasil,Espírito Santo,Santa Teresa,MBML-PEIXES,927,Córrego Valsugana Velha,Characidium timbuiense,-19.975278,-40.548056,08,08,2002
Brasil,Espírito Santo,Domingos Martins,MBML-PEIXES,9633,Afluente do Rio da Ponte sob a ES-368.,Characidium timbuiense,-20.280833,-40.886389,12,10,2014
Brasil,Espírito Santo,Domingos Martins,MBML-PEIXES,9637,"Rio da Ponte, na Fazenda Shuants.",Characidium timbuiense,-20.198889,-40.822778,12,10,2014
Brasil,Espírito Santo,Domingos Martins,MBML-PEIXES,9668,Rio Jucu Braço Norte próximo a foz do Ribeirão d'Anta.,Characidium timbuiense,-20.299444,-40.926111,11,10,2014
Brasil,Espírito Santo,Domingos Martins,MBML-PEIXES,9675,Afluente do Córrego da Gruta.,Characidium timbuiense,-20.303611,-41.031111,10,10,2014
Brasil,Espírito Santo,Domingos Martins,MBML-PEIXES,9683,"Afluente do Rio Jucu Braço Norte, próximo a foz, entre o Ribeirão Tijuco Preto e Córrego Areinha.",Characidium timbuiense,-20.301111,-40.848611,11,10,2014
Brasil,Espírito Santo,Domingos Martins,MBML-PEIXES,9689,"Afluente do Córrego Peçanha, tributários do Córrego Volta Peçanha.",Characidium timbuiense,-20.322778,-41.078611,10,10,2014
Brasil,Espírito Santo,Domingos Martins,MBML-PEIXES,9699,"Afluente do Rio Jucu Braço Norte, próximo a foz, entre o Ribeirão Tijuco Preto e Córrego Areinha.",Characidium timbuiense,-20.301111,-40.848611,11,10,2014
Brasil,Espírito Santo,Domingos Martins,MBML-PEIXES,9765,"Afluente do Rio Jucu Braço Norte, próximo à foz, entre Ribeirão Tijuco Preto.",Characidium timbuiense,-20.314444,-40.908611,11,10,2014
Brasil,Espírito Santo,Domingos Martins,MBML-PEIXES,9769,Ribeirão Tijuco Preto próximo à foz no Rio Jucu Braço Norte.,Characidium timbuiense,-20.280833,-40.886389,11,10,2014
Brasil,Espírito Santo,Iúna,MBML-PEIXES,1167,Córrego Ponte Alta afluente do Rio Pardo,Characidium vidali,-20.464167,-41.413056,01,09,2000
Brasil,Espírito Santo,Muniz Freire,MBML-PEIXES,12235,"CGH Iuna, no Córrego Morro Redonho a jusantedo eixo do barramento, entre os municípios de Muniz Freire e Iuna.",Characidium vidali,-20.402778,-41.517222,13,01,2017
Brasil,Espírito Santo,Irupi,MBML-PEIXES,14649,"ES-379, Santa Cruz de Irupi.",Characidium vidali,-20.311111,-41.695,02,06,2025
Brasil,Espírito Santo,Pedro Canário,MBML-PEIXES,14662,Cristal do Norte,Characidium vidali,-18.125833,-40.058056,05,05,2025
Brasil,Espírito Santo,Dores do Rio Preto,MBML-PEIXES,2400,Córrego da Piedade,Characidium vidali,-20.685556,-41.836944,29,09,2009
Brasil,Espírito Santo,Irupi,MBML-PEIXES,2423,Rio Pardinho afluente do Rio Pardo na confluência com Córrego Santa Rosa,Characidium vidali,-20.363056,-41.6075,30,09,2009
Brasil,Espírito Santo,Cachoeiro de Itapemirim,MBML-PEIXES,2478,Ribeirão Floresta em Burarama,Characidium vidali,-20.688889,-41.34,01,10,2009
Brasil,Espírito Santo,Castelo,MBML-PEIXES,2492,Cachoeira no Rio Caxixe,Characidium vidali,-20.542222,-41.170278,02,10,2009
Brasil,Espírito Santo,Rio Novo do Sul,MBML-PEIXES,2657,Ribeirão Concórdia entre a foz do Córrego Cabral e o Rio Novo.,Characidium vidali,-20.767222,-40.978889,17,12,2009
Brasil,Espírito Santo,Guarapari,MBML-PEIXES,3188,Rio Grande na divisa entre Guarapari e Anchieta Estação 03,Characidium vidali,-20.624722,-40.6175,10,03,1989
Brasil,Espírito Santo,Alegre,MBML-PEIXES,4476,Ribeirão Arraial do Café,Characidium vidali,-20.809167,-41.544167,15,10,2011
Brasil,Espírito Santo,Vargem Alta,MBML-PEIXES,6269,"Córrego São Miguel- Sub-bacia do Córrego São Miguel, a 8 Km da cidade- Próximo a foz do córrego São Carlos.",Characidium vidali,-20.6675,-40.978611,18,03,2012
Brasil,Espírito Santo,Vargem Alta,MBML-PEIXES,6276,"Rio Novo, na entrada da cidade- próximo a ES-383.",Characidium vidali,-20.667222,-40.999722,18,03,2012
Brasil,Minas Gerais,Paracatu,MBML-PEIXES,8006,Rio Santa Isabel afluente do rio Escurinho,Characidium zebra,-17.365,-46.854444,18,11,2012
Brasil,GoiÃ¡s,Formosa,NUP,11408,CÃ³rrego Bandeirinha,Characidium spp.,-15.5097222,-47.3961111,24,01,2008
Brasil,ParanÃ¡,Palotina,NUP,14745,Rio SÃ£o Camilo,Characidium aff zebra,-24.2516667,-53.885555600000004,18,03,2013
Brasil,ParanÃ¡,Marechal CÃ¢ndido Rondon,NUP,10077,Riacho Arroio Fundo,Characidium aff. zebra,-24.6158333,-54.1616667,01,11,2005
Brasil,ParanÃ¡,Porto Rico,NUP,11111,Riacho Caracu,Characidium aff. zebra,-22.7655556,-53.2577778,23,11,2010
Brasil,Mato Grosso do Sul,Taquarussu,NUP,11224,Rio Ivinheima,Characidium aff. zebra,-22.830278,-53.566111,18,11,2005
Brasil,ParanÃ¡,GuaÃ­ra a Foz do IguaÃ§u,NUP,11348,Rio SÃ£o Vicente,Characidium aff. zebra,-25.0666667,-54.2666667,23,03,1989
Brasil,ParanÃ¡,Foz do IguaÃ§u,NUP,11356,Canal da Piracema,Characidium aff. zebra,-25.4341667,-54.5808333,21,11,2007
Brasil,ParanÃ¡,Mangueirinha,NUP,11448,ReservatÃ³rio Segredo,Characidium aff. zebra,-25.7833333,-52.1,06,11,1995
Brasil,Minas Gerais,Inconfidentes,NUP,11542,Rio Mogi GuaÃ§u,Characidium aff. zebra,-22.316449,-46.323496,23,07,2008
Brasil,Minas Gerais,Guarda-Mor,NUP,11549,Rio Guarda Mor,Characidium aff. zebra,-17.7716667,-47.0952778,19,07,2008
Brasil,Mato Grosso,Diamantino,NUP,11666,Riacho Sumidouro,Characidium aff. zebra,-14.1252778,-56.8119444,15,09,2010
Brasil,SÃ£o Paulo,Tupa,NUP,11946,CÃ³rrego Santa Terezinha,Characidium aff. zebra,-22.0213889,-52.6388889,26,04,2011
Brasil,GoiÃ¡s,Caldas Novas,NUP,1206,Rio CorumbÃ¡,Characidium aff. zebra,-17.483889,-48.370278,09,04,1999
Brasil,ParanÃ¡,Astorga,NUP,13158,RibeirÃ£o da Granada,Characidium aff. zebra,-23.307222199999998,-51.7608333,01,05,2011
Brasil,ParanÃ¡,Astorga,NUP,13159,CÃ³rrego do Lombo,Characidium aff. zebra,-23.3138889,-51.9686111,15,05,2011
Brasil,ParanÃ¡,Astorga,NUP,13244,CÃ³rrego ZaÃºna,Characidium aff. zebra,-23.395,-51.8486111,15,05,2011
Brasil,ParanÃ¡,Sao Jorge Do Ivai,NUP,13268,RibeirÃ£o Jacutinga,Characidium aff. zebra,-23.3516667,-52.4661111,12,12,2011
Brasil,Mato Grosso do Sul,Terenos,NUP,13369,RibeirÃ£o Salobra,Characidium aff. zebra,-20.3263889,-55.21,07,01,2012
Brasil,GoiÃ¡s,Caldas Novas,NUP,1337,Rio CorumbÃ¡,Characidium aff. zebra,-17.4838889,-48.3702778,10,09,1996
Brasil,GoiÃ¡s,Caldas Novas,NUP,1362,Rio CorumbÃ¡,Characidium aff. zebra,-17.4838889,-48.3702778,09,09,1996
Brasil,ParanÃ¡,Tapira,NUP,1383,Rio IvaÃ­ (Porto Dango),Characidium aff. zebra,-23.25,-53.05,16,11,1994
Brasil,ParanÃ¡,ParaÃ­so do Norte,NUP,14312,RibeirÃ£o 19,Characidium aff. zebra,-23.3038889,-52.5938889,04,04,2012
Brasil,ParanÃ¡,SÃ£o Carlos do IvaÃ­,NUP,14324,RibeirÃ£o Jacutinga,Characidium aff. zebra,-23.3516667,-52.4661111,05,04,2012
Brasil,Mato Grosso do Sul,Taquarussu,NUP,14394,Rio BaÃ­a,Characidium aff. zebra,-22.7230556,-53.2902778,03,06,2012
Brasil,ParanÃ¡,Umuarama,NUP,14880,Rio Curimba,Characidium aff. zebra,-23.6783333,-53.2630556,31,12,2011
Brasil,ParanÃ¡,Santa Isabel do IvaÃ­,NUP,1497,Rio IvaÃ­,Characidium aff. zebra,-23.195705,-53.208175,18,12,1994
Brasil,Mato Grosso,TangarÃ¡ da Serra,NUP,15012,Riacho SÃ£o Jorge,Characidium aff. zebra,-14.4569444,-57.5763889,14,09,2010
Brasil,ParanÃ¡,Porto Rico,NUP,1523,Canal do Meio (ilha Porto Rico),Characidium aff. zebra,-22.7719444,-53.2669444,22,07,1998
Brasil,Mato Grosso do Sul,Mundo Novo,NUP,16178,CÃ³rrego Santa Maria,Characidium aff. zebra,-23.9225,-54.2966667,01,09,2008
Brasil,PiauÃ­,Santa Filomena,NUP,16297,Rio Sucuruiu,Characidium aff. zebra,-8.6975,-45.8316667,04,04,2013
Brasil,ParanÃ¡,Palotina,NUP,16720,Rio SÃ£o Camilo,Characidium aff. zebra,-24.3505556,-53.9008333,25,09,2013
Brasil,ParanÃ¡,Palotina,NUP,16788,Rio SÃ£o Camilo,Characidium aff. zebra,-24.1841667,-53.9008333,11,12,2013
Brasil,ParanÃ¡,Foz do IguaÃ§u,NUP,17636,Canal da Piracema,Characidium aff. zebra,-25.4452778,-54.6041667,07,11,2014
Brasil,ParanÃ¡,Cruzeiro do IguaÃ§u,NUP,1798,Rio Chopim,Characidium aff. zebra,-25.5741667,-53.0969444,20,01,1999
Brasil,ParanÃ¡,SÃ£o Carlos do IvaÃ­,NUP,18381,Riacho de Nome Desconhecido,Characidium aff. zebra,-23.3422222,-52.4283333,10,04,2015
Brasil,Mato Grosso,AripuanÃ£,NUP,18497,IguarapÃ© de nome desconhecido,Characidium aff. zebra,-10.34972,-59.3614,27,08,2014
Brasil,Mato Grosso,AripuanÃ£,NUP,18550,IguarapÃ© de nome desconhecido,Characidium aff. zebra,-10.43194,-59.3617,26,08,2014
Brasil,ParanÃ¡,Porto Rico,NUP,1940,Ilha de ChapÃ©u Velho,Characidium aff. zebra,-22.75,-53.2833333,20,05,1989
Brasil,ParanÃ¡,CarambeÃ­,NUP,20198,Rio Jotuba,Characidium aff. zebra,-25.9208333,-50.0094444,11,10,2014
Brasil,ParanÃ¡,JaguariaÃ­va,NUP,20409,Rio Preto,Characidium aff. zebra,-24.073889,-49.6483,17,07,2018
Brasil,ParanÃ¡,SengÃ©s,NUP,20428,Rio Pelame,Characidium aff. zebra,-24.118611,-49.411111,18,07,2018
Brasil,ParanÃ¡,Tuneiras do Oeste,NUP,21186,CÃ³rrego Ariranha,Characidium aff. zebra,-23.821111,-52.776944,29,07,2018
Brasil,Rio Grande do Sul/Santa Catarina,Alpestre/SÃ£o Carlos,NUP,21255,UHE Foz do ChapecÃ³,Characidium aff. zebra,-27.083333,-53.035,08,03,2019
Brasil,Mato Grosso do Sul,Figueirao,NUP,21347,CÃ³rrego Olaria,Characidium aff. zebra,-18.686361,-54.299139,30,07,2018
Brasil,Mato Grosso do Sul,Coxim,NUP,21479,CÃ³rrego SÃ£o RamÃ£o,Characidium aff. zebra,-18.558111,-54.644028,05,08,2018
Brasil,Mato Grosso do Sul,Coxim,NUP,21651,CÃ³rrego Olho D`Ãgua,Characidium aff. zebra,-18.261111,-54.601083,05,08,2018
Brasil,Mato Grosso,Pontes e Lacerda,NUP,21678,IgarapÃ© de nome desconhecido,Characidium aff. zebra,-15.524444,-59.552222,27,07,2013
Brasil,Mato Grosso,Comodoro,NUP,21707,IgarapÃ© SebastiÃ£o,Characidium aff. zebra,-13.956944,-59.756111,25,07,2013
Brasil,ParanÃ¡,Terra Roxa,NUP,22354,Rio Tapera,Characidium aff. zebra,-21.085,-54.053333,07,03,2018
Brasil,ParanÃ¡,BrasilÃ¢ndia do Sul,NUP,22436,Rio das Antas,Characidium aff. zebra,-24.205172,-53.46673,19,12,2017
Brasil,ParanÃ¡,Terra Roxa,NUP,22461,CÃ³rrego Taquari,Characidium aff. zebra,-24.126388,-54.046944,06,03,2018
Brasil,ParanÃ¡,Francisco Alves,NUP,22501,Rio do Bagre,Characidium aff. zebra,-24.111111,-53.865555,29,03,2018
Brasil,GoiÃ¡s,Mineiros,NUP,2302,Rio Formoso,Characidium aff. zebra,-18.25,-53,22,09,1999
Brasil,ParanÃ¡,Umuarama,NUP,23455,Rio Piava,Characidium aff. zebra,-23.700278,-53.322778,21,10,2021
Brasil,Minas Gerais,Guarda Mor,NUP,23981,RibeirÃ£o JanuÃ¡rio,Characidium aff. zebra,-17.778333,-47.126944,13,03,2022
Brasil,ParanÃ¡,Foz do IguaÃ§u,NUP,24380,Canal da Piracema,Characidium aff. zebra,-25.438889,-54.555833,26,07,2017
Brasil,ParanÃ¡,SÃ£o Pedro do IguaÃ§u,NUP,24610,Riacho de nome desconhecido,Characidium aff. zebra,-24.943333,-53.893611,01,08,2022
Brasil,ParanÃ¡,SÃ£o Pedro do IguaÃ§u,NUP,24630,Riacho de nome desconhecido,Characidium aff. zebra,-24.889722,-53.952778,29,04,2023
Brasil,Mato Grosso,ParanaÃ­ta,NUP,25898,Rio ParanaÃ­ta,Characidium aff. zebra,-10.290556,-56.476389,11,07,2024
Brasil,ParanÃ¡,Santa MÃ#?#nica,NUP,26359,Riacho de nome desconhecido,Characidium aff. zebra,-23.150556,-53.082222,21,10,2024
Brasil,ParanÃ¡,SÃ£o Pedro do IguaÃ§u,NUP,26437,Riacho de nome desconhecido,Characidium aff. zebra,-24.943889,-53.893611,25,10,2024
Brasil,ParanÃ¡,Terra Roxa,NUP,26560,Rio Tapera,Characidium aff. zebra,-21.085,-54.053333,07,03,2018
Brasil,Mato Grosso,Juscimeira,NUP,26781,CÃ³rrego Beleza,Characidium aff. zebra,-16.182778,-55.015,19,01,2014
Brasil,ParanÃ¡,Porto VitÃ³ria,NUP,2908,Rio IguaÃ§u,Characidium aff. zebra,-26.1591667,-51.2283333,31,07,2000
Brasil,ParanÃ¡,SÃ£o Pedro do ParanÃ¡,NUP,372,RibeirÃ£o SÃ£o Pedro,Characidium aff. zebra,-22.75,-53.25,15,03,1991
Brasil,ParanÃ¡,Astorga,NUP,3763,Rio PirapÃ³,Characidium aff. zebra,-23.3266667,-51.8447222,17,09,2004
Brasil,ParanÃ¡,Toledo,NUP,4715,Rio do Cedro,Characidium aff. zebra,-24.7452778,-53.7691667,21,04,2006
Brasil,ParanÃ¡,Foz do IguaÃ§u,NUP,4771,CÃ³rrego Bela Vista,Characidium aff. zebra,-25.5880556,-54.5541667,15,01,2006
Brasil,ParanÃ¡,Foz do IguaÃ§u,NUP,4772,CÃ³rrego Bela Vista,Characidium aff. zebra,-25.5880556,-54.5541667,15,01,2006
Brasil,ParanÃ¡,Mandaguacu,NUP,5040,CÃ³rrego Iler,Characidium aff. zebra,-23.3311111,-52.0072222,05,12,2006
Brasil,ParanÃ¡,Astorga,NUP,5555,CÃ³rrego GuaiapÃ³,Characidium aff. zebra,-23.4105556,-51.8472222,01,07,2007
Brasil,ParanÃ¡,Astorga,NUP,5558,CÃ³rrego Ãgua QueÃ§aba,Characidium aff. zebra,-23.3227778,-51.8913889,01,07,2007
Brasil,ParanÃ¡,Foz do IguaÃ§u,NUP,5774,Rio Bela Vista,Characidium aff. zebra,-25.5466667,-54.5880556,18,03,2008
Brasil,ParanÃ¡,Diamante do Norte,NUP,6071,Riacho Scherer (EstaÃ§Ã£o EcolÃ³gica do CaiuÃ¡),Characidium aff. zebra,-22.6019444,-52.8844444,13,06,2008
Brasil,Mato Grosso do Sul,Ãgua Clara,NUP,6205,CÃ³rrego de nome desconhecido,Characidium aff. zebra,-19.8786111,-53.3572222,28,03,2008
Brasil,Mato Grosso do Sul,Ãgua Clara,NUP,6216,CÃ³rrego de nome desconhecido,Characidium aff. zebra,-19.8966667,-53.315,03,07,2008
Brasil,Mato Grosso do Sul,Ribas do Rio Pardo,NUP,6220,CÃ³rrego de nome desconhecido,Characidium aff. zebra,-19.8825,-53.3572222,05,07,2008
Brasil,ParanÃ¡,Florida,NUP,6508,RibeirÃ£o Colorado,Characidium aff. zebra,-23.0661111,-51.9533333,16,12,2008
Brasil,Mato Grosso,AripuanÃ£,NUP,6959,CÃ³rrego de nome desconhecido,Characidium aff. zebra,-10.0708333,-59.4869444,06,08,2008
Brasil,Mato Grosso,AripuanÃ£,NUP,7104,CÃ³rrego de nome desconhecido,Characidium aff. zebra,-10.0458333,-59.4508333,05,08,2008
Brasil,Mato Grosso,AripuanÃ£,NUP,7113,CÃ³rrego de nome desconhecido,Characidium aff. zebra,-10.0361111,-59.5416667,05,08,2008
Brasil,Mato Grosso,AripuanÃ£,NUP,7147,CÃ³rrego de nome desconhecido,Characidium aff. zebra,-10.0586111,-59.5155556,03,08,2008
Brasil,Mato Grosso,AripuanÃ£,NUP,7215,CÃ³rrego de nome desconhecido,Characidium aff. zebra,-10.0255556,-59.5080556,05,08,2008
Brasil,Mato Grosso,AripuanÃ£,NUP,7410,CÃ³rrego de nome desconhecido,Characidium aff. zebra,-10.0466667,-59.5119444,16,05,2008
Brasil,Mato Grosso,AripuanÃ£,NUP,7426,CÃ³rrego de nome desconhecido,Characidium aff. zebra,-10.0255556,-59.5080556,16,05,2008
Brasil,Mato Grosso,AripuanÃ£,NUP,7482,CÃ³rrego de nome desconhecido,Characidium aff. zebra,-10.0797222,-59.5177778,15,05,2008
Brasil,Mato Grosso,AripuanÃ£,NUP,7611,CÃ³rrego de nome desconhecido,Characidium aff. zebra,-10.0708333,-59.4869444,16,05,2008
Brasil,Mato Grosso,AripuanÃ£,NUP,7636,CÃ³rrego de nome desconhecido,Characidium aff. zebra,-10.0475,-59.3891667,16,05,2008
Brasil,Mato Grosso,AripuanÃ£,NUP,7703,IgarapÃ© Garibal,Characidium aff. zebra,-10.0708333,-59.5030556,05,08,2008
Brasil,Mato Grosso,AripuanÃ£,NUP,7719,CÃ³rrego de nome desconhecido,Characidium aff. zebra,-10.0466667,-59.5119444,18,05,2008
Brasil,Mato Grosso,AripuanÃ£,NUP,7729,CÃ³rrego de nome desconhecido,Characidium aff. zebra,-10.0527778,-59.5147222,17,05,2008
Brasil,ParanÃ¡,SÃ£o Jorge do PatrocÃ­nio,NUP,7862,Rio ParacaÃ­,Characidium aff. zebra,-23.6566667,-53.9063889,14,07,2009
Brasil,ParanÃ¡,SÃ£o Jorge do PatrocÃ­nio,NUP,7924,Rio ParacaÃ­,Characidium aff. zebra,-23.6566667,-53.9063889,13,07,2009
Brasil,Mato Grosso,Alto Araguaia,NUP,8054,CÃ³rrego Junior,Characidium aff. zebra,-17.6352778,-53.5980556,08,05,2009
Brasil,Mato Grosso,Alto Araguaia,NUP,8072,CÃ³rrego Furnas,Characidium aff. zebra,-17.8863889,-53.7211111,07,05,2009
Brasil,Mato Grosso,Alto Araguaia,NUP,8075,CÃ³rrego Sossego,Characidium aff. zebra,-17.5622222,-53.6111111,10,05,2009
Brasil,Mato Grosso,Alto Araguaia,NUP,8487,CÃ³rrego Valquiria,Characidium aff. zebra,-17.895,-53.7027778,07,05,2009
Brasil,ParanÃ¡,Toledo,NUP,8537,Rio Pinheirinho,Characidium aff. zebra,-24.7563889,-53.7091667,08,10,2007
Brasil,Tocantins,XambioÃ¡,NUP,8655,RibeirÃ£o Xambioazinho,Characidium aff. zebra,-6.4636111,-48.5225,06,07,2009
Brasil,Mato Grosso do Sul,Ribas do Rio Pardo,NUP,9050,RibeirÃ£o SÃ£o FÃ©lix,Characidium aff. zebra,-20.5816667,-53.7283333,22,02,2009
Brasil,ParanÃ¡,Toledo,NUP,9298,Rio Pindorama,Characidium aff. zebra,-24.7455556,-53.8469444,01,10,2009
Brasil,Mato Grosso do Sul,Maracaju,NUP,9320,Rio Brilhante,Characidium aff. zebra,-21.6636111,-55.176944399999996,07,08,2008
Brasil,SÃ£o Paulo,Itapetininga,NUP,9456,RibeirÃ£o do Pinhal,Characidium aff. zebra,-23.5347222,-48.1175,27,02,2010
Brasil,SÃ£o Paulo,Itapetininga,NUP,9598,RibeirÃ£o Barro Branco,Characidium aff. zebra,-23.6880556,-48.0027778,28,07,2008
Brasil,Mato Grosso,TangarÃ¡ da Serra,NUP,11616,Rio Ãgua Clara,Characidium cf. gomesi,-14.3508333,-57.551944399999996,14,09,2010
Brasil,ParÃ¡,Almeirim,NUP,15300,Riacho de nome desconhecido,Characidium cf. zebra,-0.7525,-52.5755556,15,11,2013
Brasil,GoiÃ¡s,PirenÃ³polis,NUP,15616,Rio das Almas,Characidium cf. zebra,-15.846388900000001,-48.9216667,26,01,2014
Brasil,ParanÃ¡,Londrina,NUP,4898,Represa TrÃªs Pontes,Characidium cf. zebra,-23.2925,-51.1730556,23,03,2007
Brasil,Mato Grosso,Itiquira,NUP,21237,Rio Comprido,Characidium chicoi,-17.534556,-54.4275,15,03,2019
Brasil,Mato Grosso,Itiquira,NUP,21239,Rio Comprido,Characidium chicoi,-17.534556,-54.4275,12,02,2019
Brasil,Mato Grosso,Itiquira,NUP,21284,Rio Comprido,Characidium chicoi,-17.534556,-54.4275,31,08,2018
Brasil,Mato Grosso,Itiquira,NUP,26765,RibeirÃ£o Comprido,Characidium chicoi,-17.534556,-54.4275,18,09,2021
Brasil,ParanÃ¡,Foz do IguaÃ§u,NUP,18068,Riacho PoÃ§o Preto,Characidium dumonti,-25.6222222,-54.448055600000004,25,11,2014
Brasil,ParanÃ¡,Foz do IguaÃ§u,NUP,25445,CÃ³rrego Carlos Giovanni,Characidium dumonti,-25.612461,-54.431587,18,04,2010
Brasil,ParanÃ¡,Foz do IguaÃ§u,NUP,25446,CÃ³rrego Carlos Giovanni,Characidium dumonti,-25.612461,-54.431587,30,08,2010
Brasil,ParanÃ¡,Foz do IguaÃ§u,NUP,25700,"CÃ³rrego Carlos Giovanni, Rio SÃ£o JoÃ£o",Characidium dumonti,-25.61315,-54.431168,16,09,2023
Brasil,Minas Gerais,SÃ£o Bento do SapucaÃ­,NUP,10365,CÃ³rrego Monjolo,Characidium gomesi,-22.7066667,-45.7158333,26,07,2008
Brasil,Minas Gerais,Carandai,NUP,10367,CÃ³rrego de nome desconhecido,Characidium gomesi,-20.9558333,-43.7630556,22,07,2008
Brasil,SÃ£o Paulo,Sao Bento Do Sapucai,NUP,11539,CÃ³rrego Monjolinho,Characidium gomesi,-22.6888889,-45.7308333,26,07,2008
Brasil,ParanÃ¡,Cianorte,NUP,11718,Rio dos Ãndios,Characidium gomesi,-23.8530556,-52.7008333,06,12,2010
Brasil,GoiÃ¡s,Aparecida de GoiÃ¢nia,NUP,1267,RibeirÃ£o Dourados (Formiga),Characidium gomesi,-16.822796,-49.247289,08,09,2000
Brasil,ParanÃ¡,Tuneiras do Oeste,NUP,14643,Rio dos Ãndios,Characidium gomesi,-23.8530556,-52.7008333,28,05,2011
Brasil,ParanÃ¡,Imbituva,NUP,15850,Arroio Grande,Characidium gomesi,-25.2791667,-50.6533333,18,01,2014
Brasil,ParanÃ¡,Palotina,NUP,16772,Rio SÃ£o Camilo,Characidium gomesi,-24.3005556,-53.8861111,11,12,2013
Brasil,ParanÃ¡,Farol,NUP,17231,Riacho de nome desconhecido,Characidium gomesi,-24.381389,-52.599722,12,09,2014
Brasil,ParanÃ¡,Farol,NUP,17236,CÃ³rrego Ãgua da Granada,Characidium gomesi,-24.283056,-52.690556,13,09,2014
Brasil,ParanÃ¡,CarambeÃ­,NUP,17456,Rio Jotuba,Characidium gomesi,-25.9208333,-50.0094444,11,10,2014
Brasil,Mato Grosso do Sul,Juti,NUP,17607,CÃ³rrego SÃ£o Lucas,Characidium gomesi,-22.8736,-54.5351,04,12,2014
Brasil,ParanÃ¡,Tuneiras do Oeste,NUP,21187,CÃ³rrego Ariranha,Characidium gomesi,-23.821111,-52.776944,29,07,2018
Brasil,ParanÃ¡,Terra Roxa,NUP,22355,Rio Tapera,Characidium gomesi,-21.085,-54.053333,07,03,2018
Brasil,ParanÃ¡,Tuneiras do Oeste,NUP,23909,Riacho de nome desconhecido,Characidium gomesi,-23.881667,-52.829444,23,03,2022
Brasil,ParanÃ¡,Tuneiras do Oeste,NUP,24283,Rio Mouro,Characidium gomesi,-23.886667,-52.821667,09,09,2022
Brasil,ParanÃ¡,Morretes,NUP,26121,Rio MÃ£e Catira,Characidium gomesi,-25.363611,-48.874444,02,01,2025
Brasil,ParanÃ¡,Morretes,NUP,26122,Rio Passa Sete,Characidium gomesi,-25.450011,-48.866736,19,12,2024
Brasil,Minas Gerais,Ouro Fino,NUP,26174,Cachoeira do TabuÃ£o,Characidium gomesi,-22.204167,-46.429722,10,08,2023
Brasil,ParanÃ¡,Moreira Sales,NUP,26329,Riacho de nome desconhecido,Characidium gomesi,-24.046667,-53.083369,23,10,2024
Brasil,ParanÃ¡,Cruzeiro do Oeste,NUP,26399,CÃ³rrego do Bo. Mouro,Characidium gomesi,-23.886389,-53.035833,22,10,2024
Brasil,ParanÃ¡,Assis Chateaubriand,NUP,26430,Riacho de nome desconhecido,Characidium gomesi,-24.536111,-53.681111,23,10,2024
Brasil,ParanÃ¡,Cruzeiro do Oeste,NUP,26438,Rio da Areia,Characidium gomesi,-23.886111,-53.036389,22,10,2024
Brasil,ParanÃ¡,Assis Chateaubriand,NUP,26439,Riacho de nome desconhecido,Characidium gomesi,-24.416714,-53.586667,23,10,2024
Brasil,ParanÃ¡,Cruzeiro do Oeste,NUP,26441,CÃ³rrego do Bo. Mouro,Characidium gomesi,-23.886389,-53.035833,22,10,2024
Brasil,ParanÃ¡,Assis Chateaubriand,NUP,26443,Riacho de nome desconhecido,Characidium gomesi,-24.536111,-53.681111,23,10,2024
Brasil,GoiÃ¡s,Terezopolis De Goias,NUP,3811,CÃ³rrego Carapina,Characidium gomesi,-16.5341667,-49.1138889,18,06,2004
Brasil,GoiÃ¡s,AnÃ¡polis,NUP,3812,CÃ³rrego Cunha,Characidium gomesi,-16.3402778,-48.9888889,07,07,2004
Brasil,GoiÃ¡s,Terezopolis De Goias,NUP,3815,CÃ³rrego Maria Paula,Characidium gomesi,-16.4705556,-49.3811111,01,07,2004
Brasil,Mato Grosso do Sul,Ãgua Clara,NUP,6215,CÃ³rrego de nome desconhecido,Characidium gomesi,-19.8966667,-53.315,03,07,2008
Brasil,Minas Gerais,Ingai,NUP,8584,RibeirÃ£o da Boa Vista,Characidium gomesi,-21.685,-44.815,03,11,2007
Brasil,Mato Grosso do Sul,Ribas do Rio Pardo,NUP,9052,CÃ³rrego Engano,Characidium gomesi,-20.5127778,-53.7436111,22,02,2009
Brasil,Minas Gerais,Acucena,NUP,15514,RibeirÃ£o SÃ£o FÃ©lix,Characidium gr. timbuiense,-19.0013889,-42.2305556,24,04,2013
Brasil,SÃ£o Paulo,Tatui,NUP,17689,CÃ³rrego Jurumirim,Characidium gr. zebra,-23.425,-47.9541667,10,02,2009
Brasil,Minas Gerais,Fruta de Leite,NUP,20366,Calha do rio Vacarias,Characidium gr. zebra,-16.207244,-42.555883,27,02,2018
Brasil,ParanÃ¡,Jussara,NUP,1393,Rio Abelha,Characidium heirmostigmata,-23.6,-52.4666667,17,11,1994
Brasil,ParanÃ¡,CÃ¢ndido de Abreu,NUP,1411,Rio Nestor,Characidium heirmostigmata,-24.4666667,-50.9,22,11,1994
Brasil,ParanÃ¡,CÃ¢ndido de Abreu,NUP,1437,Rio Nestor,Characidium heirmostigmata,-24.4666667,-50.9,22,11,1994
Brasil,ParanÃ¡,Rio Branco do IvaÃ­,NUP,15370,Rio das Antas II,Characidium heirmostigmata,-24.2147222,-51.3730556,15,01,2014
Brasil,ParanÃ¡,PrudentÃ³polis,NUP,15702,Rio Barra Grande,Characidium heirmostigmata,-25.0819444,-51.1763889,20,01,2014
Brasil,ParanÃ¡,PrudentÃ³polis,NUP,15820,Rio Barra Grande,Characidium heirmostigmata,-25.0819444,-51.1763889,20,01,2014
Brasil,ParanÃ¡,Iretama,NUP,16015,Rio Pinhalzinho,Characidium heirmostigmata,-24.4180556,-52.1233333,28,01,2014
Brasil,ParanÃ¡,Marialva,NUP,17136,Rio Keller,Characidium heirmostigmata,-23.6416667,-51.8588889,25,08,2014
Brasil,Mato Grosso,Diamantino,NUP,11699,Riacho Sumidouro,Characidium iaquira,-14.1252778,-56.8119444,15,09,2010
Brasil,ParanÃ¡,JaguariaÃ­va,NUP,20465,Rio EspigÃ£o Alto,Characidium itarare,-24.405278,-49.648333,19,07,2018
Brasil,ParanÃ¡,JaguariaÃ­va,NUP,20491,Riacho do Tombo,Characidium itarare,-24.492778,-49.498333,19,07,2018
Brasil,ParanÃ¡,JaguariaÃ­va,NUP,21084,Riacho do Tombo,Characidium itarare,-24.492778,-49.498333,19,07,2018
Brasil,ParanÃ¡,JaguariaÃ­va,NUP,24901,Riacho do Tombo,Characidium itarare,-24.492778,-49.498333,19,07,2018
Brasil,ParanÃ¡,JaguariaÃ­va,NUP,25085,Rio EspigÃ£o Alto,Characidium itarare,-24.405278,-49.648333,19,07,2018
Brasil,ParanÃ¡,Antonina,NUP,9528,Rio Vermelho,Characidium lanei,-25.3625,-48.8327778,04,02,2009
Brasil,ParanÃ¡,Antonina,NUP,9582,Rio Vermelho,Characidium lanei,-25.3666667,-48.8333333,05,02,2009
Brasil,Mato Grosso do Sul,CamapuÃ£,NUP,20001,Rio Coxim,Characidium laterale,-19.345556,-54.185278,07,12,2017
Brasil,Mato Grosso do Sul,Porto Murtinho,NUP,9891,Riacho AmonguijÃ¡,Characidium laterale,-21.6833333,-57.8794444,17,12,2009
Brasil,Mato Grosso,Chapada dos GuimarÃ£es,NUP,3331,CÃ³rrego Lajinha,Characidium nupelia,-14.9552778,-55.6872222,19,07,2002
Brasil,Mato Grosso,Nobres,NUP,3332,CÃ³rrego Cancela,Characidium nupelia,-14.7083333,-56.2641667,20,07,2002
Brasil,Mato Grosso,Chapada dos GuimarÃ£es,NUP,3886,CÃ³rrego Lajinha,Characidium nupelia,-14.9552778,-55.6872222,19,07,2002
Brasil,Mato Grosso,BarÃ£o do MelgaÃ§o,NUP,4106,CÃ³rrego Forquilha,Characidium nupelia,-14.7494444,-56.1275,01,03,2000
Brasil,Mato Grosso,BarÃ£o do MelgaÃ§o,NUP,982,CÃ³rrego Forquilha,Characidium nupelia,-14.7494444,-56.1275,03,04,2002
Brasil,Rio Grande do Sul,Bento GonÃ§alves / VeranÃ³polis,NUP,22283,Montante reservatÃ³rio UHE Castro Alves,Characidium orientale,-28.941944,-51.239167,22,10,2016
Brasil,Rio Grande do Sul,Bento GonÃ§alves / VeranÃ³polis,NUP,22285,AlÃ§a de VazÃ£o Reduzida UHE Monte Claro,Characidium orientale,-29.0775,-51.521389,12,07,2016
Brasil,Rio Grande do Sul,Bento GonÃ§alves / VeranÃ³polis,NUP,22286,AlÃ§a de VazÃ£o Reduzida UHE 14 de Julho,Characidium orientale,-29.073889,-51.633583,12,06,2016
Brasil,ParÃ¡,Juruti,NUP,14153,Riacho de nome desconhecido,Characidium papachibe,-2.5755556,-55.9044444,04,06,2010
Brasil,Santa Catarina,Ibirama,NUP,10468,Rio Rafael (intermediÃ¡rio),Characidium pterostictum,-27.0047222,-49.5402778,13,07,2009
Brasil,ParanÃ¡,Imbituva,NUP,15559,Arroio Grande,Characidium pterostictum,-25.2791667,-50.6533333,18,01,2014
Brasil,ParanÃ¡,Campo Largo,NUP,17428,Rio Santa Cruz,Characidium pterostictum,-25.3244444,-49.7916667,09,10,2014
Brasil,ParanÃ¡,Ponta Grossa,NUP,17442,Rio do Jacui,Characidium pterostictum,-25.255,-49.7858333,10,10,2014
Brasil,ParanÃ¡,Ponta Grossa,NUP,18897,Rio CaÃ§ador,Characidium pterostictum,-25.1344444,-49.7566667,06,10,2015
Brasil,ParanÃ¡,Ponta Grossa,NUP,20164,Rio da Mata,Characidium pterostictum,-25.3305556,-49.7838889,09,10,2014
Brasil,ParanÃ¡,Campo Largo,NUP,20172,Rio Santa Cruz,Characidium pterostictum,-25.3244444,-49.7916667,09,10,2014
Brasil,ParanÃ¡,Ponta Grossa,NUP,20184,Rio do Jacui,Characidium pterostictum,-25.255,-49.7858333,10,10,2014
Brasil,ParanÃ¡,Dr. Ulysses,NUP,20503,Riacho de nome desconhecido,Characidium pterostictum,-24.628889,-49.465556,20,07,2018
Brasil,Rio Grande do Sul,SÃ£o Nicolau,NUP,24806,Rio Piratinim,Characidium pterostictum,-28.520447,-55.441389,21,05,2018
Brasil,Santa Catarina,Timbe Do Sul,NUP,26052,Rio Amola-faca,Characidium pterostictum,-28.839722,-49.8,18,12,2015
Brasil,ParanÃ¡,Quatro Barras,NUP,26119,Rio Taquari,Characidium pterostictum,-25.3425,-48.931944,01,03,2025
Brasil,SÃ£o Paulo,Sao Miguel Arcanjo,NUP,6712,RibeirÃ£o TemÃ­vel,Characidium pterostictum,-24.1266667,-47.9913889,19,02,2009
Brasil,SÃ£o Paulo,Sete Barras,NUP,6724,CÃ³rrego das Laranjeiras,Characidium pterostictum,-24.3461111,-47.9475,25,02,2009
Brasil,Santa Catarina,Itapoa,NUP,9438,Riacho de nome desconhecido,Characidium pterostictum,-26.1422222,-48.6,11,01,2010
Brasil,Rio Grande do Sul,Alegrete,NUP,19088,Arroio Carvoraci,Characidium rachavii,-29.7206,-56.0914,12,02,2017
Brasil,Rio Grande do Sul,Alegrete,NUP,26513,Arroio InhandÃº,Characidium rachovii,-29.668611,-56.056667,12,02,2017
Brasil,ParanÃ¡,JaguariaÃ­va,NUP,19250,Riacho de nome desconhecido,Characidium schubarti,-24.205556,-49.635833,06,06,2017
Brasil,ParanÃ¡,JaguariaÃ­va,NUP,20298,Riacho de nome desconhecido,Characidium schubarti,-24.205556,-49.635833,06,06,2017
Brasil,ParanÃ¡,JaguariaÃ­va,NUP,20459,Riacho de nome desconhecido,Characidium schubarti,-24.426111,-49.678333,19,07,2018
Brasil,ParanÃ¡,JaguariaÃ­va,NUP,21077,Riacho de nome desconhecido,Characidium schubarti,-24.471944,-49.491111,19,07,2018
Brasil,Mato Grosso,Sapezal,NUP,11063,Rio Papagaio,Characidium sp.,-13.5616667,-58.4069444,17,09,2010
Brasil,Mato Grosso do Sul,Nova Andradina,NUP,11784,Lagoa do Cervo (LCER),Characidium sp.,-22.7747222,-53.4961111,16,03,2011
Brasil,Mato Grosso do Sul,CorumbÃ¡,NUP,12652,Lagoa 17,Characidium sp.,-19.5833333,-56.99,25,08,2011
Brasil,Mato Grosso do Sul,Terenos,NUP,13365,RibeirÃ£o Salobra,Characidium sp.,-20.3263889,-55.21,07,01,2012
Brasil,Santa Catarina,Massaranduba,NUP,14241,Riacho de nome desconhecido,Characidium sp.,-26.5872222,-49.0111111,01,04,2012
Brasil,ParanÃ¡,CapitÃ£o LeÃ#?#nidas Marques,NUP,1634,ReservatÃ³rio Caxias,Characidium sp.,-25.5366667,-53.4863889,15,02,2001
Brasil,Minas Gerais,Fruta de Leite,NUP,16884,Rio Vacaria,Characidium sp.,-16.2036111,-42.5811111,02,09,2013
Brasil,Mato Grosso do Sul,Antonio Joao,NUP,17610,CÃ³rrego Cabeceira Comprida,Characidium sp.,-22.17139,-56.19987,29,04,2015
Brasil,ParanÃ¡,CapitÃ£o LeÃ#?#nidas Marques,NUP,18056,CÃ³rrego CaÃ§ula,Characidium sp.,-25.520833,-53.600833,15,12,2014
Brasil,Mato Grosso do Sul,BatayporÃ£,NUP,20982,Rio BaÃ­a,Characidium sp.,-22.677692,-53.217597,05,08,2018
Brasil,ParanÃ¡,Saudades do IguaÃ§u,NUP,2110,ReservatÃ³rio Salto Santiago (rio IguaÃ§u),Characidium sp.,-25.6333333,-52.6,20,05,2004
Brasil,Mato Grosso do Sul,AlcinÃ³polis,NUP,21487,RibeirÃ£o Bom Futuro,Characidium sp.,-18.132333,-53.752444,03,08,2018
Brasil,Mato Grosso do Sul,AlcinÃ³polis,NUP,21504,CÃ³rrego de nome desconhecido,Characidium sp.,-18.25,-53.761667,03,08,2018
Brasil,Mato Grosso,Jaciara,NUP,21525,CÃ³rrego de nome desconhecido,Characidium sp.,-15.941722,-55.061667,23,08,2018
Brasil,Mato Grosso,Sinop,NUP,22685,Rio Teles Pires,Characidium sp.,-11.584167,-55.99,14,08,2018
Brasil,GoiÃ¡s,ChapadÃ£o do CÃ©u divisa com SerranÃ³polis,NUP,2314,Rio Jacuba,Characidium sp.,-18.133333,-52.733333,23,09,1999
Brasil,RondÃ#?#nia,Alta Floresta d'Oeste,NUP,23213,Rio Branco,Characidium sp.,-11.930833,-62.1525,23,11,2019
Brasil,ParanÃ¡,Farol,NUP,23350,CÃ³rrego Honorata,Characidium sp.,-24.050169,-52.695556,23,10,2021
Brasil,ParanÃ¡,Quatro Barras,NUP,25761,Rio Taquari,Characidium sp.,-25.338889000000002,-48.929444,20,01,2024
Brasil,Mato Grosso do Sul,AlcinÃ³polis,NUP,26565,CÃ³rrego de nome desconhecido,Characidium sp.,-18.272833,-53.88975,04,08,2018
Brasil,Mato Grosso do Sul,Taquarussu,NUP,26767,Lagoa dos Patos,Characidium sp.,-22.818056,-53.551944,18,10,1993
Brasil,Mato Grosso do Sul,Taquarussu,NUP,26768,Rio BaÃ­a,Characidium sp.,-22.721667,-53.296667,18,11,1993
Brasil,ParanÃ¡,Piraquara,NUP,2802,ReservatÃ³rio IraÃ­,Characidium sp.,-25.4233333,-49.1127778,01,03,2002
Brasil,ParanÃ¡,Ponta Grossa,NUP,3444,Rio Verde,Characidium sp.,-25.0763889,-50.0675,06,09,2004
Brasil,Mato Grosso do Sul,Nova Alvorada Do Sul,NUP,3450,Lagoa da EsperanÃ§a,Characidium sp.,-21.463479,-54.377704,21,09,1994
Brasil,Mato Grosso do Sul,Taquarussu,NUP,3451,Lagoa do Rodrigo,Characidium sp.,-22.4166667,-53.0166667,29,02,2000
Brasil,ParanÃ¡,Porto Rico,NUP,347,Riacho Caracu,Characidium sp.,-22.6666667,-53.25,15,03,1991
Brasil,ParanÃ¡,Marechal CÃ¢ndido Rondon,NUP,3606,Riacho Curvado,Characidium sp.,-24.5655556,-54.1502778,02,12,2004
Brasil,ParanÃ¡,Saudade do IguaÃ§u,NUP,4331,ReservatÃ³rio Salto Santiago (rio IguaÃ§u-Iate Clube),Characidium sp.,-25.745,-52.2508333,01,04,2005
Brasil,ParanÃ¡,Saudade do IguaÃ§u,NUP,4332,ReservatÃ³rio Salto Santiago (rio IguaÃ§u-Iate Clube),Characidium sp.,-25.745,-52.2508333,01,09,2004
Brasil,ParanÃ¡,Marialva,NUP,5811,Rio Keller,Characidium sp.,-23.6416667,-51.8591667,12,04,2008
Brasil,ParanÃ¡,CapitÃ£o LeÃ#?#nidas Marques,NUP,712,ReservatÃ³rio Caxias,Characidium sp.,-25.5366667,-53.4863889,13,08,1997
Brasil,ParanÃ¡,Santo Antonio Do Sudoeste,NUP,8706,Rio Aurora,Characidium sp.,-26.0333333,-53.7,04,01,2009
Brasil,ParanÃ¡,Santo Antonio Do Sudoeste,NUP,8732,Rio Valdomeira,Characidium sp.,-25.9980556,-53.6580556,06,01,2009
Brasil,Minas Gerais,Santa Barbara Do Tugurio,NUP,9655,Rio Pomba,Characidium sp.,-21.2352778,-43.5138889,19,05,2009
Brasil,Minas Gerais,Bom Despacho,NUP,21367,CÃ³rrego de nome desconhecido,Characidium sp.1,-19.56275,-45.334278,26,07,2018
Brasil,Mato Grosso do Sul,Figueirao,NUP,21412,CÃ³rrego Ãgua Limpa,Characidium sp.1,-18.64125,-53.808333,31,07,2018
Brasil,ParanÃ¡,Cruz Machado,NUP,15707,Riacho de nome desconhecido,Characidium sp. 1,-25.9466667,-51.3958333,24,01,2014
Brasil,ParanÃ¡,Cruz Machado,NUP,15876,Riacho de nome desconhecido,Characidium sp. 1,-25.9466667,-51.3958333,24,01,2014
Brasil,Mato Grosso do Sul,CamapuÃ£,NUP,21382,CÃ³rrego Barreirinho,Characidium sp. 1,-19.425444,-53.937306,29,07,2018
Brasil,Mato Grosso do Sul,CamapuÃ£,NUP,21399,CÃ³rrego Saltinho,Characidium sp. 1,-19.463889000000002,-53.979583,28,07,2018
Brasil,Mato Grosso do Sul,Pedro Gomes,NUP,21495,CÃ³rrego de nome desconhecido,Characidium sp. 1,-18.183028,-54.561972,05,08,2018
Brasil,Mato Grosso do Sul,Coxim,NUP,21497,CÃ³rrego de nome desconhecido,Characidium sp. 1,-18.362639,-54.395972,04,08,2018
Brasil,Mato Grosso do Sul,Coxim,NUP,21515,CÃ³rrego Mutum,Characidium sp. 1,-18.632167,-54.360389,06,08,2018
Brasil,Mato Grosso do Sul,AlcinÃ³polis,NUP,21580,RibeirÃ£o do Retiro,Characidium sp. 1,-18.335917,-53.741222,04,08,2018
Brasil,Mato Grosso,Itiquira,NUP,21596,CÃ³rrego Cambraia,Characidium sp. 1,-17.227833,-54.174189,30,08,2018
Brasil,Mato Grosso do Sul,Coxim,NUP,21602,CÃ³rrego da PÃ³lvora,Characidium sp. 1,-18.279611,54.131476,04,08,2018
Brasil,Mato Grosso do Sul,AlcinÃ³polis,NUP,21638,CÃ³rrego de nome desconhecido,Characidium sp. 1,-18.266639,-53.728556,03,08,2018
Brasil,Mato Grosso,ChapadÃ£o do CÃ©u,NUP,2316,Rio Araguaia,Characidium sp. 1,-17.6913889,-53.2369444,08,12,1999
Brasil,ParanÃ¡,PinhÃ£o,NUP,25334,Rio MandaÃ§aia,Characidium sp. 1,-25.910833,-51.708611,19,04,2024
Brasil,ParanÃ¡,Cruz Machado,NUP,26558,Riacho de nome desconhecido,Characidium sp. 1,-25.9466667,-51.3958333,24,01,2014
Brasil,ParanÃ¡,Porto Amazonas,NUP,26770,PCH Cherobim,Characidium sp. 1,-25.543889,-49.876667,15,08,2025
Brasil,Mato Grosso,Chapada dos GuimarÃ£es,NUP,3326,CÃ³rrego SÃ£o Joaquim,Characidium sp. 1,-14.9333333,-55.65,01,07,2002
Brasil,Mato Grosso,Nobres,NUP,3365,CÃ³rrego Cancela,Characidium sp. 1,-14.7083333,-56.2641667,18,11,2002
Brasil,Tocantins,XambioÃ¡,NUP,8738,RibeirÃ£o Xambioazinho,Characidium sp. 1,-6.4636111,-48.5225,06,07,2009
Brasil,ParanÃ¡,Foz do IguaÃ§u,NUP,25444,Riacho Arroio Dourado,Characidium sp. 2,-25.581156,54.542232,31,08,2010
Brasil,ParanÃ¡,Foz do JordÃ£o,NUP,1655,ReservatÃ³rio JordÃ£o,Characidium sp. a,-25.5,-53.4166667,18,08,1995
Brasil,ParanÃ¡,CapitÃ£o LeÃ#?#nidas Marques,NUP,2069,ReservatÃ³rio Caxias,Characidium sp. a,-25.5366667,-53.4863889,01,07,1999
Brasil,Rio Grande do Sul,SÃ£o Nicolau,NUP,23405,Rio IbicuÃ­,Characidium spp.,-29.424722,-56.655556,11,01,2019
Brasil,Mato Grosso,Peixoto de Azevedo,NUP,24793,Rio Peixoto de Azevedo,Characidium steindachneri,-10.143611,-55.446667,07,10,2024
Brasil,Rio Grande do Sul,Alegrete,NUP,19078,Arroio Carvoraci,Characidium tenue,-29.7206,-56.0914,12,02,2017
Brasil,ParanÃ¡,Cruz Machado,NUP,15713,Rio Louro,Characidium travassosi,-25.8502778,-50.8416667,23,01,2014
Brasil,ParanÃ¡,Cruz Machado,NUP,15719,Rio Pedrinho,Characidium travassosi,-25.9466667,-51.0461111,23,01,2014
Brasil,ParanÃ¡,Inacio Martins,NUP,18877,Riacho Lajeado,Characidium travassosi,-25.5013889,-51.1694444,04,10,2015
Brasil,ParanÃ¡,Reserva do IguaÃ§u,NUP,24862,Rio Lageado das Torres,Characidium travassosi,-25.841117,-51.841656,07,10,2023
Brasil,ParanÃ¡,Palmas,NUP,25221,Riacho de nome desconhecido,Characidium travassosi,-26.438056,-51.695556,24,04,2024
Brasil,ParanÃ¡,Reserva do IguaÃ§u,NUP,25395,Riacho de nome desconhecido,Characidium travassosi,-25.84,-51.91,18,04,2024
Brasil,ParanÃ¡,Reserva do IguaÃ§u,NUP,25406,Riacho de nome desconhecido,Characidium travassosi,-25.870556,-51.908611,18,04,2024
Brasil,ParanÃ¡,Reserva do IguaÃ§u,NUP,25523,Riacho de nome desconhecido,Characidium travassosi,-25.870556,-51.908611,18,04,2024
Brasil,Minas Gerais,Carrancas,NUP,25755,Rio Capivari(Ponte da Estrada Real),Characidium urucum,-21.5125,-44.649167,10,10,2023
Brasil,Mato Grosso,Paranatinga,NUP,22595,Riacho de nome desconhecido,Characidium xavante,-14.113611,-54.420278,16,03,2019
Brasil,Mato Grosso,Paranatinga,NUP,22596,Riacho de nome desconhecido,Characidium xavante,-14.193889,-54.384444,07,05,2019
Brasil,Mato Grosso,Paranatinga,NUP,22597,Riacho de nome desconhecido,Characidium xavante,-14.114722,-54.421389,08,09,2019
Brasil,Mato Grosso,Primavera Do Leste,NUP,4107,CÃ³rrego Xavante,Characidium xavante,-14.64,-53.9272222,18,01,2002
Brasil,Mato Grosso,Primavera Do Leste,NUP,4108,CÃ³rrego Xavante,Characidium xavante,-14.64,-53.9272222,18,01,2002
Brasil,Minas Gerais,Carmo do Rio Claro,NUP,13122,CÃ³rrego de nome desconhecido,Characidium zebra,-20.9833333,-46.2333333,16,11,2008
Brasil,Minas Gerais,ConceicÃ§Ã£o da Aparecida,NUP,13123,CÃ³rrego de nome desconhecido,Characidium zebra,-20.9833333,-46.2333333,21,10,2011
Brasil,ParanÃ¡,Nova Bilac,NUP,13306,RibeirÃ£o Jacutinga,Characidium zebra,-23.2930556,-52.4172222,12,12,2011
Brasil,AmapÃ¡,Laranjal Do Jari,NUP,15282,Rio Pacanari,Characidium zebra,-0.6858333,-52.6030556,14,11,2013
Brasil,MaranhÃ£o,Alto ParnaÃ­ba,NUP,16317,Rio ParnaÃ­ba,Characidium zebra,-9.105,-45.9263889,01,08,2013
Brasil,ParanÃ¡,Palotina,NUP,16741,Rio SÃ£o Camilo,Characidium zebra,-24.3505556,-53.9008333,10,06,2013
Brasil,ParanÃ¡,Foz do IguaÃ§u,NUP,19631,Canal da Piracema,Characidium zebra,-25.4388889,-54.5558333,17,01,2017
Brasil,ParanÃ¡,Astorga,NUP,20065,Riacho Ãgua QueÃ§aba,Characidium zebra,-23.317777800000002,0,24,04,2017
Brasil,Mato Grosso,Alto Araguaia,NUP,20280,Rio Taquari,Characidium zebra,-17.993611,-53.737222,15,03,2018
Brasil,Rio Grande do Sul,Alpestre,NUP,21317,ReservatÃ³rio da UHE Foz do ChapecÃ³,Characidium zebra,-27.298611,-52.693056,12,01,2015
Brasil,ParanÃ¡,GuaÃ­ra a Foz do IguaÃ§u,NUP,23101,ReservatÃ³rio de Itaipu,Characidium zebra,-24.855,-54.351389,10,11,2018
Brasil,São Paulo,Sete Barras,ZUEC-PIS,2866,"Ribeirão da Serra, Parque Estadual Carlos Botelho",Characidium sp.,-24.2,-47.95,13,10,1990
Brasil,São Paulo,Sete Barras,ZUEC-PIS,2867,"Ribeirão da Serra, Parque Estadual Carlos Botelho",Characidium sp.,-24.2,-47.95,13,10,1990
Brasil,São Paulo,Sete Barras,ZUEC-PIS,2870,"Ribeirão da Serra, Parque Estadual Carlos Botelho",Characidium pterostictum,-24.2,-47.95,13,10,1990
Brasil,Mato Grosso,Poconé,ZUEC-PIS,3213,"Rio Piraputanga, Fazenda Ipiranga",Characidium laterale,-16.5,-56.75,19,05,1997
Brasil,São Paulo,Peruíbe,ZUEC-PIS,3380,"Rio Itinguçu, Estação Ecológica de Juréia-Itatins",Characidium sp. 1,-24.400833,-47.123889,30,01,1997
Brasil,São Paulo,Peruíbe,ZUEC-PIS,3381,"Rio Itinguçu, Estação Ecológica de Juréia-Itatins",Characidium pterostictum,-24.400833,-47.123889,30,01,1997
Brasil,São Paulo,Peruíbe,ZUEC-PIS,3382,"Rio Itinguçu, Estação Ecológica de Juréia-Itatins",Characidium lanei,-24.400833,-47.123889,NA,NA,NA
Brasil,São Paulo,Brotas,ZUEC-PIS,3670,Ribeirão do Pinheirinho,Characidium cf. zebra,-22.280278,-48.119722,20,02,1987
Brasil,São Paulo,Peruíbe,ZUEC-PIS,4047,"Rio Itinguçu, afluente do rio Una do Prelado, Estação Ecológica de Juréia-Itatins",Characidium pterostictum,-24.399722,-47.123611,27,03,1997
Brasil,São Paulo,Limeira,ZUEC-PIS,4208,"Ribeirão do Pilar, afluente do Rio Jaguari",Characidium cf. zebra,-22.56,-47.4,22,04,1978
Brasil,São Paulo,Anhembi,ZUEC-PIS,4415,Rio Água Fria,Characidium gomesi,-22.816667,-48.1,17,04,1978
Brasil,São Paulo,Ubatuba,ZUEC-PIS,4417,Ribeirão Ipiranguinha,Characidium lanei,-22.428611,-45.118889,06,05,1977
Brasil,Mato Grosso,Poconé,ZUEC-PIS,4519,"Rodovia Transpantaneira, km 24",Characidium cf. laterale,-16.583333,-56.75,27,05,1998
Brasil,São Paulo,Cabreúva,ZUEC-PIS,4617,NA,Characidium oiticicai,0,-47.13,02,04,1978
Brasil,Espírito Santo,Santa Teresa,ZUEC-PIS,5143,Nova Lombardia,Characidium timbuiense,-19.935833,-40.6,08,01,1993
Brasil,São Paulo,Cananéia,ZUEC-PIS,5507,Ilha do Cardoso,Characidium lauroi,-25.066667,-47.916667,15,10,1978
Brasil,São Paulo,Sete Barras,ZUEC-PIS,5515,"Ribeirão da Serra, Parque Estadual Carlos Botelho",Characidium pterostictum,-24.2,-47.95,28,04,1990
Brasil,São Paulo,Iguape,ZUEC-PIS,5526,"Ribeirão da Batalha, cabeceira do rio Peropava",Characidium lanei,-24.700278,-47.549722,19,06,1981
Brasil,Rio de Janeiro,Itatiaia,ZUEC-PIS,5559,Rio Bonito,Characidium lauroi,-22.496111,-44.563056,30,01,2002
Brasil,São Paulo,Limeira,ZUEC-PIS,5624,"Ribeirão do Pilar, afluente do Rio Jaguari",Characidium cf. zebra,-22.56,-47.4,12,01,1979
Brasil,São Paulo,Limeira,ZUEC-PIS,5629,"Ribeirão do Pilar, afluente do Rio Jaguari",Characidium cf. zebra,-22.56,-47.4,27,05,1978
Brasil,Mato Grosso,Santo Antônio de Leverger,ZUEC-PIS,5798,"Rio Cuiabá, Volta Grande",Characidium sp.,-15.916667,-56,07,07,1978
Brasil,Amazonas,Manaus,ZUEC-PIS,5929,Fazenda Dimona,Characidium pteroides,-3.101944,-60.025,28,08,2002
Brasil,Mato Grosso,Peixoto de Azevedo,ZUEC-PIS,5998,"Rio Peixoto de Azevedo (afl. do rio Teles Pires), fazenda São José",Characidium steindachneri,-10.166667,-54.833333,01,08,1978
Brasil,Mato Grosso,Poconé,ZUEC-PIS,6037,"Rodovia Transpantaneira, próximo da base do IBDF",Characidium borellii,-16.256944,-56.622778,21,07,1978
Brasil,Minas Gerais,Rio Manso,ZUEC-PIS,6389,"Córrego Pinguela, afl. rio Paraopeba (bacia do rio São Francisco)",Characidium fasciatum,-20.276944,-44.305,01,04,2011
Brasil,Goiás,Niquelândia,ZUEC-PIS,6436,Ribeirão Engenho (bacia do rio das Almas/rio Tocantins),Characidium sp.,-14.390278,-48.383333,28,05,2011
Guiana,Potaro-Siparuni,NA,ZUEC-PIS,6561,"Rio Kuribrong, corredeiras abaixo do acampamento ?Upstream Kuribrong""",Characidium amaila,5.351944,-59.545833,21,03,2011
Brasil,Mato Grosso,Poconé,ZUEC-PIS,6619,"Rio Pixaim, rodovia Transpantaneira",Characidium sp.,-16.75,-56.85,10,07,1981
Brasil,Mato Grosso,Poconé,ZUEC-PIS,6660,"Rio Piraputanga, Fazenda Ipiranga",Characidium sp.,-16.5,-56.75,14,06,1998
Brasil,Mato Grosso,Poconé,ZUEC-PIS,6687,"Rio Piraputanga, Fazenda Ipiranga",Characidium sp.,-16.5,-56.75,28,05,1998
Brasil,São Paulo,Limeira,ZUEC-PIS,6741,"Ribeirão do Pilar, afluente do Rio Jaguari",Characidium cf. zebra,-22.559999,-47.400002,01,01,1980
Brasil,Amazonas,Rio Preto da Eva,ZUEC-PIS,6763,"Rio Preto da Eva, estrada Itacoatiara/Manaus, Km 80",Characidium sp.,-2.7,-59.7,19,03,1976
Brasil,Minas Gerais,Esmeraldas,ZUEC-PIS,6778,"Fazenda Paraíso (lagoas marginais), bacia do Rio Paraopeba/São Francisco",Characidium lagosantense,-19.8,-44.166667,01,04,1977
Brasil,Mato Grosso,Chapada dos Guimarães,ZUEC-PIS,6802,Rio Claro (região das cabeceiras),Characidium cf. zebra,-15.333333,-55.883333,11,03,1984
Brasil,Minas Gerais,Grão Mogol,ZUEC-PIS,6876,Rio Itacambiruçu,Characidium sp.,-16.587778,-42.814722,01,09,2011
Brasil,Minas Gerais,Grão Mogol,ZUEC-PIS,6925,Rio Itacambiruçú,Characidium sp.,-16.5975,-42.835,01,11,2011
Brasil,Minas Gerais,Rio Manso,ZUEC-PIS,7014,Córrego da Pinguela (afl. Rio Paropeba),Characidium fasciatum,-20.275244,-44.304961,01,04,2011
Brasil,Goiás,Pilar de Goiás,ZUEC-PIS,7134,Região da Cachoeira de Ogó (bacia do Rio das Almas),Characidium sp.,-14.766667,-49.566667,01,07,2011
Brasil,Minas Gerais,Lagoa Santa,ZUEC-PIS,7285,"Córrego Samambaia (bacia do rio das Velhas), jusante da gruta das Pacas",Characidium fasciatum,-19.5625,-43.965556,26,05,2012
Brasil,Mato Grosso,Poconé,ZUEC-PIS,7294,"Rodovia Transpantaneira, Km 20",Characidium sp.,-16.256701,-56.622799,01,10,1986
Brasil,São Paulo,Itanhaém,ZUEC-PIS,7380,3Km da BR-101,Characidium lanei,-24.219139,-46.923528,18,09,2011
Brasil,Minas Gerais,Serro,ZUEC-PIS,7601,"Rio Ouro Limpo, cascata dos Malheiros",Characidium sp.,-18.651667,-43.446111,04,03,2003
Brasil,Minas Gerais,Santana do Riacho,ZUEC-PIS,7632,"Serra do Cipó, Cardeal Mota, Cachoeira Fazenda da Lapa Grande",Characidium fasciatum,-19.348056,-43.640833,09,03,2003
Brasil,Bahia,Mucuri,ZUEC-PIS,7679,Rio Mucuri (parte do estuário),Characidium timbuiense,-18.916667,-39.566667,01,01,1995
Brasil,Bahia,Mucuri,ZUEC-PIS,7683,Próximo à ponte do rio Mucuri (BR101),Characidium sp.,-18.098611,-39.893056,01,01,1995
Brasil,Bahia,Mucuri,ZUEC-PIS,7687,"Rio Mucuri, próximo ao efluente da Fábrica Bahia Sul Celulose AS",Characidium sp.,-18.05,-39.933333,01,01,1995
Brasil,Bahia,Mucuri,ZUEC-PIS,7705,"Rio Mucuri, próximo ao efluente da Fábrica Bahia Sul Celulose AS",Characidium timbuiense,-18.05,-39.933333,01,01,1995
Brasil,Bahia,Mucuri,ZUEC-PIS,7712,Próximo à ponte do rio Mucuri (BR101),Characidium timbuiense,-18.098611,-39.893056,01,01,1995
Brasil,São Paulo,Campinas,ZUEC-PIS,7885,"Bacia do Rio Capivari, arredores de Viracopos",Characidium cf. zebra,-23.037778,-47.151389,01,07,2012
Brasil,São Paulo,Campinas,ZUEC-PIS,7915,"Bacia do Rio Capivari, arredores de Viracopos",Characidium cf. zebra,-23.037778,-47.151389,01,12,2012
Brasil,Goiás,Pirenópolis,ZUEC-PIS,8003,Rio das Almas,Characidium cf. zebra,-15.846361,-48.921528,26,01,2014
Brasil,Minas Gerais,São José do Mantimento,ZUEC-PIS,8161,"Rio José Pedro, rio Manhuaçu (bacia do rio Doce)",Characidium aff. timbuiense,-20.048333,-41.746944,28,09,2013
Brasil,Minas Gerais,São José do Mantimento,ZUEC-PIS,8169,"Rio José Pedro, rio Manhuaçu (bacia do rio Doce)",Characidium cf. alipioi,-20.015833,-41.735278,25,09,2013
Brasil,Minas Gerais,Governador Valadares,ZUEC-PIS,8189,STP UHE Baguari (bacia do rio Doce),Characidium aff. timbuiense,-19.022222,-42.124444,01,12,2012
Brasil,Pará,Santarém,ZUEC-PIS,8835,"Rio Mentaí, Comunidade de Cachoeirinha",Characidium papachibe,-2.722778,-55.603889,17,11,2013
Brasil,Pará,Santarém,ZUEC-PIS,8960,"Lago do Pajaú (ou Tamoatá), rio Amazonas",Characidium sp.,-2.191389,-54.857778,21,11,2013
Brasil,Pará,Curuá,ZUEC-PIS,8997,"Lago Preto, Costa do Cruzeiro (rio Amazonas)",Characidium sp.,-2.106111,-55.171389,22,11,2013
Brasil,Pará,Marabá,ZUEC-PIS,9066,"Igarapé afl. do rio Tapirapé, Cachoeirinha, Rebio Tapirapé",Characidium sp.,-5.542778,-50.666389,01,12,2008
Brasil,Mato Grosso,Aripuanã,ZUEC-PIS,9151,"Rio Aripuanã, Cachoeira de Andorinhas",Characidium cf. crandellii,-10.166667,-59.456111,01,10,2004
Brasil,Mato Grosso,Aripuanã,ZUEC-PIS,9173,"Rio Aripuanã, Cachoeira de Andorinhas",Characidium sp.,-10.166667,-59.456111,01,10,2004
Brasil,Mato Grosso,Aripuanã,ZUEC-PIS,9710,"Rio Aripuanã, a cima do Salto de Dardanelos/Andorinhas",Characidium sp.,-10.165,-59.456944,06,04,2004
Brasil,Rondônia,Porto Velho,ZUEC-PIS,9942,"Rio Madeira, cachoeira do Girau",Characidium cf. zebra,-9.328611,-64.729444,15,08,2004
Brasil,NA,NA,NHM-LONDON-ZOO,1979.3.20.217-219,"River Jurua, stream near Caravari, Brazil",Characidium,0,0,1,1,1978
Paraguai,NA,NA,NHM-LONDON-ZOO,1895.5.17.128,Monte Sociedad,Characidium lateralis,0,0,NA,NA,NA
Brasil,NA,NA,NHM-LONDON-ZOO,1902.2.10.28,River Coxipo,Characidium lateralis,0,0,NA,NA,NA
Brasil,Espírito Santo,Pancas,MBML-PEIXES,6624,Cachoeira do Giles.,Characidium sp.,-19.225,-40.851398,24,05,2012
Brasil,Mato Grosso do Sul,Selvíria,LAPEISA-ZOO,576,"Rio Dois córregos, afluente do Rio Paraná, drenagem do Rio Paraná, alto Rio Paraná, Selvíria, Mato Grosso do Sul, Brasil.",Characidium fasciatum,-20.417158,-51.478069,25,09,2012
Brasil,Goias,Cristalina,LAPEISA-ZOO,575,"Córrego Jambeiro, afluente do Rio São Marcos, drenagem do Rio Paranaíba, alto Paraná, Cristalina, Goias, Brasil.",Characidium indet.,-16.7686,-47.613602,NA,NA,NA
Brasil,São Paulo,Ilha Solteira,LAPEISA-ZOO,663,"Riacho do assentamento, afluente do Rio Paraná, alto Rio Paraná, Ilha Solteira, São Paulo, Brasil.",Characidium zebra,-20.534789,-51.438831,NA,NA,NA
Brasil,Mato Grosso,Cáceres,LIPAN,130,Baía dos Malheiros,Characidium laterale,-16.063611,-57.701389,21,9,2018
Brasil,Mato Grosso,Cáceres,LIPAN,16,Baía dos Malheiros,Characidium aff. zebra,-16.063611,-57.701389,20,8,2015
Brasil,Mato Grosso,Cáceres,LIPAN,7,Baía Caiçara,Characidium laterale,-16.118278,-57.736111,14,6,2014
Brasil,Mato Grosso,São José do Rio Claro,ZUEC-PIS,10065,"Rio Claro, acima da estrada MT-235",Characidium sp.,-13.866667,-56.683333,12,05,2007
Brasil,Mato Grosso,São José do Rio Claro,ZUEC-PIS,10161,"Rio Claro, acima da estrada MT-235",Characidium steindachneri,-13.856389,-56.686389,06,05,2007
Brasil,Mato Grosso,São José do Rio Claro,ZUEC-PIS,10231,"Rio Claro, abaixo da estrada MT-235",Characidium steindachneri,-13.799167,-56.697222,15,05,2007
Brasil,Mato Grosso,São José do Rio Claro,ZUEC-PIS,10277,"Rio Claro, abaixo da estrada MT-235",Characidium sp.,-13.793889,-56.702778,11,05,2007
Brasil,Mato Grosso,São José do Rio Claro,ZUEC-PIS,10289,"Córrego da Sucuri (foz), afluente rio Claro",Characidium sp.,-13.848056,-56.6975,09,05,2007
Brasil,Mato Grosso,Lucas do Rio Verde,ZUEC-PIS,10376,"Rio Verde, abaixo de Lucas do Rio Verde",Characidium sp.,-13.043333,-55.906944,12,04,2007
Brasil,Mato Grosso,Lucas do Rio Verde,ZUEC-PIS,10452,"Rio Verde, abaixo de Lucas do Rio Verde",Characidium sp.,-12.995278,-55.914167,13,04,2007
Brasil,Mato Grosso,Aripuanã,ZUEC-PIS,10528,"Rio Aripuanã, jusante do Salto de Dardanelos",Characidium cf. crandellii,-10.163611,-59.45,01,10,2004
Brasil,Mato Grosso,Aripuanã,ZUEC-PIS,10532,"Rio Aripuanã, jusante do Salto de Dardanelos",Characidium cf. zebra,-10.163611,-59.45,01,10,2004
Brasil,Mato Grosso,Apiacás,ZUEC-PIS,10663,Rio Apiacás (afl. rio Teles Pires),Characidium cf. steindachneri,-9.191667,-57.063056,02,09,2008
Brasil,São Paulo,Jaú,ZUEC-PIS,11007,"Fazenda Salto São Pedro, Pouso Alegre",Characidium zebra,-22.215556,-48.62,23,10,2013
Brasil,Pará,Marabá,ZUEC-PIS,11171,"Rio Tapirapé, sítio Tatuzão, Rebio Tapirapé",Characidium sp.,-5.595833,-50.458611,01,12,2008
Brasil,Mato Grosso,Lucas do Rio Verde,ZUEC-PIS,11460,"Rio Verde, abaixo de Lucas do Rio Verde",Characidium sp.,-12.963889,-55.928056,14,04,2007
Brasil,Pará,Santarém,ZUEC-PIS,11874,"Rio Arapiuns, Ilha do Papagaio",Characidium cf. longum,-2.631111,-55.577778,26,11,2015
Brasil,Pará,Monte Alegre,ZUEC-PIS,12126,"Rio Maicuru, na Estrada PA - 254",Characidium hasemani,-1.613611,-54.376667,03,12,2015
Brasil,Pará,Monte Alegre,ZUEC-PIS,12217,"Igarapé Açú, na estrada PA - 423",Characidium cf. zebra,-1.8175,-54.213333,02,12,2015
Brasil,São Paulo,Peruíbe,ZUEC-PIS,12263,Rio do Ouro (bacia do rio Itanhaém),Characidium cf. schubarti,-24.1925,-47.024444,14,05,2015
Brasil,São Paulo,Peruíbe,ZUEC-PIS,12269,"Rio do Ouro, afl. rio Preto, bacia do rio Itanhaém",Characidium sp.,-24.183056,-47.001667,09,05,2014
Brasil,São Paulo,Itanhaém,ZUEC-PIS,12270,Afl. rio Branco (bacia do rio Itanhaém),Characidium sp.,-24.043333,-46.7425,25,06,2014
Brasil,São Paulo,Peruíbe,ZUEC-PIS,12271,Afl. rio Preto (bacia do rio Itanhaém),Characidium cf. schubarti,-24.1425,-47.006944,30,07,2014
Brasil,São Paulo,Itanhaém,ZUEC-PIS,12272,Afl. rio Branco (bacia do rio Itanhaém),Characidium sp.,-24.043333,-46.7425,25,06,2014
Brasil,Pará,Primavera,ZUEC-PIS,12895,Rio dos Peixes (afl. rio Primavera),Characidium sp.,-0.947222,-47.074167,31,05,2011
Brasil,Pará,Primavera,ZUEC-PIS,12910,Rio Bacabal (afl. rio Primavera),Characidium sp.,-0.935833,-47.115278000000004,25,05,2011
Brasil,Acre,Cruzeiro do Sul,ZUEC-PIS,13292,"Igarapé Canela Fina (afl. rio Juruá), balneário do Canhoto, na estrada para Guajará",Characidium sp.,-7.567222,-72.661111,24,09,2016
Brasil,Mato Grosso do Sul,Bonito,DZSJRP-PISCES,13725,"Córrego Seco, propriedade Sr. Roberval, Eco-Chacara Sta Lucia",Characidium fasciatum,-21.035,-56.615,24,09,2008
Brasil,Minas Gerais,Tres Marias,DZSJRP-PISCES,2433,Rio São Francisco,Characidium fasciatum,-18.18917,-45.25472,01,01,1984
Brasil,São Paulo,Nova Granada,DZSJRP-PISCES,9353,"Lagoa Federal, rio Turvo",Characidium zebra,-20.37972,-49.27722,29,03,2006
Brasil,Rondônia,Nova Brasilandia D'Oeste,DZSJRP-PISCES,14644,"Bacia do rio Machado, drenagem do rio Madeira, ponto 9.",Characidium zebra,-11.72694,-62.27917,29,08,2011
Brasil,Minas Gerais,Ibia,DZSJRP-PISCES,8714,"Riacho na rod Mario Rodrigues de Paiva, vicinal (terra) BR262, antes Araxá",Characidium zebra,-19.54861,-46.83417,07,09,2006
Brasil,Goias,Planaltina,DZSJRP-PISCES,22708,Afluente da margem esquerda do Ribeirão Cocal,Characidium xanthopterum,-15.1358972222,-48.5580555556,09,01,2019
Brasil,São Paulo,NA,DZSJRP-PISCES,683,"Córrego da Barra Funda, desembocadura, afluente rio Preto, rio Grande",Characidium fasciatum,-20.60889,-49.42028,08,05,1982
Brasil,Rondônia,Machadinho D'Oeste,DZSJRP-PISCES,14915,"Drenagem do rio Madeira, bacia do rio Machado. Ponto 15",Characidium zebra,-9.36306,-62.17194,08,09,2011
